#include <array>

namespace mrpa {

extern constexpr std::array<unsigned char, 91252> xsd1 = {
  0x3c, 0x3f, 0x78, 0x6d, 0x6c, 0x20, 0x76, 0x65, 0x72, 0x73, 0x69, 0x6f, 0x6e,
  0x3d, 0x22, 0x31, 0x2e, 0x30, 0x22, 0x20, 0x65, 0x6e, 0x63, 0x6f, 0x64, 0x69,
  0x6e, 0x67, 0x3d, 0x22, 0x55, 0x54, 0x46, 0x2d, 0x38, 0x22, 0x3f, 0x3e, 0x0d,
  0x0a, 0x3c, 0x21, 0x2d, 0x2d, 0x20, 0x65, 0x64, 0x69, 0x74, 0x65, 0x64, 0x20,
  0x77, 0x69, 0x74, 0x68, 0x20, 0x58, 0x4d, 0x4c, 0x53, 0x70, 0x79, 0x20, 0x76,
  0x32, 0x30, 0x30, 0x36, 0x20, 0x73, 0x70, 0x32, 0x20, 0x55, 0x20, 0x28, 0x68,
  0x74, 0x74, 0x70, 0x3a, 0x2f, 0x2f, 0x77, 0x77, 0x77, 0x2e, 0x61, 0x6c, 0x74,
  0x6f, 0x76, 0x61, 0x2e, 0x63, 0x6f, 0x6d, 0x29, 0x20, 0x62, 0x79, 0x20, 0x56,
  0x49, 0x20, 0x28, 0x47, 0x4e, 0x49, 0x56, 0x43, 0x20, 0x46, 0x4e, 0x53, 0x20,
  0x52, 0x46, 0x29, 0x20, 0x2d, 0x2d, 0x3e, 0x0d, 0x0a, 0x3c, 0x78, 0x73, 0x3a,
  0x73, 0x63, 0x68, 0x65, 0x6d, 0x61, 0x20, 0x78, 0x6d, 0x6c, 0x6e, 0x73, 0x3a,
  0x78, 0x73, 0x3d, 0x22, 0x68, 0x74, 0x74, 0x70, 0x3a, 0x2f, 0x2f, 0x77, 0x77,
  0x77, 0x2e, 0x77, 0x33, 0x2e, 0x6f, 0x72, 0x67, 0x2f, 0x32, 0x30, 0x30, 0x31,
  0x2f, 0x58, 0x4d, 0x4c, 0x53, 0x63, 0x68, 0x65, 0x6d, 0x61, 0x22, 0x20, 0x78,
  0x6d, 0x6c, 0x6e, 0x73, 0x3d, 0x22, 0x75, 0x72, 0x6e, 0x3a, 0x2f, 0x2f, 0x78,
  0x2d, 0x61, 0x72, 0x74, 0x65, 0x66, 0x61, 0x63, 0x74, 0x73, 0x2f, 0x45, 0x4d,
  0x43, 0x48, 0x44, 0x5f, 0x31, 0x22, 0x20, 0x74, 0x61, 0x72, 0x67, 0x65, 0x74,
  0x4e, 0x61, 0x6d, 0x65, 0x73, 0x70, 0x61, 0x63, 0x65, 0x3d, 0x22, 0x75, 0x72,
  0x6e, 0x3a, 0x2f, 0x2f, 0x78, 0x2d, 0x61, 0x72, 0x74, 0x65, 0x66, 0x61, 0x63,
  0x74, 0x73, 0x2f, 0x45, 0x4d, 0x43, 0x48, 0x44, 0x5f, 0x31, 0x22, 0x20, 0x65,
  0x6c, 0x65, 0x6d, 0x65, 0x6e, 0x74, 0x46, 0x6f, 0x72, 0x6d, 0x44, 0x65, 0x66,
  0x61, 0x75, 0x6c, 0x74, 0x3d, 0x22, 0x71, 0x75, 0x61, 0x6c, 0x69, 0x66, 0x69,
  0x65, 0x64, 0x22, 0x20, 0x61, 0x74, 0x74, 0x72, 0x69, 0x62, 0x75, 0x74, 0x65,
  0x46, 0x6f, 0x72, 0x6d, 0x44, 0x65, 0x66, 0x61, 0x75, 0x6c, 0x74, 0x3d, 0x22,
  0x75, 0x6e, 0x71, 0x75, 0x61, 0x6c, 0x69, 0x66, 0x69, 0x65, 0x64, 0x22, 0x3e,
  0x0d, 0x0a, 0x09, 0x3c, 0x78, 0x73, 0x3a, 0x65, 0x6c, 0x65, 0x6d, 0x65, 0x6e,
  0x74, 0x20, 0x6e, 0x61, 0x6d, 0x65, 0x3d, 0x22, 0xd0, 0x94, 0xd0, 0xbe, 0xd0,
  0xb2, 0xd0, 0xb5, 0xd1, 0x80, 0xd0, 0xb5, 0xd0, 0xbd, 0xd0, 0xbd, 0xd0, 0xbe,
  0xd1, 0x81, 0xd1, 0x82, 0xd1, 0x8c, 0x22, 0x3e, 0x0d, 0x0a, 0x09, 0x09, 0x3c,
  0x78, 0x73, 0x3a, 0x61, 0x6e, 0x6e, 0x6f, 0x74, 0x61, 0x74, 0x69, 0x6f, 0x6e,
  0x3e, 0x0d, 0x0a, 0x09, 0x09, 0x09, 0x3c, 0x78, 0x73, 0x3a, 0x64, 0x6f, 0x63,
  0x75, 0x6d, 0x65, 0x6e, 0x74, 0x61, 0x74, 0x69, 0x6f, 0x6e, 0x3e, 0xd0, 0xa1,
  0xd0, 0xb2, 0xd0, 0xb5, 0xd0, 0xb4, 0xd0, 0xb5, 0xd0, 0xbd, 0xd0, 0xb8, 0xd1,
  0x8f, 0x20, 0xd0, 0xbe, 0x20, 0xd0, 0xb4, 0xd0, 0xbe, 0xd0, 0xb2, 0xd0, 0xb5,
  0xd1, 0x80, 0xd0, 0xb5, 0xd0, 0xbd, 0xd0, 0xbd, 0xd0, 0xbe, 0xd1, 0x81, 0xd1,
  0x82, 0xd0, 0xb8, 0x3c, 0x2f, 0x78, 0x73, 0x3a, 0x64, 0x6f, 0x63, 0x75, 0x6d,
  0x65, 0x6e, 0x74, 0x61, 0x74, 0x69, 0x6f, 0x6e, 0x3e, 0x0d, 0x0a, 0x09, 0x09,
  0x3c, 0x2f, 0x78, 0x73, 0x3a, 0x61, 0x6e, 0x6e, 0x6f, 0x74, 0x61, 0x74, 0x69,
  0x6f, 0x6e, 0x3e, 0x0d, 0x0a, 0x09, 0x09, 0x3c, 0x78, 0x73, 0x3a, 0x63, 0x6f,
  0x6d, 0x70, 0x6c, 0x65, 0x78, 0x54, 0x79, 0x70, 0x65, 0x3e, 0x0d, 0x0a, 0x09,
  0x09, 0x09, 0x3c, 0x78, 0x73, 0x3a, 0x73, 0x65, 0x71, 0x75, 0x65, 0x6e, 0x63,
  0x65, 0x3e, 0x0d, 0x0a, 0x09, 0x09, 0x09, 0x09, 0x3c, 0x78, 0x73, 0x3a, 0x65,
  0x6c, 0x65, 0x6d, 0x65, 0x6e, 0x74, 0x20, 0x6e, 0x61, 0x6d, 0x65, 0x3d, 0x22,
  0xd0, 0x98, 0xd0, 0xbd, 0xd0, 0xa1, 0xd0, 0xb2, 0xd0, 0xb5, 0xd0, 0xb4, 0x22,
  0x20, 0x6d, 0x69, 0x6e, 0x4f, 0x63, 0x63, 0x75, 0x72, 0x73, 0x3d, 0x22, 0x30,
  0x22, 0x3e, 0x0d, 0x0a, 0x09, 0x09, 0x09, 0x09, 0x09, 0x3c, 0x78, 0x73, 0x3a,
  0x61, 0x6e, 0x6e, 0x6f, 0x74, 0x61, 0x74, 0x69, 0x6f, 0x6e, 0x3e, 0x0d, 0x0a,
  0x09, 0x09, 0x09, 0x09, 0x09, 0x09, 0x3c, 0x78, 0x73, 0x3a, 0x64, 0x6f, 0x63,
  0x75, 0x6d, 0x65, 0x6e, 0x74, 0x61, 0x74, 0x69, 0x6f, 0x6e, 0x3e, 0xd0, 0x98,
  0xd0, 0xbd, 0xd1, 0x8b, 0xd0, 0xb5, 0x20, 0xd1, 0x81, 0xd0, 0xb2, 0xd0, 0xb5,
  0xd0, 0xb4, 0xd0, 0xb5, 0xd0, 0xbd, 0xd0, 0xb8, 0xd1, 0x8f, 0x3c, 0x2f, 0x78,
  0x73, 0x3a, 0x64, 0x6f, 0x63, 0x75, 0x6d, 0x65, 0x6e, 0x74, 0x61, 0x74, 0x69,
  0x6f, 0x6e, 0x3e, 0x0d, 0x0a, 0x09, 0x09, 0x09, 0x09, 0x09, 0x3c, 0x2f, 0x78,
  0x73, 0x3a, 0x61, 0x6e, 0x6e, 0x6f, 0x74, 0x61, 0x74, 0x69, 0x6f, 0x6e, 0x3e,
  0x0d, 0x0a, 0x09, 0x09, 0x09, 0x09, 0x09, 0x3c, 0x78, 0x73, 0x3a, 0x73, 0x69,
  0x6d, 0x70, 0x6c, 0x65, 0x54, 0x79, 0x70, 0x65, 0x3e, 0x0d, 0x0a, 0x09, 0x09,
  0x09, 0x09, 0x09, 0x09, 0x3c, 0x78, 0x73, 0x3a, 0x72, 0x65, 0x73, 0x74, 0x72,
  0x69, 0x63, 0x74, 0x69, 0x6f, 0x6e, 0x20, 0x62, 0x61, 0x73, 0x65, 0x3d, 0x22,
  0x78, 0x73, 0x3a, 0x73, 0x74, 0x72, 0x69, 0x6e, 0x67, 0x22, 0x3e, 0x0d, 0x0a,
  0x09, 0x09, 0x09, 0x09, 0x09, 0x09, 0x09, 0x3c, 0x78, 0x73, 0x3a, 0x6d, 0x69,
  0x6e, 0x4c, 0x65, 0x6e, 0x67, 0x74, 0x68, 0x20, 0x76, 0x61, 0x6c, 0x75, 0x65,
  0x3d, 0x22, 0x31, 0x22, 0x2f, 0x3e, 0x0d, 0x0a, 0x09, 0x09, 0x09, 0x09, 0x09,
  0x09, 0x09, 0x3c, 0x78, 0x73, 0x3a, 0x6d, 0x61, 0x78, 0x4c, 0x65, 0x6e, 0x67,
  0x74, 0x68, 0x20, 0x76, 0x61, 0x6c, 0x75, 0x65, 0x3d, 0x22, 0x35, 0x30, 0x30,
  0x30, 0x22, 0x2f, 0x3e, 0x0d, 0x0a, 0x09, 0x09, 0x09, 0x09, 0x09, 0x09, 0x3c,
  0x2f, 0x78, 0x73, 0x3a, 0x72, 0x65, 0x73, 0x74, 0x72, 0x69, 0x63, 0x74, 0x69,
  0x6f, 0x6e, 0x3e, 0x0d, 0x0a, 0x09, 0x09, 0x09, 0x09, 0x09, 0x3c, 0x2f, 0x78,
  0x73, 0x3a, 0x73, 0x69, 0x6d, 0x70, 0x6c, 0x65, 0x54, 0x79, 0x70, 0x65, 0x3e,
  0x0d, 0x0a, 0x09, 0x09, 0x09, 0x09, 0x3c, 0x2f, 0x78, 0x73, 0x3a, 0x65, 0x6c,
  0x65, 0x6d, 0x65, 0x6e, 0x74, 0x3e, 0x0d, 0x0a, 0x09, 0x09, 0x09, 0x09, 0x3c,
  0x78, 0x73, 0x3a, 0x65, 0x6c, 0x65, 0x6d, 0x65, 0x6e, 0x74, 0x20, 0x6e, 0x61,
  0x6d, 0x65, 0x3d, 0x22, 0xd0, 0x94, 0xd0, 0xbe, 0xd0, 0xba, 0xd1, 0x83, 0xd0,
  0xbc, 0xd0, 0xb5, 0xd0, 0xbd, 0xd1, 0x82, 0x22, 0x3e, 0x0d, 0x0a, 0x09, 0x09,
  0x09, 0x09, 0x09, 0x3c, 0x78, 0x73, 0x3a, 0x61, 0x6e, 0x6e, 0x6f, 0x74, 0x61,
  0x74, 0x69, 0x6f, 0x6e, 0x3e, 0x0d, 0x0a, 0x09, 0x09, 0x09, 0x09, 0x09, 0x09,
  0x3c, 0x78, 0x73, 0x3a, 0x64, 0x6f, 0x63, 0x75, 0x6d, 0x65, 0x6e, 0x74, 0x61,
  0x74, 0x69, 0x6f, 0x6e, 0x3e, 0xd0, 0xa1, 0xd0, 0xbe, 0xd1, 0x81, 0xd1, 0x82,
  0xd0, 0xb0, 0xd0, 0xb2, 0x20, 0xd0, 0xb8, 0x20, 0xd1, 0x81, 0xd1, 0x82, 0xd1,
  0x80, 0xd1, 0x83, 0xd0, 0xba, 0xd1, 0x82, 0xd1, 0x83, 0xd1, 0x80, 0xd0, 0xb0,
  0x20, 0xd0, 0xb4, 0xd0, 0xbe, 0xd0, 0xba, 0xd1, 0x83, 0xd0, 0xbc, 0xd0, 0xb5,
  0xd0, 0xbd, 0xd1, 0x82, 0xd0, 0xb0, 0x3c, 0x2f, 0x78, 0x73, 0x3a, 0x64, 0x6f,
  0x63, 0x75, 0x6d, 0x65, 0x6e, 0x74, 0x61, 0x74, 0x69, 0x6f, 0x6e, 0x3e, 0x0d,
  0x0a, 0x09, 0x09, 0x09, 0x09, 0x09, 0x3c, 0x2f, 0x78, 0x73, 0x3a, 0x61, 0x6e,
  0x6e, 0x6f, 0x74, 0x61, 0x74, 0x69, 0x6f, 0x6e, 0x3e, 0x0d, 0x0a, 0x09, 0x09,
  0x09, 0x09, 0x09, 0x3c, 0x78, 0x73, 0x3a, 0x63, 0x6f, 0x6d, 0x70, 0x6c, 0x65,
  0x78, 0x54, 0x79, 0x70, 0x65, 0x3e, 0x0d, 0x0a, 0x09, 0x09, 0x09, 0x09, 0x09,
  0x09, 0x3c, 0x78, 0x73, 0x3a, 0x63, 0x68, 0x6f, 0x69, 0x63, 0x65, 0x3e, 0x0d,
  0x0a, 0x09, 0x09, 0x09, 0x09, 0x09, 0x09, 0x09, 0x3c, 0x78, 0x73, 0x3a, 0x65,
  0x6c, 0x65, 0x6d, 0x65, 0x6e, 0x74, 0x20, 0x6e, 0x61, 0x6d, 0x65, 0x3d, 0x22,
  0xd0, 0x94, 0xd0, 0xbe, 0xd0, 0xb2, 0xd0, 0xb5, 0xd1, 0x80, 0x22, 0x3e, 0x0d,
  0x0a, 0x09, 0x09, 0x09, 0x09, 0x09, 0x09, 0x09, 0x09, 0x3c, 0x78, 0x73, 0x3a,
  0x61, 0x6e, 0x6e, 0x6f, 0x74, 0x61, 0x74, 0x69, 0x6f, 0x6e, 0x3e, 0x0d, 0x0a,
  0x09, 0x09, 0x09, 0x09, 0x09, 0x09, 0x09, 0x09, 0x09, 0x3c, 0x78, 0x73, 0x3a,
  0x64, 0x6f, 0x63, 0x75, 0x6d, 0x65, 0x6e, 0x74, 0x61, 0x74, 0x69, 0x6f, 0x6e,
  0x3e, 0xd0, 0x94, 0xd0, 0xbe, 0xd0, 0xb2, 0xd0, 0xb5, 0xd1, 0x80, 0xd0, 0xb5,
  0xd0, 0xbd, 0xd0, 0xbd, 0xd0, 0xbe, 0xd1, 0x81, 0xd1, 0x82, 0xd1, 0x8c, 0x3c,
  0x2f, 0x78, 0x73, 0x3a, 0x64, 0x6f, 0x63, 0x75, 0x6d, 0x65, 0x6e, 0x74, 0x61,
  0x74, 0x69, 0x6f, 0x6e, 0x3e, 0x0d, 0x0a, 0x09, 0x09, 0x09, 0x09, 0x09, 0x09,
  0x09, 0x09, 0x3c, 0x2f, 0x78, 0x73, 0x3a, 0x61, 0x6e, 0x6e, 0x6f, 0x74, 0x61,
  0x74, 0x69, 0x6f, 0x6e, 0x3e, 0x0d, 0x0a, 0x09, 0x09, 0x09, 0x09, 0x09, 0x09,
  0x09, 0x09, 0x3c, 0x78, 0x73, 0x3a, 0x63, 0x6f, 0x6d, 0x70, 0x6c, 0x65, 0x78,
  0x54, 0x79, 0x70, 0x65, 0x3e, 0x0d, 0x0a, 0x09, 0x09, 0x09, 0x09, 0x09, 0x09,
  0x09, 0x09, 0x09, 0x3c, 0x78, 0x73, 0x3a, 0x73, 0x65, 0x71, 0x75, 0x65, 0x6e,
  0x63, 0x65, 0x3e, 0x0d, 0x0a, 0x09, 0x09, 0x09, 0x09, 0x09, 0x09, 0x09, 0x09,
  0x09, 0x09, 0x3c, 0x78, 0x73, 0x3a, 0x65, 0x6c, 0x65, 0x6d, 0x65, 0x6e, 0x74,
  0x20, 0x6e, 0x61, 0x6d, 0x65, 0x3d, 0x22, 0xd0, 0xa1, 0xd0, 0xb2, 0xd0, 0x94,
  0xd0, 0xbe, 0xd0, 0xb2, 0x22, 0x20, 0x74, 0x79, 0x70, 0x65, 0x3d, 0x22, 0xd0,
  0xa1, 0xd0, 0xb2, 0xd0, 0x94, 0xd0, 0xbe, 0xd0, 0xb2, 0xd0, 0xa2, 0xd0, 0xb8,
  0xd0, 0xbf, 0x22, 0x3e, 0x0d, 0x0a, 0x09, 0x09, 0x09, 0x09, 0x09, 0x09, 0x09,
  0x09, 0x09, 0x09, 0x09, 0x3c, 0x78, 0x73, 0x3a, 0x61, 0x6e, 0x6e, 0x6f, 0x74,
  0x61, 0x74, 0x69, 0x6f, 0x6e, 0x3e, 0x0d, 0x0a, 0x09, 0x09, 0x09, 0x09, 0x09,
  0x09, 0x09, 0x09, 0x09, 0x09, 0x09, 0x09, 0x3c, 0x78, 0x73, 0x3a, 0x64, 0x6f,
  0x63, 0x75, 0x6d, 0x65, 0x6e, 0x74, 0x61, 0x74, 0x69, 0x6f, 0x6e, 0x3e, 0xd0,
  0xa1, 0xd0, 0xb2, 0xd0, 0xb5, 0xd0, 0xb4, 0xd0, 0xb5, 0xd0, 0xbd, 0xd0, 0xb8,
  0xd1, 0x8f, 0x20, 0xd0, 0xbe, 0x20, 0xd0, 0xb4, 0xd0, 0xbe, 0xd0, 0xb2, 0xd0,
  0xb5, 0xd1, 0x80, 0xd0, 0xb5, 0xd0, 0xbd, 0xd0, 0xbd, 0xd0, 0xbe, 0xd1, 0x81,
  0xd1, 0x82, 0xd0, 0xb8, 0x3c, 0x2f, 0x78, 0x73, 0x3a, 0x64, 0x6f, 0x63, 0x75,
  0x6d, 0x65, 0x6e, 0x74, 0x61, 0x74, 0x69, 0x6f, 0x6e, 0x3e, 0x0d, 0x0a, 0x09,
  0x09, 0x09, 0x09, 0x09, 0x09, 0x09, 0x09, 0x09, 0x09, 0x09, 0x3c, 0x2f, 0x78,
  0x73, 0x3a, 0x61, 0x6e, 0x6e, 0x6f, 0x74, 0x61, 0x74, 0x69, 0x6f, 0x6e, 0x3e,
  0x0d, 0x0a, 0x09, 0x09, 0x09, 0x09, 0x09, 0x09, 0x09, 0x09, 0x09, 0x09, 0x3c,
  0x2f, 0x78, 0x73, 0x3a, 0x65, 0x6c, 0x65, 0x6d, 0x65, 0x6e, 0x74, 0x3e, 0x0d,
  0x0a, 0x09, 0x09, 0x09, 0x09, 0x09, 0x09, 0x09, 0x09, 0x09, 0x09, 0x3c, 0x78,
  0x73, 0x3a, 0x65, 0x6c, 0x65, 0x6d, 0x65, 0x6e, 0x74, 0x20, 0x6e, 0x61, 0x6d,
  0x65, 0x3d, 0x22, 0xd0, 0xa1, 0xd0, 0xb2, 0xd0, 0x94, 0xd0, 0xbe, 0xd0, 0xb2,
  0xd0, 0xb5, 0xd1, 0x80, 0xd0, 0xb8, 0xd1, 0x82, 0x22, 0x20, 0x6d, 0x61, 0x78,
  0x4f, 0x63, 0x63, 0x75, 0x72, 0x73, 0x3d, 0x22, 0x75, 0x6e, 0x62, 0x6f, 0x75,
  0x6e, 0x64, 0x65, 0x64, 0x22, 0x3e, 0x0d, 0x0a, 0x09, 0x09, 0x09, 0x09, 0x09,
  0x09, 0x09, 0x09, 0x09, 0x09, 0x09, 0x3c, 0x78, 0x73, 0x3a, 0x61, 0x6e, 0x6e,
  0x6f, 0x74, 0x61, 0x74, 0x69, 0x6f, 0x6e, 0x3e, 0x0d, 0x0a, 0x09, 0x09, 0x09,
  0x09, 0x09, 0x09, 0x09, 0x09, 0x09, 0x09, 0x09, 0x09, 0x3c, 0x78, 0x73, 0x3a,
  0x64, 0x6f, 0x63, 0x75, 0x6d, 0x65, 0x6e, 0x74, 0x61, 0x74, 0x69, 0x6f, 0x6e,
  0x3e, 0xd0, 0xa1, 0xd0, 0xb2, 0xd0, 0xb5, 0xd0, 0xb4, 0xd0, 0xb5, 0xd0, 0xbd,
  0xd0, 0xb8, 0xd1, 0x8f, 0x20, 0xd0, 0xbe, 0x20, 0xd0, 0xb4, 0xd0, 0xbe, 0xd0,
  0xb2, 0xd0, 0xb5, 0xd1, 0x80, 0xd0, 0xb8, 0xd1, 0x82, 0xd0, 0xb5, 0xd0, 0xbb,
  0xd0, 0xb5, 0x20, 0x28, 0xd0, 0xb4, 0xd0, 0xbe, 0xd0, 0xb2, 0xd0, 0xb5, 0xd1,
  0x80, 0xd0, 0xb8, 0xd1, 0x82, 0xd0, 0xb5, 0xd0, 0xbb, 0xd1, 0x8f, 0xd1, 0x85,
  0x29, 0x3c, 0x2f, 0x78, 0x73, 0x3a, 0x64, 0x6f, 0x63, 0x75, 0x6d, 0x65, 0x6e,
  0x74, 0x61, 0x74, 0x69, 0x6f, 0x6e, 0x3e, 0x0d, 0x0a, 0x09, 0x09, 0x09, 0x09,
  0x09, 0x09, 0x09, 0x09, 0x09, 0x09, 0x09, 0x3c, 0x2f, 0x78, 0x73, 0x3a, 0x61,
  0x6e, 0x6e, 0x6f, 0x74, 0x61, 0x74, 0x69, 0x6f, 0x6e, 0x3e, 0x0d, 0x0a, 0x09,
  0x09, 0x09, 0x09, 0x09, 0x09, 0x09, 0x09, 0x09, 0x09, 0x09, 0x3c, 0x78, 0x73,
  0x3a, 0x63, 0x6f, 0x6d, 0x70, 0x6c, 0x65, 0x78, 0x54, 0x79, 0x70, 0x65, 0x3e,
  0x0d, 0x0a, 0x09, 0x09, 0x09, 0x09, 0x09, 0x09, 0x09, 0x09, 0x09, 0x09, 0x09,
  0x09, 0x3c, 0x78, 0x73, 0x3a, 0x73, 0x65, 0x71, 0x75, 0x65, 0x6e, 0x63, 0x65,
  0x3e, 0x0d, 0x0a, 0x09, 0x09, 0x09, 0x09, 0x09, 0x09, 0x09, 0x09, 0x09, 0x09,
  0x09, 0x09, 0x09, 0x3c, 0x78, 0x73, 0x3a, 0x65, 0x6c, 0x65, 0x6d, 0x65, 0x6e,
  0x74, 0x20, 0x6e, 0x61, 0x6d, 0x65, 0x3d, 0x22, 0xd0, 0x94, 0xd0, 0xbe, 0xd0,
  0xb2, 0xd0, 0xb5, 0xd1, 0x80, 0xd0, 0xb8, 0xd1, 0x82, 0x22, 0x3e, 0x0d, 0x0a,
  0x09, 0x09, 0x09, 0x09, 0x09, 0x09, 0x09, 0x09, 0x09, 0x09, 0x09, 0x09, 0x09,
  0x09, 0x3c, 0x78, 0x73, 0x3a, 0x61, 0x6e, 0x6e, 0x6f, 0x74, 0x61, 0x74, 0x69,
  0x6f, 0x6e, 0x3e, 0x0d, 0x0a, 0x09, 0x09, 0x09, 0x09, 0x09, 0x09, 0x09, 0x09,
  0x09, 0x09, 0x09, 0x09, 0x09, 0x09, 0x09, 0x3c, 0x78, 0x73, 0x3a, 0x64, 0x6f,
  0x63, 0x75, 0x6d, 0x65, 0x6e, 0x74, 0x61, 0x74, 0x69, 0x6f, 0x6e, 0x3e, 0xd0,
  0xa1, 0xd0, 0xb2, 0xd0, 0xb5, 0xd0, 0xb4, 0xd0, 0xb5, 0xd0, 0xbd, 0xd0, 0xb8,
  0xd1, 0x8f, 0x20, 0xd0, 0xbe, 0x20, 0xd0, 0xb4, 0xd0, 0xbe, 0xd0, 0xb2, 0xd0,
  0xb5, 0xd1, 0x80, 0xd0, 0xb8, 0xd1, 0x82, 0xd0, 0xb5, 0xd0, 0xbb, 0xd0, 0xb5,
  0x3c, 0x2f, 0x78, 0x73, 0x3a, 0x64, 0x6f, 0x63, 0x75, 0x6d, 0x65, 0x6e, 0x74,
  0x61, 0x74, 0x69, 0x6f, 0x6e, 0x3e, 0x0d, 0x0a, 0x09, 0x09, 0x09, 0x09, 0x09,
  0x09, 0x09, 0x09, 0x09, 0x09, 0x09, 0x09, 0x09, 0x09, 0x3c, 0x2f, 0x78, 0x73,
  0x3a, 0x61, 0x6e, 0x6e, 0x6f, 0x74, 0x61, 0x74, 0x69, 0x6f, 0x6e, 0x3e, 0x0d,
  0x0a, 0x09, 0x09, 0x09, 0x09, 0x09, 0x09, 0x09, 0x09, 0x09, 0x09, 0x09, 0x09,
  0x09, 0x09, 0x3c, 0x78, 0x73, 0x3a, 0x63, 0x6f, 0x6d, 0x70, 0x6c, 0x65, 0x78,
  0x54, 0x79, 0x70, 0x65, 0x3e, 0x0d, 0x0a, 0x09, 0x09, 0x09, 0x09, 0x09, 0x09,
  0x09, 0x09, 0x09, 0x09, 0x09, 0x09, 0x09, 0x09, 0x09, 0x3c, 0x78, 0x73, 0x3a,
  0x73, 0x65, 0x71, 0x75, 0x65, 0x6e, 0x63, 0x65, 0x3e, 0x0d, 0x0a, 0x09, 0x09,
  0x09, 0x09, 0x09, 0x09, 0x09, 0x09, 0x09, 0x09, 0x09, 0x09, 0x09, 0x09, 0x09,
  0x09, 0x3c, 0x78, 0x73, 0x3a, 0x65, 0x6c, 0x65, 0x6d, 0x65, 0x6e, 0x74, 0x20,
  0x6e, 0x61, 0x6d, 0x65, 0x3d, 0x22, 0xd0, 0xa0, 0xd0, 0xbe, 0xd1, 0x81, 0xd0,
  0x9e, 0xd1, 0x80, 0xd0, 0xb3, 0xd0, 0x94, 0xd0, 0xbe, 0xd0, 0xb2, 0xd0, 0xb5,
  0xd1, 0x80, 0x22, 0x20, 0x74, 0x79, 0x70, 0x65, 0x3d, 0x22, 0xd0, 0xa0, 0xd0,
  0xbe, 0xd1, 0x81, 0xd0, 0x9e, 0xd1, 0x80, 0xd0, 0xb3, 0xd0, 0x94, 0xd0, 0xbe,
  0xd0, 0xb2, 0xd0, 0xb5, 0xd1, 0x80, 0xd0, 0xa2, 0xd0, 0xb8, 0xd0, 0xbf, 0x22,
  0x20, 0x6d, 0x69, 0x6e, 0x4f, 0x63, 0x63, 0x75, 0x72, 0x73, 0x3d, 0x22, 0x30,
  0x22, 0x3e, 0x0d, 0x0a, 0x09, 0x09, 0x09, 0x09, 0x09, 0x09, 0x09, 0x09, 0x09,
  0x09, 0x09, 0x09, 0x09, 0x09, 0x09, 0x09, 0x09, 0x3c, 0x78, 0x73, 0x3a, 0x61,
  0x6e, 0x6e, 0x6f, 0x74, 0x61, 0x74, 0x69, 0x6f, 0x6e, 0x3e, 0x0d, 0x0a, 0x09,
  0x09, 0x09, 0x09, 0x09, 0x09, 0x09, 0x09, 0x09, 0x09, 0x09, 0x09, 0x09, 0x09,
  0x09, 0x09, 0x09, 0x09, 0x3c, 0x78, 0x73, 0x3a, 0x64, 0x6f, 0x63, 0x75, 0x6d,
  0x65, 0x6e, 0x74, 0x61, 0x74, 0x69, 0x6f, 0x6e, 0x3e, 0xd0, 0xa1, 0xd0, 0xb2,
  0xd0, 0xb5, 0xd0, 0xb4, 0xd0, 0xb5, 0xd0, 0xbd, 0xd0, 0xb8, 0xd1, 0x8f, 0x20,
  0xd0, 0xbe, 0x20, 0xd1, 0x8e, 0xd1, 0x80, 0xd0, 0xb8, 0xd0, 0xb4, 0xd0, 0xb8,
  0xd1, 0x87, 0xd0, 0xb5, 0xd1, 0x81, 0xd0, 0xba, 0xd0, 0xbe, 0xd0, 0xbc, 0x20,
  0xd0, 0xbb, 0xd0, 0xb8, 0xd1, 0x86, 0xd0, 0xb5, 0x3c, 0x2f, 0x78, 0x73, 0x3a,
  0x64, 0x6f, 0x63, 0x75, 0x6d, 0x65, 0x6e, 0x74, 0x61, 0x74, 0x69, 0x6f, 0x6e,
  0x3e, 0x0d, 0x0a, 0x09, 0x09, 0x09, 0x09, 0x09, 0x09, 0x09, 0x09, 0x09, 0x09,
  0x09, 0x09, 0x09, 0x09, 0x09, 0x09, 0x09, 0x3c, 0x2f, 0x78, 0x73, 0x3a, 0x61,
  0x6e, 0x6e, 0x6f, 0x74, 0x61, 0x74, 0x69, 0x6f, 0x6e, 0x3e, 0x0d, 0x0a, 0x09,
  0x09, 0x09, 0x09, 0x09, 0x09, 0x09, 0x09, 0x09, 0x09, 0x09, 0x09, 0x09, 0x09,
  0x09, 0x09, 0x3c, 0x2f, 0x78, 0x73, 0x3a, 0x65, 0x6c, 0x65, 0x6d, 0x65, 0x6e,
  0x74, 0x3e, 0x0d, 0x0a, 0x09, 0x09, 0x09, 0x09, 0x09, 0x09, 0x09, 0x09, 0x09,
  0x09, 0x09, 0x09, 0x09, 0x09, 0x09, 0x09, 0x3c, 0x78, 0x73, 0x3a, 0x65, 0x6c,
  0x65, 0x6d, 0x65, 0x6e, 0x74, 0x20, 0x6e, 0x61, 0x6d, 0x65, 0x3d, 0x22, 0xd0,
  0x98, 0xd0, 0xbd, 0xd0, 0x9e, 0xd1, 0x80, 0xd0, 0xb3, 0xd0, 0x94, 0xd0, 0xbe,
  0xd0, 0xb2, 0xd0, 0xb5, 0xd1, 0x80, 0x22, 0x20, 0x74, 0x79, 0x70, 0x65, 0x3d,
  0x22, 0xd0, 0x98, 0xd0, 0xbd, 0xd0, 0x9e, 0xd1, 0x80, 0xd0, 0xb3, 0xd0, 0x94,
  0xd0, 0xbe, 0xd0, 0xb2, 0xd0, 0xb5, 0xd1, 0x80, 0xd0, 0xa2, 0xd0, 0xb8, 0xd0,
  0xbf, 0x22, 0x20, 0x6d, 0x69, 0x6e, 0x4f, 0x63, 0x63, 0x75, 0x72, 0x73, 0x3d,
  0x22, 0x30, 0x22, 0x3e, 0x0d, 0x0a, 0x09, 0x09, 0x09, 0x09, 0x09, 0x09, 0x09,
  0x09, 0x09, 0x09, 0x09, 0x09, 0x09, 0x09, 0x09, 0x09, 0x09, 0x3c, 0x78, 0x73,
  0x3a, 0x61, 0x6e, 0x6e, 0x6f, 0x74, 0x61, 0x74, 0x69, 0x6f, 0x6e, 0x3e, 0x0d,
  0x0a, 0x09, 0x09, 0x09, 0x09, 0x09, 0x09, 0x09, 0x09, 0x09, 0x09, 0x09, 0x09,
  0x09, 0x09, 0x09, 0x09, 0x09, 0x09, 0x3c, 0x78, 0x73, 0x3a, 0x64, 0x6f, 0x63,
  0x75, 0x6d, 0x65, 0x6e, 0x74, 0x61, 0x74, 0x69, 0x6f, 0x6e, 0x3e, 0xd0, 0xa1,
  0xd0, 0xb2, 0xd0, 0xb5, 0xd0, 0xb4, 0xd0, 0xb5, 0xd0, 0xbd, 0xd0, 0xb8, 0xd1,
  0x8f, 0x20, 0xd0, 0xbe, 0xd0, 0xb1, 0x20, 0xd0, 0xb8, 0xd0, 0xbd, 0xd0, 0xbe,
  0xd1, 0x81, 0xd1, 0x82, 0xd1, 0x80, 0xd0, 0xb0, 0xd0, 0xbd, 0xd0, 0xbd, 0xd0,
  0xbe, 0xd0, 0xbc, 0x20, 0xd1, 0x8e, 0xd1, 0x80, 0xd0, 0xb8, 0xd0, 0xb4, 0xd0,
  0xb8, 0xd1, 0x87, 0xd0, 0xb5, 0xd1, 0x81, 0xd0, 0xba, 0xd0, 0xbe, 0xd0, 0xbc,
  0x20, 0xd0, 0xbb, 0xd0, 0xb8, 0xd1, 0x86, 0xd0, 0xb5, 0x3c, 0x2f, 0x78, 0x73,
  0x3a, 0x64, 0x6f, 0x63, 0x75, 0x6d, 0x65, 0x6e, 0x74, 0x61, 0x74, 0x69, 0x6f,
  0x6e, 0x3e, 0x0d, 0x0a, 0x09, 0x09, 0x09, 0x09, 0x09, 0x09, 0x09, 0x09, 0x09,
  0x09, 0x09, 0x09, 0x09, 0x09, 0x09, 0x09, 0x09, 0x3c, 0x2f, 0x78, 0x73, 0x3a,
  0x61, 0x6e, 0x6e, 0x6f, 0x74, 0x61, 0x74, 0x69, 0x6f, 0x6e, 0x3e, 0x0d, 0x0a,
  0x09, 0x09, 0x09, 0x09, 0x09, 0x09, 0x09, 0x09, 0x09, 0x09, 0x09, 0x09, 0x09,
  0x09, 0x09, 0x09, 0x3c, 0x2f, 0x78, 0x73, 0x3a, 0x65, 0x6c, 0x65, 0x6d, 0x65,
  0x6e, 0x74, 0x3e, 0x0d, 0x0a, 0x09, 0x09, 0x09, 0x09, 0x09, 0x09, 0x09, 0x09,
  0x09, 0x09, 0x09, 0x09, 0x09, 0x09, 0x09, 0x09, 0x3c, 0x78, 0x73, 0x3a, 0x65,
  0x6c, 0x65, 0x6d, 0x65, 0x6e, 0x74, 0x20, 0x6e, 0x61, 0x6d, 0x65, 0x3d, 0x22,
  0xd0, 0x98, 0xd0, 0x9f, 0xd0, 0x94, 0xd0, 0xbe, 0xd0, 0xb2, 0xd0, 0xb5, 0xd1,
  0x80, 0x22, 0x20, 0x74, 0x79, 0x70, 0x65, 0x3d, 0x22, 0xd0, 0xa1, 0xd0, 0xb2,
  0xd0, 0xb5, 0xd0, 0xb4, 0xd0, 0x98, 0xd0, 0x9f, 0xd0, 0xa2, 0xd0, 0xb8, 0xd0,
  0xbf, 0x22, 0x20, 0x6d, 0x69, 0x6e, 0x4f, 0x63, 0x63, 0x75, 0x72, 0x73, 0x3d,
  0x22, 0x30, 0x22, 0x3e, 0x0d, 0x0a, 0x09, 0x09, 0x09, 0x09, 0x09, 0x09, 0x09,
  0x09, 0x09, 0x09, 0x09, 0x09, 0x09, 0x09, 0x09, 0x09, 0x09, 0x3c, 0x78, 0x73,
  0x3a, 0x61, 0x6e, 0x6e, 0x6f, 0x74, 0x61, 0x74, 0x69, 0x6f, 0x6e, 0x3e, 0x0d,
  0x0a, 0x09, 0x09, 0x09, 0x09, 0x09, 0x09, 0x09, 0x09, 0x09, 0x09, 0x09, 0x09,
  0x09, 0x09, 0x09, 0x09, 0x09, 0x09, 0x3c, 0x78, 0x73, 0x3a, 0x64, 0x6f, 0x63,
  0x75, 0x6d, 0x65, 0x6e, 0x74, 0x61, 0x74, 0x69, 0x6f, 0x6e, 0x3e, 0xd0, 0xa1,
  0xd0, 0xb2, 0xd0, 0xb5, 0xd0, 0xb4, 0xd0, 0xb5, 0xd0, 0xbd, 0xd0, 0xb8, 0xd1,
  0x8f, 0x20, 0xd0, 0xbe, 0xd0, 0xb1, 0x20, 0xd0, 0xb8, 0xd0, 0xbd, 0xd0, 0xb4,
  0xd0, 0xb8, 0xd0, 0xb2, 0xd0, 0xb8, 0xd0, 0xb4, 0xd1, 0x83, 0xd0, 0xb0, 0xd0,
  0xbb, 0xd1, 0x8c, 0xd0, 0xbd, 0xd0, 0xbe, 0xd0, 0xbc, 0x20, 0xd0, 0xbf, 0xd1,
  0x80, 0xd0, 0xb5, 0xd0, 0xb4, 0xd0, 0xbf, 0xd1, 0x80, 0xd0, 0xb8, 0xd0, 0xbd,
  0xd0, 0xb8, 0xd0, 0xbc, 0xd0, 0xb0, 0xd1, 0x82, 0xd0, 0xb5, 0xd0, 0xbb, 0xd0,
  0xb5, 0x3c, 0x2f, 0x78, 0x73, 0x3a, 0x64, 0x6f, 0x63, 0x75, 0x6d, 0x65, 0x6e,
  0x74, 0x61, 0x74, 0x69, 0x6f, 0x6e, 0x3e, 0x0d, 0x0a, 0x09, 0x09, 0x09, 0x09,
  0x09, 0x09, 0x09, 0x09, 0x09, 0x09, 0x09, 0x09, 0x09, 0x09, 0x09, 0x09, 0x09,
  0x3c, 0x2f, 0x78, 0x73, 0x3a, 0x61, 0x6e, 0x6e, 0x6f, 0x74, 0x61, 0x74, 0x69,
  0x6f, 0x6e, 0x3e, 0x0d, 0x0a, 0x09, 0x09, 0x09, 0x09, 0x09, 0x09, 0x09, 0x09,
  0x09, 0x09, 0x09, 0x09, 0x09, 0x09, 0x09, 0x09, 0x3c, 0x2f, 0x78, 0x73, 0x3a,
  0x65, 0x6c, 0x65, 0x6d, 0x65, 0x6e, 0x74, 0x3e, 0x0d, 0x0a, 0x09, 0x09, 0x09,
  0x09, 0x09, 0x09, 0x09, 0x09, 0x09, 0x09, 0x09, 0x09, 0x09, 0x09, 0x09, 0x09,
  0x3c, 0x78, 0x73, 0x3a, 0x65, 0x6c, 0x65, 0x6d, 0x65, 0x6e, 0x74, 0x20, 0x6e,
  0x61, 0x6d, 0x65, 0x3d, 0x22, 0xd0, 0xa4, 0xd0, 0x9b, 0xd0, 0x94, 0xd0, 0xbe,
  0xd0, 0xb2, 0xd0, 0xb5, 0xd1, 0x80, 0x22, 0x20, 0x74, 0x79, 0x70, 0x65, 0x3d,
  0x22, 0xd0, 0xa4, 0xd0, 0x9b, 0xd0, 0x94, 0xd0, 0xbe, 0xd0, 0xb2, 0xd0, 0xb5,
  0xd1, 0x80, 0xd0, 0xa2, 0xd0, 0xb8, 0xd0, 0xbf, 0x22, 0x20, 0x6d, 0x69, 0x6e,
  0x4f, 0x63, 0x63, 0x75, 0x72, 0x73, 0x3d, 0x22, 0x30, 0x22, 0x3e, 0x0d, 0x0a,
  0x09, 0x09, 0x09, 0x09, 0x09, 0x09, 0x09, 0x09, 0x09, 0x09, 0x09, 0x09, 0x09,
  0x09, 0x09, 0x09, 0x09, 0x3c, 0x78, 0x73, 0x3a, 0x61, 0x6e, 0x6e, 0x6f, 0x74,
  0x61, 0x74, 0x69, 0x6f, 0x6e, 0x3e, 0x0d, 0x0a, 0x09, 0x09, 0x09, 0x09, 0x09,
  0x09, 0x09, 0x09, 0x09, 0x09, 0x09, 0x09, 0x09, 0x09, 0x09, 0x09, 0x09, 0x09,
  0x3c, 0x78, 0x73, 0x3a, 0x64, 0x6f, 0x63, 0x75, 0x6d, 0x65, 0x6e, 0x74, 0x61,
  0x74, 0x69, 0x6f, 0x6e, 0x3e, 0xd0, 0xa1, 0xd0, 0xb2, 0xd0, 0xb5, 0xd0, 0xb4,
  0xd0, 0xb5, 0xd0, 0xbd, 0xd0, 0xb8, 0xd1, 0x8f, 0x20, 0xd0, 0xbe, 0x20, 0xd1,
  0x84, 0xd0, 0xb8, 0xd0, 0xb7, 0xd0, 0xb8, 0xd1, 0x87, 0xd0, 0xb5, 0xd1, 0x81,
  0xd0, 0xba, 0xd0, 0xbe, 0xd0, 0xbc, 0x20, 0xd0, 0xbb, 0xd0, 0xb8, 0xd1, 0x86,
  0xd0, 0xb5, 0x3c, 0x2f, 0x78, 0x73, 0x3a, 0x64, 0x6f, 0x63, 0x75, 0x6d, 0x65,
  0x6e, 0x74, 0x61, 0x74, 0x69, 0x6f, 0x6e, 0x3e, 0x0d, 0x0a, 0x09, 0x09, 0x09,
  0x09, 0x09, 0x09, 0x09, 0x09, 0x09, 0x09, 0x09, 0x09, 0x09, 0x09, 0x09, 0x09,
  0x09, 0x3c, 0x2f, 0x78, 0x73, 0x3a, 0x61, 0x6e, 0x6e, 0x6f, 0x74, 0x61, 0x74,
  0x69, 0x6f, 0x6e, 0x3e, 0x0d, 0x0a, 0x09, 0x09, 0x09, 0x09, 0x09, 0x09, 0x09,
  0x09, 0x09, 0x09, 0x09, 0x09, 0x09, 0x09, 0x09, 0x09, 0x3c, 0x2f, 0x78, 0x73,
  0x3a, 0x65, 0x6c, 0x65, 0x6d, 0x65, 0x6e, 0x74, 0x3e, 0x0d, 0x0a, 0x09, 0x09,
  0x09, 0x09, 0x09, 0x09, 0x09, 0x09, 0x09, 0x09, 0x09, 0x09, 0x09, 0x09, 0x09,
  0x3c, 0x2f, 0x78, 0x73, 0x3a, 0x73, 0x65, 0x71, 0x75, 0x65, 0x6e, 0x63, 0x65,
  0x3e, 0x0d, 0x0a, 0x09, 0x09, 0x09, 0x09, 0x09, 0x09, 0x09, 0x09, 0x09, 0x09,
  0x09, 0x09, 0x09, 0x09, 0x3c, 0x2f, 0x78, 0x73, 0x3a, 0x63, 0x6f, 0x6d, 0x70,
  0x6c, 0x65, 0x78, 0x54, 0x79, 0x70, 0x65, 0x3e, 0x0d, 0x0a, 0x09, 0x09, 0x09,
  0x09, 0x09, 0x09, 0x09, 0x09, 0x09, 0x09, 0x09, 0x09, 0x09, 0x3c, 0x2f, 0x78,
  0x73, 0x3a, 0x65, 0x6c, 0x65, 0x6d, 0x65, 0x6e, 0x74, 0x3e, 0x0d, 0x0a, 0x09,
  0x09, 0x09, 0x09, 0x09, 0x09, 0x09, 0x09, 0x09, 0x09, 0x09, 0x09, 0x3c, 0x2f,
  0x78, 0x73, 0x3a, 0x73, 0x65, 0x71, 0x75, 0x65, 0x6e, 0x63, 0x65, 0x3e, 0x0d,
  0x0a, 0x09, 0x09, 0x09, 0x09, 0x09, 0x09, 0x09, 0x09, 0x09, 0x09, 0x09, 0x09,
  0x3c, 0x78, 0x73, 0x3a, 0x61, 0x74, 0x74, 0x72, 0x69, 0x62, 0x75, 0x74, 0x65,
  0x20, 0x6e, 0x61, 0x6d, 0x65, 0x3d, 0x22, 0xd0, 0xa2, 0xd0, 0xb8, 0xd0, 0xbf,
  0xd0, 0x94, 0xd0, 0xbe, 0xd0, 0xb2, 0xd0, 0xb5, 0xd1, 0x80, 0xd0, 0xb8, 0xd1,
  0x82, 0x22, 0x20, 0x75, 0x73, 0x65, 0x3d, 0x22, 0x72, 0x65, 0x71, 0x75, 0x69,
  0x72, 0x65, 0x64, 0x22, 0x3e, 0x0d, 0x0a, 0x09, 0x09, 0x09, 0x09, 0x09, 0x09,
  0x09, 0x09, 0x09, 0x09, 0x09, 0x09, 0x09, 0x3c, 0x78, 0x73, 0x3a, 0x61, 0x6e,
  0x6e, 0x6f, 0x74, 0x61, 0x74, 0x69, 0x6f, 0x6e, 0x3e, 0x0d, 0x0a, 0x09, 0x09,
  0x09, 0x09, 0x09, 0x09, 0x09, 0x09, 0x09, 0x09, 0x09, 0x09, 0x09, 0x09, 0x3c,
  0x78, 0x73, 0x3a, 0x64, 0x6f, 0x63, 0x75, 0x6d, 0x65, 0x6e, 0x74, 0x61, 0x74,
  0x69, 0x6f, 0x6e, 0x3e, 0xd0, 0xa2, 0xd0, 0xb8, 0xd0, 0xbf, 0x20, 0xd0, 0xb4,
  0xd0, 0xbe, 0xd0, 0xb2, 0xd0, 0xb5, 0xd1, 0x80, 0xd0, 0xb8, 0xd1, 0x82, 0xd0,
  0xb5, 0xd0, 0xbb, 0xd1, 0x8f, 0x3c, 0x2f, 0x78, 0x73, 0x3a, 0x64, 0x6f, 0x63,
  0x75, 0x6d, 0x65, 0x6e, 0x74, 0x61, 0x74, 0x69, 0x6f, 0x6e, 0x3e, 0x0d, 0x0a,
  0x09, 0x09, 0x09, 0x09, 0x09, 0x09, 0x09, 0x09, 0x09, 0x09, 0x09, 0x09, 0x09,
  0x3c, 0x2f, 0x78, 0x73, 0x3a, 0x61, 0x6e, 0x6e, 0x6f, 0x74, 0x61, 0x74, 0x69,
  0x6f, 0x6e, 0x3e, 0x0d, 0x0a, 0x09, 0x09, 0x09, 0x09, 0x09, 0x09, 0x09, 0x09,
  0x09, 0x09, 0x09, 0x09, 0x09, 0x3c, 0x78, 0x73, 0x3a, 0x73, 0x69, 0x6d, 0x70,
  0x6c, 0x65, 0x54, 0x79, 0x70, 0x65, 0x3e, 0x0d, 0x0a, 0x09, 0x09, 0x09, 0x09,
  0x09, 0x09, 0x09, 0x09, 0x09, 0x09, 0x09, 0x09, 0x09, 0x09, 0x3c, 0x78, 0x73,
  0x3a, 0x72, 0x65, 0x73, 0x74, 0x72, 0x69, 0x63, 0x74, 0x69, 0x6f, 0x6e, 0x20,
  0x62, 0x61, 0x73, 0x65, 0x3d, 0x22, 0x78, 0x73, 0x3a, 0x73, 0x74, 0x72, 0x69,
  0x6e, 0x67, 0x22, 0x3e, 0x0d, 0x0a, 0x09, 0x09, 0x09, 0x09, 0x09, 0x09, 0x09,
  0x09, 0x09, 0x09, 0x09, 0x09, 0x09, 0x09, 0x09, 0x3c, 0x78, 0x73, 0x3a, 0x6c,
  0x65, 0x6e, 0x67, 0x74, 0x68, 0x20, 0x76, 0x61, 0x6c, 0x75, 0x65, 0x3d, 0x22,
  0x31, 0x22, 0x2f, 0x3e, 0x0d, 0x0a, 0x09, 0x09, 0x09, 0x09, 0x09, 0x09, 0x09,
  0x09, 0x09, 0x09, 0x09, 0x09, 0x09, 0x09, 0x09, 0x3c, 0x78, 0x73, 0x3a, 0x65,
  0x6e, 0x75, 0x6d, 0x65, 0x72, 0x61, 0x74, 0x69, 0x6f, 0x6e, 0x20, 0x76, 0x61,
  0x6c, 0x75, 0x65, 0x3d, 0x22, 0x31, 0x22, 0x2f, 0x3e, 0x0d, 0x0a, 0x09, 0x09,
  0x09, 0x09, 0x09, 0x09, 0x09, 0x09, 0x09, 0x09, 0x09, 0x09, 0x09, 0x09, 0x09,
  0x3c, 0x78, 0x73, 0x3a, 0x65, 0x6e, 0x75, 0x6d, 0x65, 0x72, 0x61, 0x74, 0x69,
  0x6f, 0x6e, 0x20, 0x76, 0x61, 0x6c, 0x75, 0x65, 0x3d, 0x22, 0x32, 0x22, 0x2f,
  0x3e, 0x0d, 0x0a, 0x09, 0x09, 0x09, 0x09, 0x09, 0x09, 0x09, 0x09, 0x09, 0x09,
  0x09, 0x09, 0x09, 0x09, 0x09, 0x3c, 0x78, 0x73, 0x3a, 0x65, 0x6e, 0x75, 0x6d,
  0x65, 0x72, 0x61, 0x74, 0x69, 0x6f, 0x6e, 0x20, 0x76, 0x61, 0x6c, 0x75, 0x65,
  0x3d, 0x22, 0x33, 0x22, 0x2f, 0x3e, 0x0d, 0x0a, 0x09, 0x09, 0x09, 0x09, 0x09,
  0x09, 0x09, 0x09, 0x09, 0x09, 0x09, 0x09, 0x09, 0x09, 0x09, 0x3c, 0x78, 0x73,
  0x3a, 0x65, 0x6e, 0x75, 0x6d, 0x65, 0x72, 0x61, 0x74, 0x69, 0x6f, 0x6e, 0x20,
  0x76, 0x61, 0x6c, 0x75, 0x65, 0x3d, 0x22, 0x34, 0x22, 0x2f, 0x3e, 0x0d, 0x0a,
  0x09, 0x09, 0x09, 0x09, 0x09, 0x09, 0x09, 0x09, 0x09, 0x09, 0x09, 0x09, 0x09,
  0x09, 0x3c, 0x2f, 0x78, 0x73, 0x3a, 0x72, 0x65, 0x73, 0x74, 0x72, 0x69, 0x63,
  0x74, 0x69, 0x6f, 0x6e, 0x3e, 0x0d, 0x0a, 0x09, 0x09, 0x09, 0x09, 0x09, 0x09,
  0x09, 0x09, 0x09, 0x09, 0x09, 0x09, 0x09, 0x3c, 0x2f, 0x78, 0x73, 0x3a, 0x73,
  0x69, 0x6d, 0x70, 0x6c, 0x65, 0x54, 0x79, 0x70, 0x65, 0x3e, 0x0d, 0x0a, 0x09,
  0x09, 0x09, 0x09, 0x09, 0x09, 0x09, 0x09, 0x09, 0x09, 0x09, 0x09, 0x3c, 0x2f,
  0x78, 0x73, 0x3a, 0x61, 0x74, 0x74, 0x72, 0x69, 0x62, 0x75, 0x74, 0x65, 0x3e,
  0x0d, 0x0a, 0x09, 0x09, 0x09, 0x09, 0x09, 0x09, 0x09, 0x09, 0x09, 0x09, 0x09,
  0x3c, 0x2f, 0x78, 0x73, 0x3a, 0x63, 0x6f, 0x6d, 0x70, 0x6c, 0x65, 0x78, 0x54,
  0x79, 0x70, 0x65, 0x3e, 0x0d, 0x0a, 0x09, 0x09, 0x09, 0x09, 0x09, 0x09, 0x09,
  0x09, 0x09, 0x09, 0x3c, 0x2f, 0x78, 0x73, 0x3a, 0x65, 0x6c, 0x65, 0x6d, 0x65,
  0x6e, 0x74, 0x3e, 0x0d, 0x0a, 0x09, 0x09, 0x09, 0x09, 0x09, 0x09, 0x09, 0x09,
  0x09, 0x09, 0x3c, 0x78, 0x73, 0x3a, 0x65, 0x6c, 0x65, 0x6d, 0x65, 0x6e, 0x74,
  0x20, 0x6e, 0x61, 0x6d, 0x65, 0x3d, 0x22, 0xd0, 0xa1, 0xd0, 0xb2, 0xd0, 0xa3,
  0xd0, 0xbf, 0xd0, 0x9f, 0xd1, 0x80, 0xd0, 0xb5, 0xd0, 0xb4, 0x22, 0x20, 0x74,
  0x79, 0x70, 0x65, 0x3d, 0x22, 0xd0, 0xa1, 0xd0, 0xb2, 0xd0, 0xa3, 0xd0, 0xbf,
  0xd0, 0x9f, 0xd1, 0x80, 0xd0, 0xb5, 0xd0, 0xb4, 0xd0, 0xa2, 0xd0, 0xb8, 0xd0,
  0xbf, 0x22, 0x20, 0x6d, 0x61, 0x78, 0x4f, 0x63, 0x63, 0x75, 0x72, 0x73, 0x3d,
  0x22, 0x75, 0x6e, 0x62, 0x6f, 0x75, 0x6e, 0x64, 0x65, 0x64, 0x22, 0x3e, 0x0d,
  0x0a, 0x09, 0x09, 0x09, 0x09, 0x09, 0x09, 0x09, 0x09, 0x09, 0x09, 0x09, 0x3c,
  0x78, 0x73, 0x3a, 0x61, 0x6e, 0x6e, 0x6f, 0x74, 0x61, 0x74, 0x69, 0x6f, 0x6e,
  0x3e, 0x0d, 0x0a, 0x09, 0x09, 0x09, 0x09, 0x09, 0x09, 0x09, 0x09, 0x09, 0x09,
  0x09, 0x09, 0x3c, 0x78, 0x73, 0x3a, 0x64, 0x6f, 0x63, 0x75, 0x6d, 0x65, 0x6e,
  0x74, 0x61, 0x74, 0x69, 0x6f, 0x6e, 0x3e, 0xd0, 0xa1, 0xd0, 0xb2, 0xd0, 0xb5,
  0xd0, 0xb4, 0xd0, 0xb5, 0xd0, 0xbd, 0xd0, 0xb8, 0xd1, 0x8f, 0x20, 0xd0, 0xbe,
  0x20, 0xd0, 0xbf, 0xd1, 0x80, 0xd0, 0xb5, 0xd0, 0xb4, 0xd1, 0x81, 0xd1, 0x82,
  0xd0, 0xb0, 0xd0, 0xb2, 0xd0, 0xb8, 0xd1, 0x82, 0xd0, 0xb5, 0xd0, 0xbb, 0xd0,
  0xb5, 0x20, 0x28, 0xd0, 0xbf, 0xd1, 0x80, 0xd0, 0xb5, 0xd0, 0xb4, 0xd1, 0x81,
  0xd1, 0x82, 0xd0, 0xb0, 0xd0, 0xb2, 0xd0, 0xb8, 0xd1, 0x82, 0xd0, 0xb5, 0xd0,
  0xbb, 0xd1, 0x8f, 0xd1, 0x85, 0x29, 0x3c, 0x2f, 0x78, 0x73, 0x3a, 0x64, 0x6f,
  0x63, 0x75, 0x6d, 0x65, 0x6e, 0x74, 0x61, 0x74, 0x69, 0x6f, 0x6e, 0x3e, 0x0d,
  0x0a, 0x09, 0x09, 0x09, 0x09, 0x09, 0x09, 0x09, 0x09, 0x09, 0x09, 0x09, 0x3c,
  0x2f, 0x78, 0x73, 0x3a, 0x61, 0x6e, 0x6e, 0x6f, 0x74, 0x61, 0x74, 0x69, 0x6f,
  0x6e, 0x3e, 0x0d, 0x0a, 0x09, 0x09, 0x09, 0x09, 0x09, 0x09, 0x09, 0x09, 0x09,
  0x09, 0x3c, 0x2f, 0x78, 0x73, 0x3a, 0x65, 0x6c, 0x65, 0x6d, 0x65, 0x6e, 0x74,
  0x3e, 0x0d, 0x0a, 0x09, 0x09, 0x09, 0x09, 0x09, 0x09, 0x09, 0x09, 0x09, 0x09,
  0x3c, 0x78, 0x73, 0x3a, 0x65, 0x6c, 0x65, 0x6d, 0x65, 0x6e, 0x74, 0x20, 0x6e,
  0x61, 0x6d, 0x65, 0x3d, 0x22, 0xd0, 0xa1, 0xd0, 0xb2, 0xd0, 0x9f, 0xd0, 0xbe,
  0xd0, 0xbb, 0xd0, 0xbd, 0x22, 0x20, 0x74, 0x79, 0x70, 0x65, 0x3d, 0x22, 0xd0,
  0xa1, 0xd0, 0xb2, 0xd0, 0x9f, 0xd0, 0xbe, 0xd0, 0xbb, 0xd0, 0xbd, 0xd0, 0xa2,
  0xd0, 0xb8, 0xd0, 0xbf, 0x22, 0x3e, 0x0d, 0x0a, 0x09, 0x09, 0x09, 0x09, 0x09,
  0x09, 0x09, 0x09, 0x09, 0x09, 0x09, 0x3c, 0x78, 0x73, 0x3a, 0x61, 0x6e, 0x6e,
  0x6f, 0x74, 0x61, 0x74, 0x69, 0x6f, 0x6e, 0x3e, 0x0d, 0x0a, 0x09, 0x09, 0x09,
  0x09, 0x09, 0x09, 0x09, 0x09, 0x09, 0x09, 0x09, 0x09, 0x3c, 0x78, 0x73, 0x3a,
  0x64, 0x6f, 0x63, 0x75, 0x6d, 0x65, 0x6e, 0x74, 0x61, 0x74, 0x69, 0x6f, 0x6e,
  0x3e, 0xd0, 0xa1, 0xd0, 0xb2, 0xd0, 0xb5, 0xd0, 0xb4, 0xd0, 0xb5, 0xd0, 0xbd,
  0xd0, 0xb8, 0xd1, 0x8f, 0x20, 0xd0, 0xbe, 0x20, 0xd0, 0xbf, 0xd0, 0xbe, 0xd0,
  0xbb, 0xd0, 0xbd, 0xd0, 0xbe, 0xd0, 0xbc, 0xd0, 0xbe, 0xd1, 0x87, 0xd0, 0xb8,
  0xd1, 0x8f, 0xd1, 0x85, 0x20, 0xd0, 0xbf, 0xd1, 0x80, 0xd0, 0xb5, 0xd0, 0xb4,
  0xd1, 0x81, 0xd1, 0x82, 0xd0, 0xb0, 0xd0, 0xb2, 0xd0, 0xb8, 0xd1, 0x82, 0xd0,
  0xb5, 0xd0, 0xbb, 0xd1, 0x8f, 0x20, 0x28, 0xd0, 0xbf, 0xd1, 0x80, 0xd0, 0xb5,
  0xd0, 0xb4, 0xd1, 0x81, 0xd1, 0x82, 0xd0, 0xb0, 0xd0, 0xb2, 0xd0, 0xb8, 0xd1,
  0x82, 0xd0, 0xb5, 0xd0, 0xbb, 0xd0, 0xb5, 0xd0, 0xb9, 0x29, 0x3c, 0x2f, 0x78,
  0x73, 0x3a, 0x64, 0x6f, 0x63, 0x75, 0x6d, 0x65, 0x6e, 0x74, 0x61, 0x74, 0x69,
  0x6f, 0x6e, 0x3e, 0x0d, 0x0a, 0x09, 0x09, 0x09, 0x09, 0x09, 0x09, 0x09, 0x09,
  0x09, 0x09, 0x09, 0x3c, 0x2f, 0x78, 0x73, 0x3a, 0x61, 0x6e, 0x6e, 0x6f, 0x74,
  0x61, 0x74, 0x69, 0x6f, 0x6e, 0x3e, 0x0d, 0x0a, 0x09, 0x09, 0x09, 0x09, 0x09,
  0x09, 0x09, 0x09, 0x09, 0x09, 0x3c, 0x2f, 0x78, 0x73, 0x3a, 0x65, 0x6c, 0x65,
  0x6d, 0x65, 0x6e, 0x74, 0x3e, 0x0d, 0x0a, 0x09, 0x09, 0x09, 0x09, 0x09, 0x09,
  0x09, 0x09, 0x09, 0x09, 0x3c, 0x78, 0x73, 0x3a, 0x65, 0x6c, 0x65, 0x6d, 0x65,
  0x6e, 0x74, 0x20, 0x6e, 0x61, 0x6d, 0x65, 0x3d, 0x22, 0xd0, 0xa1, 0xd0, 0xb2,
  0xd0, 0x9d, 0xd0, 0xbe, 0xd1, 0x82, 0xd0, 0xa3, 0xd0, 0xb4, 0x22, 0x20, 0x74,
  0x79, 0x70, 0x65, 0x3d, 0x22, 0xd0, 0xa1, 0xd0, 0xb2, 0xd0, 0x9d, 0xd0, 0xbe,
  0xd1, 0x82, 0xd0, 0xa3, 0xd0, 0xb4, 0xd0, 0xa2, 0xd0, 0xb8, 0xd0, 0xbf, 0x22,
  0x20, 0x6d, 0x69, 0x6e, 0x4f, 0x63, 0x63, 0x75, 0x72, 0x73, 0x3d, 0x22, 0x30,
  0x22, 0x3e, 0x0d, 0x0a, 0x09, 0x09, 0x09, 0x09, 0x09, 0x09, 0x09, 0x09, 0x09,
  0x09, 0x09, 0x3c, 0x78, 0x73, 0x3a, 0x61, 0x6e, 0x6e, 0x6f, 0x74, 0x61, 0x74,
  0x69, 0x6f, 0x6e, 0x3e, 0x0d, 0x0a, 0x09, 0x09, 0x09, 0x09, 0x09, 0x09, 0x09,
  0x09, 0x09, 0x09, 0x09, 0x09, 0x3c, 0x78, 0x73, 0x3a, 0x64, 0x6f, 0x63, 0x75,
  0x6d, 0x65, 0x6e, 0x74, 0x61, 0x74, 0x69, 0x6f, 0x6e, 0x3e, 0xd0, 0xa1, 0xd0,
  0xb2, 0xd0, 0xb5, 0xd0, 0xb4, 0xd0, 0xb5, 0xd0, 0xbd, 0xd0, 0xb8, 0xd1, 0x8f,
  0x20, 0xd0, 0xbe, 0x20, 0xd0, 0xbd, 0xd0, 0xbe, 0xd1, 0x82, 0xd0, 0xb0, 0xd1,
  0x80, 0xd0, 0xb8, 0xd0, 0xb0, 0xd0, 0xbb, 0xd1, 0x8c, 0xd0, 0xbd, 0xd0, 0xbe,
  0xd0, 0xbc, 0x20, 0xd1, 0x83, 0xd0, 0xb4, 0xd0, 0xbe, 0xd1, 0x81, 0xd1, 0x82,
  0xd0, 0xbe, 0xd0, 0xb2, 0xd0, 0xb5, 0xd1, 0x80, 0xd0, 0xb5, 0xd0, 0xbd, 0xd0,
  0xb8, 0xd0, 0xb8, 0x3c, 0x2f, 0x78, 0x73, 0x3a, 0x64, 0x6f, 0x63, 0x75, 0x6d,
  0x65, 0x6e, 0x74, 0x61, 0x74, 0x69, 0x6f, 0x6e, 0x3e, 0x0d, 0x0a, 0x09, 0x09,
  0x09, 0x09, 0x09, 0x09, 0x09, 0x09, 0x09, 0x09, 0x09, 0x3c, 0x2f, 0x78, 0x73,
  0x3a, 0x61, 0x6e, 0x6e, 0x6f, 0x74, 0x61, 0x74, 0x69, 0x6f, 0x6e, 0x3e, 0x0d,
  0x0a, 0x09, 0x09, 0x09, 0x09, 0x09, 0x09, 0x09, 0x09, 0x09, 0x09, 0x3c, 0x2f,
  0x78, 0x73, 0x3a, 0x65, 0x6c, 0x65, 0x6d, 0x65, 0x6e, 0x74, 0x3e, 0x0d, 0x0a,
  0x09, 0x09, 0x09, 0x09, 0x09, 0x09, 0x09, 0x09, 0x09, 0x3c, 0x2f, 0x78, 0x73,
  0x3a, 0x73, 0x65, 0x71, 0x75, 0x65, 0x6e, 0x63, 0x65, 0x3e, 0x0d, 0x0a, 0x09,
  0x09, 0x09, 0x09, 0x09, 0x09, 0x09, 0x09, 0x3c, 0x2f, 0x78, 0x73, 0x3a, 0x63,
  0x6f, 0x6d, 0x70, 0x6c, 0x65, 0x78, 0x54, 0x79, 0x70, 0x65, 0x3e, 0x0d, 0x0a,
  0x09, 0x09, 0x09, 0x09, 0x09, 0x09, 0x09, 0x3c, 0x2f, 0x78, 0x73, 0x3a, 0x65,
  0x6c, 0x65, 0x6d, 0x65, 0x6e, 0x74, 0x3e, 0x0d, 0x0a, 0x09, 0x09, 0x09, 0x09,
  0x09, 0x09, 0x09, 0x3c, 0x78, 0x73, 0x3a, 0x65, 0x6c, 0x65, 0x6d, 0x65, 0x6e,
  0x74, 0x20, 0x6e, 0x61, 0x6d, 0x65, 0x3d, 0x22, 0xd0, 0x9f, 0xd0, 0xb5, 0xd1,
  0x80, 0xd0, 0xb5, 0xd0, 0xb4, 0xd0, 0xbe, 0xd0, 0xb2, 0x22, 0x3e, 0x0d, 0x0a,
  0x09, 0x09, 0x09, 0x09, 0x09, 0x09, 0x09, 0x09, 0x3c, 0x78, 0x73, 0x3a, 0x61,
  0x6e, 0x6e, 0x6f, 0x74, 0x61, 0x74, 0x69, 0x6f, 0x6e, 0x3e, 0x0d, 0x0a, 0x09,
  0x09, 0x09, 0x09, 0x09, 0x09, 0x09, 0x09, 0x09, 0x3c, 0x78, 0x73, 0x3a, 0x64,
  0x6f, 0x63, 0x75, 0x6d, 0x65, 0x6e, 0x74, 0x61, 0x74, 0x69, 0x6f, 0x6e, 0x3e,
  0xd0, 0x9f, 0xd0, 0xb5, 0xd1, 0x80, 0xd0, 0xb5, 0xd0, 0xb4, 0xd0, 0xbe, 0xd0,
  0xb2, 0xd0, 0xb5, 0xd1, 0x80, 0xd0, 0xb8, 0xd0, 0xb5, 0x3c, 0x2f, 0x78, 0x73,
  0x3a, 0x64, 0x6f, 0x63, 0x75, 0x6d, 0x65, 0x6e, 0x74, 0x61, 0x74, 0x69, 0x6f,
  0x6e, 0x3e, 0x0d, 0x0a, 0x09, 0x09, 0x09, 0x09, 0x09, 0x09, 0x09, 0x09, 0x3c,
  0x2f, 0x78, 0x73, 0x3a, 0x61, 0x6e, 0x6e, 0x6f, 0x74, 0x61, 0x74, 0x69, 0x6f,
  0x6e, 0x3e, 0x0d, 0x0a, 0x09, 0x09, 0x09, 0x09, 0x09, 0x09, 0x09, 0x09, 0x3c,
  0x78, 0x73, 0x3a, 0x63, 0x6f, 0x6d, 0x70, 0x6c, 0x65, 0x78, 0x54, 0x79, 0x70,
  0x65, 0x3e, 0x0d, 0x0a, 0x09, 0x09, 0x09, 0x09, 0x09, 0x09, 0x09, 0x09, 0x09,
  0x3c, 0x78, 0x73, 0x3a, 0x73, 0x65, 0x71, 0x75, 0x65, 0x6e, 0x63, 0x65, 0x3e,
  0x0d, 0x0a, 0x09, 0x09, 0x09, 0x09, 0x09, 0x09, 0x09, 0x09, 0x09, 0x09, 0x3c,
  0x78, 0x73, 0x3a, 0x65, 0x6c, 0x65, 0x6d, 0x65, 0x6e, 0x74, 0x20, 0x6e, 0x61,
  0x6d, 0x65, 0x3d, 0x22, 0xd0, 0xa1, 0xd0, 0xb2, 0xd0, 0x9f, 0xd0, 0xb5, 0xd1,
  0x80, 0xd0, 0xb2, 0xd0, 0x94, 0xd0, 0xbe, 0xd0, 0xb2, 0xd0, 0xb5, 0xd1, 0x80,
  0x22, 0x20, 0x74, 0x79, 0x70, 0x65, 0x3d, 0x22, 0xd0, 0xa1, 0xd0, 0xb2, 0xd0,
  0x9f, 0xd0, 0xb5, 0xd1, 0x80, 0xd0, 0xb2, 0xd0, 0x94, 0xd0, 0xbe, 0xd0, 0xb2,
  0xd0, 0xb5, 0xd1, 0x80, 0xd0, 0xa2, 0xd0, 0xb8, 0xd0, 0xbf, 0x22, 0x3e, 0x0d,
  0x0a, 0x09, 0x09, 0x09, 0x09, 0x09, 0x09, 0x09, 0x09, 0x09, 0x09, 0x09, 0x3c,
  0x78, 0x73, 0x3a, 0x61, 0x6e, 0x6e, 0x6f, 0x74, 0x61, 0x74, 0x69, 0x6f, 0x6e,
  0x3e, 0x0d, 0x0a, 0x09, 0x09, 0x09, 0x09, 0x09, 0x09, 0x09, 0x09, 0x09, 0x09,
  0x09, 0x09, 0x3c, 0x78, 0x73, 0x3a, 0x64, 0x6f, 0x63, 0x75, 0x6d, 0x65, 0x6e,
  0x74, 0x61, 0x74, 0x69, 0x6f, 0x6e, 0x3e, 0xd0, 0xa1, 0xd0, 0xb2, 0xd0, 0xb5,
  0xd0, 0xb4, 0xd0, 0xb5, 0xd0, 0xbd, 0xd0, 0xb8, 0xd1, 0x8f, 0x20, 0xd0, 0xbe,
  0x20, 0xd0, 0xbf, 0xd0, 0xb5, 0xd1, 0x80, 0xd0, 0xb2, 0xd0, 0xbe, 0xd0, 0xbd,
  0xd0, 0xb0, 0xd1, 0x87, 0xd0, 0xb0, 0xd0, 0xbb, 0xd1, 0x8c, 0xd0, 0xbd, 0xd0,
  0xbe, 0xd0, 0xb9, 0x20, 0xd0, 0xb4, 0xd0, 0xbe, 0xd0, 0xb2, 0xd0, 0xb5, 0xd1,
  0x80, 0xd0, 0xb5, 0xd0, 0xbd, 0xd0, 0xbd, 0xd0, 0xbe, 0xd1, 0x81, 0xd1, 0x82,
  0xd0, 0xb8, 0x3c, 0x2f, 0x78, 0x73, 0x3a, 0x64, 0x6f, 0x63, 0x75, 0x6d, 0x65,
  0x6e, 0x74, 0x61, 0x74, 0x69, 0x6f, 0x6e, 0x3e, 0x0d, 0x0a, 0x09, 0x09, 0x09,
  0x09, 0x09, 0x09, 0x09, 0x09, 0x09, 0x09, 0x09, 0x3c, 0x2f, 0x78, 0x73, 0x3a,
  0x61, 0x6e, 0x6e, 0x6f, 0x74, 0x61, 0x74, 0x69, 0x6f, 0x6e, 0x3e, 0x0d, 0x0a,
  0x09, 0x09, 0x09, 0x09, 0x09, 0x09, 0x09, 0x09, 0x09, 0x09, 0x3c, 0x2f, 0x78,
  0x73, 0x3a, 0x65, 0x6c, 0x65, 0x6d, 0x65, 0x6e, 0x74, 0x3e, 0x0d, 0x0a, 0x09,
  0x09, 0x09, 0x09, 0x09, 0x09, 0x09, 0x09, 0x09, 0x09, 0x3c, 0x78, 0x73, 0x3a,
  0x65, 0x6c, 0x65, 0x6d, 0x65, 0x6e, 0x74, 0x20, 0x6e, 0x61, 0x6d, 0x65, 0x3d,
  0x22, 0xd0, 0xa1, 0xd0, 0xb2, 0xd0, 0x9f, 0xd0, 0xb5, 0xd1, 0x80, 0xd0, 0xb5,
  0xd0, 0xb4, 0xd0, 0xbe, 0xd0, 0xb2, 0x22, 0x20, 0x74, 0x79, 0x70, 0x65, 0x3d,
  0x22, 0xd0, 0xa1, 0xd0, 0xb2, 0xd0, 0x9f, 0xd0, 0xb5, 0xd1, 0x80, 0xd0, 0xb2,
  0xd0, 0x94, 0xd0, 0xbe, 0xd0, 0xb2, 0xd0, 0xb5, 0xd1, 0x80, 0xd0, 0xa2, 0xd0,
  0xb8, 0xd0, 0xbf, 0x22, 0x20, 0x6d, 0x69, 0x6e, 0x4f, 0x63, 0x63, 0x75, 0x72,
  0x73, 0x3d, 0x22, 0x30, 0x22, 0x3e, 0x0d, 0x0a, 0x09, 0x09, 0x09, 0x09, 0x09,
  0x09, 0x09, 0x09, 0x09, 0x09, 0x09, 0x3c, 0x78, 0x73, 0x3a, 0x61, 0x6e, 0x6e,
  0x6f, 0x74, 0x61, 0x74, 0x69, 0x6f, 0x6e, 0x3e, 0x0d, 0x0a, 0x09, 0x09, 0x09,
  0x09, 0x09, 0x09, 0x09, 0x09, 0x09, 0x09, 0x09, 0x09, 0x3c, 0x78, 0x73, 0x3a,
  0x64, 0x6f, 0x63, 0x75, 0x6d, 0x65, 0x6e, 0x74, 0x61, 0x74, 0x69, 0x6f, 0x6e,
  0x3e, 0xd0, 0xa1, 0xd0, 0xb2, 0xd0, 0xb5, 0xd0, 0xb4, 0xd0, 0xb5, 0xd0, 0xbd,
  0xd0, 0xb8, 0xd1, 0x8f, 0x20, 0xd0, 0xbe, 0x20, 0xd0, 0xb4, 0xd0, 0xbe, 0xd0,
  0xb2, 0xd0, 0xb5, 0xd1, 0x80, 0xd0, 0xb5, 0xd0, 0xbd, 0xd0, 0xbd, 0xd0, 0xbe,
  0xd1, 0x81, 0xd1, 0x82, 0xd0, 0xb8, 0x2c, 0x20, 0xd0, 0xbd, 0xd0, 0xb0, 0x20,
  0xd0, 0xbe, 0xd1, 0x81, 0xd0, 0xbd, 0xd0, 0xbe, 0xd0, 0xb2, 0xd0, 0xb0, 0xd0,
  0xbd, 0xd0, 0xb8, 0xd0, 0xb8, 0x20, 0xd0, 0xba, 0xd0, 0xbe, 0xd1, 0x82, 0xd0,
  0xbe, 0xd1, 0x80, 0xd0, 0xbe, 0xd0, 0xb9, 0x20, 0xd0, 0xbe, 0xd1, 0x81, 0xd1,
  0x83, 0xd1, 0x89, 0xd0, 0xb5, 0xd1, 0x81, 0xd1, 0x82, 0xd0, 0xb2, 0xd0, 0xbb,
  0xd1, 0x8f, 0xd0, 0xb5, 0xd1, 0x82, 0xd1, 0x81, 0xd1, 0x8f, 0x20, 0xd0, 0xbf,
  0xd0, 0xb5, 0xd1, 0x80, 0xd0, 0xb5, 0xd0, 0xb4, 0xd0, 0xbe, 0xd0, 0xb2, 0xd0,
  0xb5, 0xd1, 0x80, 0xd0, 0xb8, 0xd0, 0xb5, 0x3c, 0x2f, 0x78, 0x73, 0x3a, 0x64,
  0x6f, 0x63, 0x75, 0x6d, 0x65, 0x6e, 0x74, 0x61, 0x74, 0x69, 0x6f, 0x6e, 0x3e,
  0x0d, 0x0a, 0x09, 0x09, 0x09, 0x09, 0x09, 0x09, 0x09, 0x09, 0x09, 0x09, 0x09,
  0x3c, 0x2f, 0x78, 0x73, 0x3a, 0x61, 0x6e, 0x6e, 0x6f, 0x74, 0x61, 0x74, 0x69,
  0x6f, 0x6e, 0x3e, 0x0d, 0x0a, 0x09, 0x09, 0x09, 0x09, 0x09, 0x09, 0x09, 0x09,
  0x09, 0x09, 0x3c, 0x2f, 0x78, 0x73, 0x3a, 0x65, 0x6c, 0x65, 0x6d, 0x65, 0x6e,
  0x74, 0x3e, 0x0d, 0x0a, 0x09, 0x09, 0x09, 0x09, 0x09, 0x09, 0x09, 0x09, 0x09,
  0x09, 0x3c, 0x78, 0x73, 0x3a, 0x65, 0x6c, 0x65, 0x6d, 0x65, 0x6e, 0x74, 0x20,
  0x6e, 0x61, 0x6d, 0x65, 0x3d, 0x22, 0xd0, 0xa1, 0xd0, 0xb2, 0xd0, 0x9f, 0xd0,
  0xb5, 0xd1, 0x80, 0xd0, 0xb5, 0xd0, 0x94, 0xd0, 0xbe, 0xd0, 0xb2, 0xd0, 0xb5,
  0xd1, 0x80, 0x22, 0x20, 0x74, 0x79, 0x70, 0x65, 0x3d, 0x22, 0xd0, 0xa1, 0xd0,
  0xb2, 0xd0, 0x94, 0xd0, 0xbe, 0xd0, 0xb2, 0xd0, 0xa2, 0xd0, 0xb8, 0xd0, 0xbf,
  0x22, 0x3e, 0x0d, 0x0a, 0x09, 0x09, 0x09, 0x09, 0x09, 0x09, 0x09, 0x09, 0x09,
  0x09, 0x09, 0x3c, 0x78, 0x73, 0x3a, 0x61, 0x6e, 0x6e, 0x6f, 0x74, 0x61, 0x74,
  0x69, 0x6f, 0x6e, 0x3e, 0x0d, 0x0a, 0x09, 0x09, 0x09, 0x09, 0x09, 0x09, 0x09,
  0x09, 0x09, 0x09, 0x09, 0x09, 0x3c, 0x78, 0x73, 0x3a, 0x64, 0x6f, 0x63, 0x75,
  0x6d, 0x65, 0x6e, 0x74, 0x61, 0x74, 0x69, 0x6f, 0x6e, 0x3e, 0xd0, 0xa1, 0xd0,
  0xb2, 0xd0, 0xb5, 0xd0, 0xb4, 0xd0, 0xb5, 0xd0, 0xbd, 0xd0, 0xb8, 0xd1, 0x8f,
  0x20, 0xd0, 0xbe, 0x20, 0xd0, 0xb4, 0xd0, 0xbe, 0xd0, 0xb2, 0xd0, 0xb5, 0xd1,
  0x80, 0xd0, 0xb5, 0xd0, 0xbd, 0xd0, 0xbd, 0xd0, 0xbe, 0xd1, 0x81, 0xd1, 0x82,
  0xd0, 0xb8, 0x3c, 0x2f, 0x78, 0x73, 0x3a, 0x64, 0x6f, 0x63, 0x75, 0x6d, 0x65,
  0x6e, 0x74, 0x61, 0x74, 0x69, 0x6f, 0x6e, 0x3e, 0x0d, 0x0a, 0x09, 0x09, 0x09,
  0x09, 0x09, 0x09, 0x09, 0x09, 0x09, 0x09, 0x09, 0x3c, 0x2f, 0x78, 0x73, 0x3a,
  0x61, 0x6e, 0x6e, 0x6f, 0x74, 0x61, 0x74, 0x69, 0x6f, 0x6e, 0x3e, 0x0d, 0x0a,
  0x09, 0x09, 0x09, 0x09, 0x09, 0x09, 0x09, 0x09, 0x09, 0x09, 0x3c, 0x2f, 0x78,
  0x73, 0x3a, 0x65, 0x6c, 0x65, 0x6d, 0x65, 0x6e, 0x74, 0x3e, 0x0d, 0x0a, 0x09,
  0x09, 0x09, 0x09, 0x09, 0x09, 0x09, 0x09, 0x09, 0x09, 0x3c, 0x78, 0x73, 0x3a,
  0x65, 0x6c, 0x65, 0x6d, 0x65, 0x6e, 0x74, 0x20, 0x6e, 0x61, 0x6d, 0x65, 0x3d,
  0x22, 0xd0, 0xa1, 0xd0, 0xb2, 0xd0, 0x9f, 0xd0, 0xb5, 0xd1, 0x80, 0xd0, 0xb5,
  0xd0, 0xb4, 0xd0, 0x9f, 0xd0, 0xbe, 0xd0, 0xbb, 0xd0, 0xbd, 0x22, 0x20, 0x6d,
  0x61, 0x78, 0x4f, 0x63, 0x63, 0x75, 0x72, 0x73, 0x3d, 0x22, 0x75, 0x6e, 0x62,
  0x6f, 0x75, 0x6e, 0x64, 0x65, 0x64, 0x22, 0x3e, 0x0d, 0x0a, 0x09, 0x09, 0x09,
  0x09, 0x09, 0x09, 0x09, 0x09, 0x09, 0x09, 0x09, 0x3c, 0x78, 0x73, 0x3a, 0x61,
  0x6e, 0x6e, 0x6f, 0x74, 0x61, 0x74, 0x69, 0x6f, 0x6e, 0x3e, 0x0d, 0x0a, 0x09,
  0x09, 0x09, 0x09, 0x09, 0x09, 0x09, 0x09, 0x09, 0x09, 0x09, 0x09, 0x3c, 0x78,
  0x73, 0x3a, 0x64, 0x6f, 0x63, 0x75, 0x6d, 0x65, 0x6e, 0x74, 0x61, 0x74, 0x69,
  0x6f, 0x6e, 0x3e, 0xd0, 0xa1, 0xd0, 0xb2, 0xd0, 0xb5, 0xd0, 0xb4, 0xd0, 0xb5,
  0xd0, 0xbd, 0xd0, 0xb8, 0xd1, 0x8f, 0x20, 0xd0, 0xbe, 0x20, 0xd0, 0xbb, 0xd0,
  0xb8, 0xd1, 0x86, 0xd0, 0xb5, 0x20, 0x28, 0xd0, 0xbb, 0xd0, 0xb8, 0xd1, 0x86,
  0xd0, 0xb0, 0xd1, 0x85, 0x29, 0x2c, 0x20, 0xd0, 0xbf, 0xd0, 0xb5, 0xd1, 0x80,
  0xd0, 0xb5, 0xd0, 0xb4, 0xd0, 0xb0, 0xd0, 0xb2, 0xd1, 0x88, 0xd0, 0xb5, 0xd0,
  0xbc, 0x20, 0x28, 0xd0, 0xbf, 0xd0, 0xb5, 0xd1, 0x80, 0xd0, 0xb5, 0xd0, 0xb4,
  0xd0, 0xb0, 0xd0, 0xb2, 0xd1, 0x88, 0xd0, 0xb8, 0xd1, 0x85, 0x29, 0x20, 0xd0,
  0xbf, 0xd0, 0xbe, 0xd0, 0xbb, 0xd0, 0xbd, 0xd0, 0xbe, 0xd0, 0xbc, 0xd0, 0xbe,
  0xd1, 0x87, 0xd0, 0xb8, 0xd1, 0x8f, 0x3c, 0x2f, 0x78, 0x73, 0x3a, 0x64, 0x6f,
  0x63, 0x75, 0x6d, 0x65, 0x6e, 0x74, 0x61, 0x74, 0x69, 0x6f, 0x6e, 0x3e, 0x0d,
  0x0a, 0x09, 0x09, 0x09, 0x09, 0x09, 0x09, 0x09, 0x09, 0x09, 0x09, 0x09, 0x3c,
  0x2f, 0x78, 0x73, 0x3a, 0x61, 0x6e, 0x6e, 0x6f, 0x74, 0x61, 0x74, 0x69, 0x6f,
  0x6e, 0x3e, 0x0d, 0x0a, 0x09, 0x09, 0x09, 0x09, 0x09, 0x09, 0x09, 0x09, 0x09,
  0x09, 0x09, 0x3c, 0x78, 0x73, 0x3a, 0x63, 0x6f, 0x6d, 0x70, 0x6c, 0x65, 0x78,
  0x54, 0x79, 0x70, 0x65, 0x3e, 0x0d, 0x0a, 0x09, 0x09, 0x09, 0x09, 0x09, 0x09,
  0x09, 0x09, 0x09, 0x09, 0x09, 0x09, 0x3c, 0x78, 0x73, 0x3a, 0x73, 0x65, 0x71,
  0x75, 0x65, 0x6e, 0x63, 0x65, 0x3e, 0x0d, 0x0a, 0x09, 0x09, 0x09, 0x09, 0x09,
  0x09, 0x09, 0x09, 0x09, 0x09, 0x09, 0x09, 0x09, 0x3c, 0x78, 0x73, 0x3a, 0x65,
  0x6c, 0x65, 0x6d, 0x65, 0x6e, 0x74, 0x20, 0x6e, 0x61, 0x6d, 0x65, 0x3d, 0x22,
  0xd0, 0x9f, 0xd0, 0xb5, 0xd1, 0x80, 0xd0, 0xb5, 0xd0, 0xb4, 0xd0, 0x9f, 0xd0,
  0xbe, 0xd0, 0xbb, 0xd0, 0xbd, 0x22, 0x3e, 0x0d, 0x0a, 0x09, 0x09, 0x09, 0x09,
  0x09, 0x09, 0x09, 0x09, 0x09, 0x09, 0x09, 0x09, 0x09, 0x09, 0x3c, 0x78, 0x73,
  0x3a, 0x61, 0x6e, 0x6e, 0x6f, 0x74, 0x61, 0x74, 0x69, 0x6f, 0x6e, 0x3e, 0x0d,
  0x0a, 0x09, 0x09, 0x09, 0x09, 0x09, 0x09, 0x09, 0x09, 0x09, 0x09, 0x09, 0x09,
  0x09, 0x09, 0x09, 0x3c, 0x78, 0x73, 0x3a, 0x64, 0x6f, 0x63, 0x75, 0x6d, 0x65,
  0x6e, 0x74, 0x61, 0x74, 0x69, 0x6f, 0x6e, 0x3e, 0xd0, 0xa1, 0xd0, 0xb2, 0xd0,
  0xb5, 0xd0, 0xb4, 0xd0, 0xb5, 0xd0, 0xbd, 0xd0, 0xb8, 0xd1, 0x8f, 0x20, 0xd0,
  0xbe, 0x20, 0xd0, 0xbb, 0xd0, 0xb8, 0xd1, 0x86, 0xd0, 0xb5, 0x2c, 0x20, 0xd0,
  0xbf, 0xd0, 0xb5, 0xd1, 0x80, 0xd0, 0xb5, 0xd0, 0xb4, 0xd0, 0xb0, 0xd0, 0xb2,
  0xd1, 0x88, 0xd0, 0xb5, 0xd0, 0xbc, 0x20, 0xd0, 0xbf, 0xd0, 0xbe, 0xd0, 0xbb,
  0xd0, 0xbd, 0xd0, 0xbe, 0xd0, 0xbc, 0xd0, 0xbe, 0xd1, 0x87, 0xd0, 0xb8, 0xd1,
  0x8f, 0x3c, 0x2f, 0x78, 0x73, 0x3a, 0x64, 0x6f, 0x63, 0x75, 0x6d, 0x65, 0x6e,
  0x74, 0x61, 0x74, 0x69, 0x6f, 0x6e, 0x3e, 0x0d, 0x0a, 0x09, 0x09, 0x09, 0x09,
  0x09, 0x09, 0x09, 0x09, 0x09, 0x09, 0x09, 0x09, 0x09, 0x09, 0x3c, 0x2f, 0x78,
  0x73, 0x3a, 0x61, 0x6e, 0x6e, 0x6f, 0x74, 0x61, 0x74, 0x69, 0x6f, 0x6e, 0x3e,
  0x0d, 0x0a, 0x09, 0x09, 0x09, 0x09, 0x09, 0x09, 0x09, 0x09, 0x09, 0x09, 0x09,
  0x09, 0x09, 0x09, 0x3c, 0x78, 0x73, 0x3a, 0x63, 0x6f, 0x6d, 0x70, 0x6c, 0x65,
  0x78, 0x54, 0x79, 0x70, 0x65, 0x3e, 0x0d, 0x0a, 0x09, 0x09, 0x09, 0x09, 0x09,
  0x09, 0x09, 0x09, 0x09, 0x09, 0x09, 0x09, 0x09, 0x09, 0x09, 0x3c, 0x78, 0x73,
  0x3a, 0x73, 0x65, 0x71, 0x75, 0x65, 0x6e, 0x63, 0x65, 0x3e, 0x0d, 0x0a, 0x09,
  0x09, 0x09, 0x09, 0x09, 0x09, 0x09, 0x09, 0x09, 0x09, 0x09, 0x09, 0x09, 0x09,
  0x09, 0x09, 0x3c, 0x78, 0x73, 0x3a, 0x65, 0x6c, 0x65, 0x6d, 0x65, 0x6e, 0x74,
  0x20, 0x6e, 0x61, 0x6d, 0x65, 0x3d, 0x22, 0xd0, 0xa0, 0xd0, 0xbe, 0xd1, 0x81,
  0xd0, 0x9e, 0xd1, 0x80, 0xd0, 0xb3, 0xd0, 0x9f, 0xd0, 0xb5, 0xd1, 0x80, 0xd0,
  0x9f, 0xd0, 0xbe, 0xd0, 0xbb, 0xd0, 0xbd, 0x22, 0x20, 0x74, 0x79, 0x70, 0x65,
  0x3d, 0x22, 0xd0, 0xa0, 0xd0, 0xbe, 0xd1, 0x81, 0xd0, 0x9e, 0xd1, 0x80, 0xd0,
  0xb3, 0xd0, 0x94, 0xd0, 0xbe, 0xd0, 0xb2, 0xd0, 0xb5, 0xd1, 0x80, 0xd0, 0xa2,
  0xd0, 0xb8, 0xd0, 0xbf, 0x22, 0x20, 0x6d, 0x69, 0x6e, 0x4f, 0x63, 0x63, 0x75,
  0x72, 0x73, 0x3d, 0x22, 0x30, 0x22, 0x3e, 0x0d, 0x0a, 0x09, 0x09, 0x09, 0x09,
  0x09, 0x09, 0x09, 0x09, 0x09, 0x09, 0x09, 0x09, 0x09, 0x09, 0x09, 0x09, 0x09,
  0x3c, 0x78, 0x73, 0x3a, 0x61, 0x6e, 0x6e, 0x6f, 0x74, 0x61, 0x74, 0x69, 0x6f,
  0x6e, 0x3e, 0x0d, 0x0a, 0x09, 0x09, 0x09, 0x09, 0x09, 0x09, 0x09, 0x09, 0x09,
  0x09, 0x09, 0x09, 0x09, 0x09, 0x09, 0x09, 0x09, 0x09, 0x3c, 0x78, 0x73, 0x3a,
  0x64, 0x6f, 0x63, 0x75, 0x6d, 0x65, 0x6e, 0x74, 0x61, 0x74, 0x69, 0x6f, 0x6e,
  0x3e, 0xd0, 0xa1, 0xd0, 0xb2, 0xd0, 0xb5, 0xd0, 0xb4, 0xd0, 0xb5, 0xd0, 0xbd,
  0xd0, 0xb8, 0xd1, 0x8f, 0x20, 0xd0, 0xbe, 0x20, 0xd1, 0x8e, 0xd1, 0x80, 0xd0,
  0xb8, 0xd0, 0xb4, 0xd0, 0xb8, 0xd1, 0x87, 0xd0, 0xb5, 0xd1, 0x81, 0xd0, 0xba,
  0xd0, 0xbe, 0xd0, 0xbc, 0x20, 0xd0, 0xbb, 0xd0, 0xb8, 0xd1, 0x86, 0xd0, 0xb5,
  0x3c, 0x2f, 0x78, 0x73, 0x3a, 0x64, 0x6f, 0x63, 0x75, 0x6d, 0x65, 0x6e, 0x74,
  0x61, 0x74, 0x69, 0x6f, 0x6e, 0x3e, 0x0d, 0x0a, 0x09, 0x09, 0x09, 0x09, 0x09,
  0x09, 0x09, 0x09, 0x09, 0x09, 0x09, 0x09, 0x09, 0x09, 0x09, 0x09, 0x09, 0x3c,
  0x2f, 0x78, 0x73, 0x3a, 0x61, 0x6e, 0x6e, 0x6f, 0x74, 0x61, 0x74, 0x69, 0x6f,
  0x6e, 0x3e, 0x0d, 0x0a, 0x09, 0x09, 0x09, 0x09, 0x09, 0x09, 0x09, 0x09, 0x09,
  0x09, 0x09, 0x09, 0x09, 0x09, 0x09, 0x09, 0x3c, 0x2f, 0x78, 0x73, 0x3a, 0x65,
  0x6c, 0x65, 0x6d, 0x65, 0x6e, 0x74, 0x3e, 0x0d, 0x0a, 0x09, 0x09, 0x09, 0x09,
  0x09, 0x09, 0x09, 0x09, 0x09, 0x09, 0x09, 0x09, 0x09, 0x09, 0x09, 0x09, 0x3c,
  0x78, 0x73, 0x3a, 0x65, 0x6c, 0x65, 0x6d, 0x65, 0x6e, 0x74, 0x20, 0x6e, 0x61,
  0x6d, 0x65, 0x3d, 0x22, 0xd0, 0x98, 0xd0, 0x9f, 0xd0, 0x9f, 0xd0, 0xb5, 0xd1,
  0x80, 0xd0, 0x9f, 0xd0, 0xbe, 0xd0, 0xbb, 0xd0, 0xbd, 0x22, 0x20, 0x74, 0x79,
  0x70, 0x65, 0x3d, 0x22, 0xd0, 0xa1, 0xd0, 0xb2, 0xd0, 0xb5, 0xd0, 0xb4, 0xd0,
  0x98, 0xd0, 0x9f, 0xd0, 0xa2, 0xd0, 0xb8, 0xd0, 0xbf, 0x22, 0x20, 0x6d, 0x69,
  0x6e, 0x4f, 0x63, 0x63, 0x75, 0x72, 0x73, 0x3d, 0x22, 0x30, 0x22, 0x3e, 0x0d,
  0x0a, 0x09, 0x09, 0x09, 0x09, 0x09, 0x09, 0x09, 0x09, 0x09, 0x09, 0x09, 0x09,
  0x09, 0x09, 0x09, 0x09, 0x09, 0x3c, 0x78, 0x73, 0x3a, 0x61, 0x6e, 0x6e, 0x6f,
  0x74, 0x61, 0x74, 0x69, 0x6f, 0x6e, 0x3e, 0x0d, 0x0a, 0x09, 0x09, 0x09, 0x09,
  0x09, 0x09, 0x09, 0x09, 0x09, 0x09, 0x09, 0x09, 0x09, 0x09, 0x09, 0x09, 0x09,
  0x09, 0x3c, 0x78, 0x73, 0x3a, 0x64, 0x6f, 0x63, 0x75, 0x6d, 0x65, 0x6e, 0x74,
  0x61, 0x74, 0x69, 0x6f, 0x6e, 0x3e, 0xd0, 0xa1, 0xd0, 0xb2, 0xd0, 0xb5, 0xd0,
  0xb4, 0xd0, 0xb5, 0xd0, 0xbd, 0xd0, 0xb8, 0xd1, 0x8f, 0x20, 0xd0, 0xbe, 0xd0,
  0xb1, 0x20, 0xd0, 0xb8, 0xd0, 0xbd, 0xd0, 0xb4, 0xd0, 0xb8, 0xd0, 0xb2, 0xd0,
  0xb8, 0xd0, 0xb4, 0xd1, 0x83, 0xd0, 0xb0, 0xd0, 0xbb, 0xd1, 0x8c, 0xd0, 0xbd,
  0xd0, 0xbe, 0xd0, 0xbc, 0x20, 0xd0, 0xbf, 0xd1, 0x80, 0xd0, 0xb5, 0xd0, 0xb4,
  0xd0, 0xbf, 0xd1, 0x80, 0xd0, 0xb8, 0xd0, 0xbd, 0xd0, 0xb8, 0xd0, 0xbc, 0xd0,
  0xb0, 0xd1, 0x82, 0xd0, 0xb5, 0xd0, 0xbb, 0xd0, 0xb5, 0x3c, 0x2f, 0x78, 0x73,
  0x3a, 0x64, 0x6f, 0x63, 0x75, 0x6d, 0x65, 0x6e, 0x74, 0x61, 0x74, 0x69, 0x6f,
  0x6e, 0x3e, 0x0d, 0x0a, 0x09, 0x09, 0x09, 0x09, 0x09, 0x09, 0x09, 0x09, 0x09,
  0x09, 0x09, 0x09, 0x09, 0x09, 0x09, 0x09, 0x09, 0x3c, 0x2f, 0x78, 0x73, 0x3a,
  0x61, 0x6e, 0x6e, 0x6f, 0x74, 0x61, 0x74, 0x69, 0x6f, 0x6e, 0x3e, 0x0d, 0x0a,
  0x09, 0x09, 0x09, 0x09, 0x09, 0x09, 0x09, 0x09, 0x09, 0x09, 0x09, 0x09, 0x09,
  0x09, 0x09, 0x09, 0x3c, 0x2f, 0x78, 0x73, 0x3a, 0x65, 0x6c, 0x65, 0x6d, 0x65,
  0x6e, 0x74, 0x3e, 0x0d, 0x0a, 0x09, 0x09, 0x09, 0x09, 0x09, 0x09, 0x09, 0x09,
  0x09, 0x09, 0x09, 0x09, 0x09, 0x09, 0x09, 0x09, 0x3c, 0x78, 0x73, 0x3a, 0x65,
  0x6c, 0x65, 0x6d, 0x65, 0x6e, 0x74, 0x20, 0x6e, 0x61, 0x6d, 0x65, 0x3d, 0x22,
  0xd0, 0xa4, 0xd0, 0x9b, 0xd0, 0x9f, 0xd0, 0xb5, 0xd1, 0x80, 0xd0, 0x9f, 0xd0,
  0xbe, 0xd0, 0xbb, 0xd0, 0xbd, 0x22, 0x20, 0x6d, 0x69, 0x6e, 0x4f, 0x63, 0x63,
  0x75, 0x72, 0x73, 0x3d, 0x22, 0x30, 0x22, 0x3e, 0x0d, 0x0a, 0x09, 0x09, 0x09,
  0x09, 0x09, 0x09, 0x09, 0x09, 0x09, 0x09, 0x09, 0x09, 0x09, 0x09, 0x09, 0x09,
  0x09, 0x3c, 0x78, 0x73, 0x3a, 0x61, 0x6e, 0x6e, 0x6f, 0x74, 0x61, 0x74, 0x69,
  0x6f, 0x6e, 0x3e, 0x0d, 0x0a, 0x09, 0x09, 0x09, 0x09, 0x09, 0x09, 0x09, 0x09,
  0x09, 0x09, 0x09, 0x09, 0x09, 0x09, 0x09, 0x09, 0x09, 0x09, 0x3c, 0x78, 0x73,
  0x3a, 0x64, 0x6f, 0x63, 0x75, 0x6d, 0x65, 0x6e, 0x74, 0x61, 0x74, 0x69, 0x6f,
  0x6e, 0x3e, 0xd0, 0xa1, 0xd0, 0xb2, 0xd0, 0xb5, 0xd0, 0xb4, 0xd0, 0xb5, 0xd0,
  0xbd, 0xd0, 0xb8, 0xd1, 0x8f, 0x20, 0xd0, 0xbe, 0x20, 0xd1, 0x84, 0xd0, 0xb8,
  0xd0, 0xb7, 0xd0, 0xb8, 0xd1, 0x87, 0xd0, 0xb5, 0xd1, 0x81, 0xd0, 0xba, 0xd0,
  0xbe, 0xd0, 0xbc, 0x20, 0xd0, 0xbb, 0xd0, 0xb8, 0xd1, 0x86, 0xd0, 0xb5, 0x3c,
  0x2f, 0x78, 0x73, 0x3a, 0x64, 0x6f, 0x63, 0x75, 0x6d, 0x65, 0x6e, 0x74, 0x61,
  0x74, 0x69, 0x6f, 0x6e, 0x3e, 0x0d, 0x0a, 0x09, 0x09, 0x09, 0x09, 0x09, 0x09,
  0x09, 0x09, 0x09, 0x09, 0x09, 0x09, 0x09, 0x09, 0x09, 0x09, 0x09, 0x3c, 0x2f,
  0x78, 0x73, 0x3a, 0x61, 0x6e, 0x6e, 0x6f, 0x74, 0x61, 0x74, 0x69, 0x6f, 0x6e,
  0x3e, 0x0d, 0x0a, 0x09, 0x09, 0x09, 0x09, 0x09, 0x09, 0x09, 0x09, 0x09, 0x09,
  0x09, 0x09, 0x09, 0x09, 0x09, 0x09, 0x09, 0x3c, 0x78, 0x73, 0x3a, 0x63, 0x6f,
  0x6d, 0x70, 0x6c, 0x65, 0x78, 0x54, 0x79, 0x70, 0x65, 0x3e, 0x0d, 0x0a, 0x09,
  0x09, 0x09, 0x09, 0x09, 0x09, 0x09, 0x09, 0x09, 0x09, 0x09, 0x09, 0x09, 0x09,
  0x09, 0x09, 0x09, 0x09, 0x3c, 0x78, 0x73, 0x3a, 0x73, 0x65, 0x71, 0x75, 0x65,
  0x6e, 0x63, 0x65, 0x3e, 0x0d, 0x0a, 0x09, 0x09, 0x09, 0x09, 0x09, 0x09, 0x09,
  0x09, 0x09, 0x09, 0x09, 0x09, 0x09, 0x09, 0x09, 0x09, 0x09, 0x09, 0x09, 0x3c,
  0x78, 0x73, 0x3a, 0x65, 0x6c, 0x65, 0x6d, 0x65, 0x6e, 0x74, 0x20, 0x6e, 0x61,
  0x6d, 0x65, 0x3d, 0x22, 0xd0, 0xa1, 0xd0, 0xb2, 0xd0, 0xb5, 0xd0, 0xb4, 0xd0,
  0xa0, 0xd1, 0x83, 0xd0, 0xba, 0xd0, 0xbe, 0xd0, 0xbf, 0x22, 0x20, 0x74, 0x79,
  0x70, 0x65, 0x3d, 0x22, 0xd0, 0xa1, 0xd0, 0xb2, 0xd0, 0xa4, 0xd0, 0x9b, 0xd0,
  0xa2, 0xd0, 0xb8, 0xd0, 0xbf, 0x22, 0x20, 0x6d, 0x69, 0x6e, 0x4f, 0x63, 0x63,
  0x75, 0x72, 0x73, 0x3d, 0x22, 0x30, 0x22, 0x3e, 0x0d, 0x0a, 0x09, 0x09, 0x09,
  0x09, 0x09, 0x09, 0x09, 0x09, 0x09, 0x09, 0x09, 0x09, 0x09, 0x09, 0x09, 0x09,
  0x09, 0x09, 0x09, 0x09, 0x3c, 0x78, 0x73, 0x3a, 0x61, 0x6e, 0x6e, 0x6f, 0x74,
  0x61, 0x74, 0x69, 0x6f, 0x6e, 0x3e, 0x0d, 0x0a, 0x09, 0x09, 0x09, 0x09, 0x09,
  0x09, 0x09, 0x09, 0x09, 0x09, 0x09, 0x09, 0x09, 0x09, 0x09, 0x09, 0x09, 0x09,
  0x09, 0x09, 0x09, 0x3c, 0x78, 0x73, 0x3a, 0x64, 0x6f, 0x63, 0x75, 0x6d, 0x65,
  0x6e, 0x74, 0x61, 0x74, 0x69, 0x6f, 0x6e, 0x3e, 0xd0, 0xa1, 0xd0, 0xb2, 0xd0,
  0xb5, 0xd0, 0xb4, 0xd0, 0xb5, 0xd0, 0xbd, 0xd0, 0xb8, 0xd1, 0x8f, 0x20, 0xd0,
  0xbe, 0x20, 0xd1, 0x80, 0xd1, 0x83, 0xd0, 0xba, 0xd0, 0xbe, 0xd0, 0xbf, 0xd1,
  0x80, 0xd0, 0xb8, 0xd0, 0xba, 0xd0, 0xbb, 0xd0, 0xb0, 0xd0, 0xb4, 0xd1, 0x87,
  0xd0, 0xb8, 0xd0, 0xba, 0xd0, 0xb5, 0x3c, 0x2f, 0x78, 0x73, 0x3a, 0x64, 0x6f,
  0x63, 0x75, 0x6d, 0x65, 0x6e, 0x74, 0x61, 0x74, 0x69, 0x6f, 0x6e, 0x3e, 0x0d,
  0x0a, 0x09, 0x09, 0x09, 0x09, 0x09, 0x09, 0x09, 0x09, 0x09, 0x09, 0x09, 0x09,
  0x09, 0x09, 0x09, 0x09, 0x09, 0x09, 0x09, 0x09, 0x3c, 0x2f, 0x78, 0x73, 0x3a,
  0x61, 0x6e, 0x6e, 0x6f, 0x74, 0x61, 0x74, 0x69, 0x6f, 0x6e, 0x3e, 0x0d, 0x0a,
  0x09, 0x09, 0x09, 0x09, 0x09, 0x09, 0x09, 0x09, 0x09, 0x09, 0x09, 0x09, 0x09,
  0x09, 0x09, 0x09, 0x09, 0x09, 0x09, 0x3c, 0x2f, 0x78, 0x73, 0x3a, 0x65, 0x6c,
  0x65, 0x6d, 0x65, 0x6e, 0x74, 0x3e, 0x0d, 0x0a, 0x09, 0x09, 0x09, 0x09, 0x09,
  0x09, 0x09, 0x09, 0x09, 0x09, 0x09, 0x09, 0x09, 0x09, 0x09, 0x09, 0x09, 0x09,
  0x09, 0x3c, 0x78, 0x73, 0x3a, 0x65, 0x6c, 0x65, 0x6d, 0x65, 0x6e, 0x74, 0x20,
  0x6e, 0x61, 0x6d, 0x65, 0x3d, 0x22, 0xd0, 0xa1, 0xd0, 0xb2, 0xd0, 0xb5, 0xd0,
  0xb4, 0xd0, 0xa4, 0xd0, 0x9b, 0x22, 0x20, 0x74, 0x79, 0x70, 0x65, 0x3d, 0x22,
  0xd0, 0xa1, 0xd0, 0xb2, 0xd0, 0xb5, 0xd0, 0xb4, 0xd0, 0xa4, 0xd0, 0x9b, 0xd0,
  0xa2, 0xd0, 0xb8, 0xd0, 0xbf, 0x22, 0x3e, 0x0d, 0x0a, 0x09, 0x09, 0x09, 0x09,
  0x09, 0x09, 0x09, 0x09, 0x09, 0x09, 0x09, 0x09, 0x09, 0x09, 0x09, 0x09, 0x09,
  0x09, 0x09, 0x09, 0x3c, 0x78, 0x73, 0x3a, 0x61, 0x6e, 0x6e, 0x6f, 0x74, 0x61,
  0x74, 0x69, 0x6f, 0x6e, 0x3e, 0x0d, 0x0a, 0x09, 0x09, 0x09, 0x09, 0x09, 0x09,
  0x09, 0x09, 0x09, 0x09, 0x09, 0x09, 0x09, 0x09, 0x09, 0x09, 0x09, 0x09, 0x09,
  0x09, 0x09, 0x3c, 0x78, 0x73, 0x3a, 0x64, 0x6f, 0x63, 0x75, 0x6d, 0x65, 0x6e,
  0x74, 0x61, 0x74, 0x69, 0x6f, 0x6e, 0x3e, 0xd0, 0xa1, 0xd0, 0xb2, 0xd0, 0xb5,
  0xd0, 0xb4, 0xd0, 0xb5, 0xd0, 0xbd, 0xd0, 0xb8, 0xd1, 0x8f, 0x20, 0xd0, 0xbe,
  0x20, 0xd1, 0x84, 0xd0, 0xb8, 0xd0, 0xb7, 0xd0, 0xb8, 0xd1, 0x87, 0xd0, 0xb5,
  0xd1, 0x81, 0xd0, 0xba, 0xd0, 0xbe, 0xd0, 0xbc, 0x20, 0xd0, 0xbb, 0xd0, 0xb8,
  0xd1, 0x86, 0xd0, 0xb5, 0x3c, 0x2f, 0x78, 0x73, 0x3a, 0x64, 0x6f, 0x63, 0x75,
  0x6d, 0x65, 0x6e, 0x74, 0x61, 0x74, 0x69, 0x6f, 0x6e, 0x3e, 0x0d, 0x0a, 0x09,
  0x09, 0x09, 0x09, 0x09, 0x09, 0x09, 0x09, 0x09, 0x09, 0x09, 0x09, 0x09, 0x09,
  0x09, 0x09, 0x09, 0x09, 0x09, 0x09, 0x3c, 0x2f, 0x78, 0x73, 0x3a, 0x61, 0x6e,
  0x6e, 0x6f, 0x74, 0x61, 0x74, 0x69, 0x6f, 0x6e, 0x3e, 0x0d, 0x0a, 0x09, 0x09,
  0x09, 0x09, 0x09, 0x09, 0x09, 0x09, 0x09, 0x09, 0x09, 0x09, 0x09, 0x09, 0x09,
  0x09, 0x09, 0x09, 0x09, 0x3c, 0x2f, 0x78, 0x73, 0x3a, 0x65, 0x6c, 0x65, 0x6d,
  0x65, 0x6e, 0x74, 0x3e, 0x0d, 0x0a, 0x09, 0x09, 0x09, 0x09, 0x09, 0x09, 0x09,
  0x09, 0x09, 0x09, 0x09, 0x09, 0x09, 0x09, 0x09, 0x09, 0x09, 0x09, 0x3c, 0x2f,
  0x78, 0x73, 0x3a, 0x73, 0x65, 0x71, 0x75, 0x65, 0x6e, 0x63, 0x65, 0x3e, 0x0d,
  0x0a, 0x09, 0x09, 0x09, 0x09, 0x09, 0x09, 0x09, 0x09, 0x09, 0x09, 0x09, 0x09,
  0x09, 0x09, 0x09, 0x09, 0x09, 0x09, 0x3c, 0x78, 0x73, 0x3a, 0x61, 0x74, 0x74,
  0x72, 0x69, 0x62, 0x75, 0x74, 0x65, 0x20, 0x6e, 0x61, 0x6d, 0x65, 0x3d, 0x22,
  0xd0, 0xa1, 0xd1, 0x82, 0xd0, 0xa3, 0xd1, 0x87, 0xd0, 0x9d, 0xd0, 0x94, 0x22,
  0x20, 0x75, 0x73, 0x65, 0x3d, 0x22, 0x6f, 0x70, 0x74, 0x69, 0x6f, 0x6e, 0x61,
  0x6c, 0x22, 0x3e, 0x0d, 0x0a, 0x09, 0x09, 0x09, 0x09, 0x09, 0x09, 0x09, 0x09,
  0x09, 0x09, 0x09, 0x09, 0x09, 0x09, 0x09, 0x09, 0x09, 0x09, 0x09, 0x3c, 0x78,
  0x73, 0x3a, 0x61, 0x6e, 0x6e, 0x6f, 0x74, 0x61, 0x74, 0x69, 0x6f, 0x6e, 0x3e,
  0x0d, 0x0a, 0x09, 0x09, 0x09, 0x09, 0x09, 0x09, 0x09, 0x09, 0x09, 0x09, 0x09,
  0x09, 0x09, 0x09, 0x09, 0x09, 0x09, 0x09, 0x09, 0x09, 0x3c, 0x78, 0x73, 0x3a,
  0x64, 0x6f, 0x63, 0x75, 0x6d, 0x65, 0x6e, 0x74, 0x61, 0x74, 0x69, 0x6f, 0x6e,
  0x3e, 0xd0, 0xa1, 0xd1, 0x82, 0xd0, 0xb0, 0xd1, 0x82, 0xd1, 0x83, 0xd1, 0x81,
  0x20, 0xd1, 0x83, 0xd1, 0x87, 0xd0, 0xb0, 0xd1, 0x81, 0xd1, 0x82, 0xd0, 0xbd,
  0xd0, 0xb8, 0xd0, 0xba, 0xd0, 0xb0, 0x20, 0xd0, 0xbd, 0xd0, 0xbe, 0xd1, 0x82,
  0xd0, 0xb0, 0xd1, 0x80, 0xd0, 0xb8, 0xd0, 0xb0, 0xd0, 0xbb, 0xd1, 0x8c, 0xd0,
  0xbd, 0xd0, 0xbe, 0xd0, 0xb3, 0xd0, 0xbe, 0x20, 0xd0, 0xb4, 0xd0, 0xb5, 0xd0,
  0xb9, 0xd1, 0x81, 0xd1, 0x82, 0xd0, 0xb2, 0xd0, 0xb8, 0xd1, 0x8f, 0x3c, 0x2f,
  0x78, 0x73, 0x3a, 0x64, 0x6f, 0x63, 0x75, 0x6d, 0x65, 0x6e, 0x74, 0x61, 0x74,
  0x69, 0x6f, 0x6e, 0x3e, 0x0d, 0x0a, 0x09, 0x09, 0x09, 0x09, 0x09, 0x09, 0x09,
  0x09, 0x09, 0x09, 0x09, 0x09, 0x09, 0x09, 0x09, 0x09, 0x09, 0x09, 0x09, 0x3c,
  0x2f, 0x78, 0x73, 0x3a, 0x61, 0x6e, 0x6e, 0x6f, 0x74, 0x61, 0x74, 0x69, 0x6f,
  0x6e, 0x3e, 0x0d, 0x0a, 0x09, 0x09, 0x09, 0x09, 0x09, 0x09, 0x09, 0x09, 0x09,
  0x09, 0x09, 0x09, 0x09, 0x09, 0x09, 0x09, 0x09, 0x09, 0x09, 0x3c, 0x78, 0x73,
  0x3a, 0x73, 0x69, 0x6d, 0x70, 0x6c, 0x65, 0x54, 0x79, 0x70, 0x65, 0x3e, 0x0d,
  0x0a, 0x09, 0x09, 0x09, 0x09, 0x09, 0x09, 0x09, 0x09, 0x09, 0x09, 0x09, 0x09,
  0x09, 0x09, 0x09, 0x09, 0x09, 0x09, 0x09, 0x09, 0x3c, 0x78, 0x73, 0x3a, 0x72,
  0x65, 0x73, 0x74, 0x72, 0x69, 0x63, 0x74, 0x69, 0x6f, 0x6e, 0x20, 0x62, 0x61,
  0x73, 0x65, 0x3d, 0x22, 0x78, 0x73, 0x3a, 0x73, 0x74, 0x72, 0x69, 0x6e, 0x67,
  0x22, 0x3e, 0x0d, 0x0a, 0x09, 0x09, 0x09, 0x09, 0x09, 0x09, 0x09, 0x09, 0x09,
  0x09, 0x09, 0x09, 0x09, 0x09, 0x09, 0x09, 0x09, 0x09, 0x09, 0x09, 0x09, 0x3c,
  0x78, 0x73, 0x3a, 0x6c, 0x65, 0x6e, 0x67, 0x74, 0x68, 0x20, 0x76, 0x61, 0x6c,
  0x75, 0x65, 0x3d, 0x22, 0x33, 0x22, 0x2f, 0x3e, 0x0d, 0x0a, 0x09, 0x09, 0x09,
  0x09, 0x09, 0x09, 0x09, 0x09, 0x09, 0x09, 0x09, 0x09, 0x09, 0x09, 0x09, 0x09,
  0x09, 0x09, 0x09, 0x09, 0x09, 0x3c, 0x78, 0x73, 0x3a, 0x65, 0x6e, 0x75, 0x6d,
  0x65, 0x72, 0x61, 0x74, 0x69, 0x6f, 0x6e, 0x20, 0x76, 0x61, 0x6c, 0x75, 0x65,
  0x3d, 0x22, 0x31, 0x30, 0x31, 0x22, 0x2f, 0x3e, 0x0d, 0x0a, 0x09, 0x09, 0x09,
  0x09, 0x09, 0x09, 0x09, 0x09, 0x09, 0x09, 0x09, 0x09, 0x09, 0x09, 0x09, 0x09,
  0x09, 0x09, 0x09, 0x09, 0x09, 0x3c, 0x78, 0x73, 0x3a, 0x65, 0x6e, 0x75, 0x6d,
  0x65, 0x72, 0x61, 0x74, 0x69, 0x6f, 0x6e, 0x20, 0x76, 0x61, 0x6c, 0x75, 0x65,
  0x3d, 0x22, 0x31, 0x30, 0x32, 0x22, 0x2f, 0x3e, 0x0d, 0x0a, 0x09, 0x09, 0x09,
  0x09, 0x09, 0x09, 0x09, 0x09, 0x09, 0x09, 0x09, 0x09, 0x09, 0x09, 0x09, 0x09,
  0x09, 0x09, 0x09, 0x09, 0x09, 0x3c, 0x78, 0x73, 0x3a, 0x65, 0x6e, 0x75, 0x6d,
  0x65, 0x72, 0x61, 0x74, 0x69, 0x6f, 0x6e, 0x20, 0x76, 0x61, 0x6c, 0x75, 0x65,
  0x3d, 0x22, 0x32, 0x39, 0x39, 0x22, 0x2f, 0x3e, 0x0d, 0x0a, 0x09, 0x09, 0x09,
  0x09, 0x09, 0x09, 0x09, 0x09, 0x09, 0x09, 0x09, 0x09, 0x09, 0x09, 0x09, 0x09,
  0x09, 0x09, 0x09, 0x09, 0x09, 0x3c, 0x78, 0x73, 0x3a, 0x65, 0x6e, 0x75, 0x6d,
  0x65, 0x72, 0x61, 0x74, 0x69, 0x6f, 0x6e, 0x20, 0x76, 0x61, 0x6c, 0x75, 0x65,
  0x3d, 0x22, 0x33, 0x30, 0x31, 0x22, 0x2f, 0x3e, 0x0d, 0x0a, 0x09, 0x09, 0x09,
  0x09, 0x09, 0x09, 0x09, 0x09, 0x09, 0x09, 0x09, 0x09, 0x09, 0x09, 0x09, 0x09,
  0x09, 0x09, 0x09, 0x09, 0x09, 0x3c, 0x78, 0x73, 0x3a, 0x65, 0x6e, 0x75, 0x6d,
  0x65, 0x72, 0x61, 0x74, 0x69, 0x6f, 0x6e, 0x20, 0x76, 0x61, 0x6c, 0x75, 0x65,
  0x3d, 0x22, 0x33, 0x30, 0x33, 0x22, 0x2f, 0x3e, 0x0d, 0x0a, 0x09, 0x09, 0x09,
  0x09, 0x09, 0x09, 0x09, 0x09, 0x09, 0x09, 0x09, 0x09, 0x09, 0x09, 0x09, 0x09,
  0x09, 0x09, 0x09, 0x09, 0x09, 0x3c, 0x78, 0x73, 0x3a, 0x65, 0x6e, 0x75, 0x6d,
  0x65, 0x72, 0x61, 0x74, 0x69, 0x6f, 0x6e, 0x20, 0x76, 0x61, 0x6c, 0x75, 0x65,
  0x3d, 0x22, 0x33, 0x39, 0x39, 0x22, 0x2f, 0x3e, 0x0d, 0x0a, 0x09, 0x09, 0x09,
  0x09, 0x09, 0x09, 0x09, 0x09, 0x09, 0x09, 0x09, 0x09, 0x09, 0x09, 0x09, 0x09,
  0x09, 0x09, 0x09, 0x09, 0x3c, 0x2f, 0x78, 0x73, 0x3a, 0x72, 0x65, 0x73, 0x74,
  0x72, 0x69, 0x63, 0x74, 0x69, 0x6f, 0x6e, 0x3e, 0x0d, 0x0a, 0x09, 0x09, 0x09,
  0x09, 0x09, 0x09, 0x09, 0x09, 0x09, 0x09, 0x09, 0x09, 0x09, 0x09, 0x09, 0x09,
  0x09, 0x09, 0x09, 0x3c, 0x2f, 0x78, 0x73, 0x3a, 0x73, 0x69, 0x6d, 0x70, 0x6c,
  0x65, 0x54, 0x79, 0x70, 0x65, 0x3e, 0x0d, 0x0a, 0x09, 0x09, 0x09, 0x09, 0x09,
  0x09, 0x09, 0x09, 0x09, 0x09, 0x09, 0x09, 0x09, 0x09, 0x09, 0x09, 0x09, 0x09,
  0x3c, 0x2f, 0x78, 0x73, 0x3a, 0x61, 0x74, 0x74, 0x72, 0x69, 0x62, 0x75, 0x74,
  0x65, 0x3e, 0x0d, 0x0a, 0x09, 0x09, 0x09, 0x09, 0x09, 0x09, 0x09, 0x09, 0x09,
  0x09, 0x09, 0x09, 0x09, 0x09, 0x09, 0x09, 0x09, 0x09, 0x3c, 0x78, 0x73, 0x3a,
  0x61, 0x74, 0x74, 0x72, 0x69, 0x62, 0x75, 0x74, 0x65, 0x20, 0x6e, 0x61, 0x6d,
  0x65, 0x3d, 0x22, 0xd0, 0x9f, 0xd1, 0x80, 0xd0, 0x9d, 0xd0, 0xb0, 0xd0, 0xbb,
  0xd0, 0xa0, 0xd1, 0x83, 0xd0, 0xba, 0x22, 0x20, 0x75, 0x73, 0x65, 0x3d, 0x22,
  0x6f, 0x70, 0x74, 0x69, 0x6f, 0x6e, 0x61, 0x6c, 0x22, 0x3e, 0x0d, 0x0a, 0x09,
  0x09, 0x09, 0x09, 0x09, 0x09, 0x09, 0x09, 0x09, 0x09, 0x09, 0x09, 0x09, 0x09,
  0x09, 0x09, 0x09, 0x09, 0x09, 0x3c, 0x78, 0x73, 0x3a, 0x61, 0x6e, 0x6e, 0x6f,
  0x74, 0x61, 0x74, 0x69, 0x6f, 0x6e, 0x3e, 0x0d, 0x0a, 0x09, 0x09, 0x09, 0x09,
  0x09, 0x09, 0x09, 0x09, 0x09, 0x09, 0x09, 0x09, 0x09, 0x09, 0x09, 0x09, 0x09,
  0x09, 0x09, 0x09, 0x3c, 0x78, 0x73, 0x3a, 0x64, 0x6f, 0x63, 0x75, 0x6d, 0x65,
  0x6e, 0x74, 0x61, 0x74, 0x69, 0x6f, 0x6e, 0x3e, 0xd0, 0x9f, 0xd1, 0x80, 0xd0,
  0xb8, 0xd0, 0xb7, 0xd0, 0xbd, 0xd0, 0xb0, 0xd0, 0xba, 0x20, 0xd0, 0xbd, 0xd0,
  0xb0, 0xd0, 0xbb, 0xd0, 0xb8, 0xd1, 0x87, 0xd0, 0xb8, 0xd1, 0x8f, 0x20, 0xd1,
  0x80, 0xd1, 0x83, 0xd0, 0xba, 0xd0, 0xbe, 0xd0, 0xbf, 0xd1, 0x80, 0xd0, 0xb8,
  0xd0, 0xba, 0xd0, 0xbb, 0xd0, 0xb0, 0xd0, 0xb4, 0xd1, 0x87, 0xd0, 0xb8, 0xd0,
  0xba, 0xd0, 0xb0, 0x3c, 0x2f, 0x78, 0x73, 0x3a, 0x64, 0x6f, 0x63, 0x75, 0x6d,
  0x65, 0x6e, 0x74, 0x61, 0x74, 0x69, 0x6f, 0x6e, 0x3e, 0x0d, 0x0a, 0x09, 0x09,
  0x09, 0x09, 0x09, 0x09, 0x09, 0x09, 0x09, 0x09, 0x09, 0x09, 0x09, 0x09, 0x09,
  0x09, 0x09, 0x09, 0x09, 0x3c, 0x2f, 0x78, 0x73, 0x3a, 0x61, 0x6e, 0x6e, 0x6f,
  0x74, 0x61, 0x74, 0x69, 0x6f, 0x6e, 0x3e, 0x0d, 0x0a, 0x09, 0x09, 0x09, 0x09,
  0x09, 0x09, 0x09, 0x09, 0x09, 0x09, 0x09, 0x09, 0x09, 0x09, 0x09, 0x09, 0x09,
  0x09, 0x09, 0x3c, 0x78, 0x73, 0x3a, 0x73, 0x69, 0x6d, 0x70, 0x6c, 0x65, 0x54,
  0x79, 0x70, 0x65, 0x3e, 0x0d, 0x0a, 0x09, 0x09, 0x09, 0x09, 0x09, 0x09, 0x09,
  0x09, 0x09, 0x09, 0x09, 0x09, 0x09, 0x09, 0x09, 0x09, 0x09, 0x09, 0x09, 0x09,
  0x3c, 0x78, 0x73, 0x3a, 0x72, 0x65, 0x73, 0x74, 0x72, 0x69, 0x63, 0x74, 0x69,
  0x6f, 0x6e, 0x20, 0x62, 0x61, 0x73, 0x65, 0x3d, 0x22, 0x78, 0x73, 0x3a, 0x73,
  0x74, 0x72, 0x69, 0x6e, 0x67, 0x22, 0x3e, 0x0d, 0x0a, 0x09, 0x09, 0x09, 0x09,
  0x09, 0x09, 0x09, 0x09, 0x09, 0x09, 0x09, 0x09, 0x09, 0x09, 0x09, 0x09, 0x09,
  0x09, 0x09, 0x09, 0x09, 0x3c, 0x78, 0x73, 0x3a, 0x6c, 0x65, 0x6e, 0x67, 0x74,
  0x68, 0x20, 0x76, 0x61, 0x6c, 0x75, 0x65, 0x3d, 0x22, 0x31, 0x22, 0x2f, 0x3e,
  0x0d, 0x0a, 0x09, 0x09, 0x09, 0x09, 0x09, 0x09, 0x09, 0x09, 0x09, 0x09, 0x09,
  0x09, 0x09, 0x09, 0x09, 0x09, 0x09, 0x09, 0x09, 0x09, 0x09, 0x3c, 0x78, 0x73,
  0x3a, 0x65, 0x6e, 0x75, 0x6d, 0x65, 0x72, 0x61, 0x74, 0x69, 0x6f, 0x6e, 0x20,
  0x76, 0x61, 0x6c, 0x75, 0x65, 0x3d, 0x22, 0x30, 0x22, 0x2f, 0x3e, 0x0d, 0x0a,
  0x09, 0x09, 0x09, 0x09, 0x09, 0x09, 0x09, 0x09, 0x09, 0x09, 0x09, 0x09, 0x09,
  0x09, 0x09, 0x09, 0x09, 0x09, 0x09, 0x09, 0x09, 0x3c, 0x78, 0x73, 0x3a, 0x65,
  0x6e, 0x75, 0x6d, 0x65, 0x72, 0x61, 0x74, 0x69, 0x6f, 0x6e, 0x20, 0x76, 0x61,
  0x6c, 0x75, 0x65, 0x3d, 0x22, 0x31, 0x22, 0x2f, 0x3e, 0x0d, 0x0a, 0x09, 0x09,
  0x09, 0x09, 0x09, 0x09, 0x09, 0x09, 0x09, 0x09, 0x09, 0x09, 0x09, 0x09, 0x09,
  0x09, 0x09, 0x09, 0x09, 0x09, 0x3c, 0x2f, 0x78, 0x73, 0x3a, 0x72, 0x65, 0x73,
  0x74, 0x72, 0x69, 0x63, 0x74, 0x69, 0x6f, 0x6e, 0x3e, 0x0d, 0x0a, 0x09, 0x09,
  0x09, 0x09, 0x09, 0x09, 0x09, 0x09, 0x09, 0x09, 0x09, 0x09, 0x09, 0x09, 0x09,
  0x09, 0x09, 0x09, 0x09, 0x3c, 0x2f, 0x78, 0x73, 0x3a, 0x73, 0x69, 0x6d, 0x70,
  0x6c, 0x65, 0x54, 0x79, 0x70, 0x65, 0x3e, 0x0d, 0x0a, 0x09, 0x09, 0x09, 0x09,
  0x09, 0x09, 0x09, 0x09, 0x09, 0x09, 0x09, 0x09, 0x09, 0x09, 0x09, 0x09, 0x09,
  0x09, 0x3c, 0x2f, 0x78, 0x73, 0x3a, 0x61, 0x74, 0x74, 0x72, 0x69, 0x62, 0x75,
  0x74, 0x65, 0x3e, 0x0d, 0x0a, 0x09, 0x09, 0x09, 0x09, 0x09, 0x09, 0x09, 0x09,
  0x09, 0x09, 0x09, 0x09, 0x09, 0x09, 0x09, 0x09, 0x09, 0x09, 0x3c, 0x78, 0x73,
  0x3a, 0x61, 0x74, 0x74, 0x72, 0x69, 0x62, 0x75, 0x74, 0x65, 0x20, 0x6e, 0x61,
  0x6d, 0x65, 0x3d, 0x22, 0xd0, 0x98, 0xd0, 0x9d, 0xd0, 0x9d, 0xd0, 0xa4, 0xd0,
  0x9b, 0x22, 0x20, 0x74, 0x79, 0x70, 0x65, 0x3d, 0x22, 0xd0, 0x98, 0xd0, 0x9d,
  0xd0, 0x9d, 0xd0, 0xa4, 0xd0, 0x9b, 0xd0, 0xa2, 0xd0, 0xb8, 0xd0, 0xbf, 0x22,
  0x20, 0x75, 0x73, 0x65, 0x3d, 0x22, 0x72, 0x65, 0x71, 0x75, 0x69, 0x72, 0x65,
  0x64, 0x22, 0x3e, 0x0d, 0x0a, 0x09, 0x09, 0x09, 0x09, 0x09, 0x09, 0x09, 0x09,
  0x09, 0x09, 0x09, 0x09, 0x09, 0x09, 0x09, 0x09, 0x09, 0x09, 0x09, 0x3c, 0x78,
  0x73, 0x3a, 0x61, 0x6e, 0x6e, 0x6f, 0x74, 0x61, 0x74, 0x69, 0x6f, 0x6e, 0x3e,
  0x0d, 0x0a, 0x09, 0x09, 0x09, 0x09, 0x09, 0x09, 0x09, 0x09, 0x09, 0x09, 0x09,
  0x09, 0x09, 0x09, 0x09, 0x09, 0x09, 0x09, 0x09, 0x09, 0x3c, 0x78, 0x73, 0x3a,
  0x64, 0x6f, 0x63, 0x75, 0x6d, 0x65, 0x6e, 0x74, 0x61, 0x74, 0x69, 0x6f, 0x6e,
  0x3e, 0xd0, 0x98, 0xd0, 0x9d, 0xd0, 0x9d, 0x20, 0xd1, 0x84, 0xd0, 0xb8, 0xd0,
  0xb7, 0xd0, 0xb8, 0xd1, 0x87, 0xd0, 0xb5, 0xd1, 0x81, 0xd0, 0xba, 0xd0, 0xbe,
  0xd0, 0xb3, 0xd0, 0xbe, 0x20, 0xd0, 0xbb, 0xd0, 0xb8, 0xd1, 0x86, 0xd0, 0xb0,
  0x3c, 0x2f, 0x78, 0x73, 0x3a, 0x64, 0x6f, 0x63, 0x75, 0x6d, 0x65, 0x6e, 0x74,
  0x61, 0x74, 0x69, 0x6f, 0x6e, 0x3e, 0x0d, 0x0a, 0x09, 0x09, 0x09, 0x09, 0x09,
  0x09, 0x09, 0x09, 0x09, 0x09, 0x09, 0x09, 0x09, 0x09, 0x09, 0x09, 0x09, 0x09,
  0x09, 0x3c, 0x2f, 0x78, 0x73, 0x3a, 0x61, 0x6e, 0x6e, 0x6f, 0x74, 0x61, 0x74,
  0x69, 0x6f, 0x6e, 0x3e, 0x0d, 0x0a, 0x09, 0x09, 0x09, 0x09, 0x09, 0x09, 0x09,
  0x09, 0x09, 0x09, 0x09, 0x09, 0x09, 0x09, 0x09, 0x09, 0x09, 0x09, 0x3c, 0x2f,
  0x78, 0x73, 0x3a, 0x61, 0x74, 0x74, 0x72, 0x69, 0x62, 0x75, 0x74, 0x65, 0x3e,
  0x0d, 0x0a, 0x09, 0x09, 0x09, 0x09, 0x09, 0x09, 0x09, 0x09, 0x09, 0x09, 0x09,
  0x09, 0x09, 0x09, 0x09, 0x09, 0x09, 0x09, 0x3c, 0x78, 0x73, 0x3a, 0x61, 0x74,
  0x74, 0x72, 0x69, 0x62, 0x75, 0x74, 0x65, 0x20, 0x6e, 0x61, 0x6d, 0x65, 0x3d,
  0x22, 0xd0, 0xa1, 0xd0, 0x9d, 0xd0, 0x98, 0xd0, 0x9b, 0xd0, 0xa1, 0x22, 0x20,
  0x74, 0x79, 0x70, 0x65, 0x3d, 0x22, 0xd0, 0xa1, 0xd0, 0x9d, 0xd0, 0x98, 0xd0,
  0x9b, 0xd0, 0xa1, 0xd0, 0xa2, 0xd0, 0xb8, 0xd0, 0xbf, 0x22, 0x20, 0x75, 0x73,
  0x65, 0x3d, 0x22, 0x72, 0x65, 0x71, 0x75, 0x69, 0x72, 0x65, 0x64, 0x22, 0x3e,
  0x0d, 0x0a, 0x09, 0x09, 0x09, 0x09, 0x09, 0x09, 0x09, 0x09, 0x09, 0x09, 0x09,
  0x09, 0x09, 0x09, 0x09, 0x09, 0x09, 0x09, 0x09, 0x3c, 0x78, 0x73, 0x3a, 0x61,
  0x6e, 0x6e, 0x6f, 0x74, 0x61, 0x74, 0x69, 0x6f, 0x6e, 0x3e, 0x0d, 0x0a, 0x09,
  0x09, 0x09, 0x09, 0x09, 0x09, 0x09, 0x09, 0x09, 0x09, 0x09, 0x09, 0x09, 0x09,
  0x09, 0x09, 0x09, 0x09, 0x09, 0x09, 0x3c, 0x78, 0x73, 0x3a, 0x64, 0x6f, 0x63,
  0x75, 0x6d, 0x65, 0x6e, 0x74, 0x61, 0x74, 0x69, 0x6f, 0x6e, 0x3e, 0xd0, 0xa1,
  0xd0, 0x9d, 0xd0, 0x98, 0xd0, 0x9b, 0xd0, 0xa1, 0x3c, 0x2f, 0x78, 0x73, 0x3a,
  0x64, 0x6f, 0x63, 0x75, 0x6d, 0x65, 0x6e, 0x74, 0x61, 0x74, 0x69, 0x6f, 0x6e,
  0x3e, 0x0d, 0x0a, 0x09, 0x09, 0x09, 0x09, 0x09, 0x09, 0x09, 0x09, 0x09, 0x09,
  0x09, 0x09, 0x09, 0x09, 0x09, 0x09, 0x09, 0x09, 0x09, 0x3c, 0x2f, 0x78, 0x73,
  0x3a, 0x61, 0x6e, 0x6e, 0x6f, 0x74, 0x61, 0x74, 0x69, 0x6f, 0x6e, 0x3e, 0x0d,
  0x0a, 0x09, 0x09, 0x09, 0x09, 0x09, 0x09, 0x09, 0x09, 0x09, 0x09, 0x09, 0x09,
  0x09, 0x09, 0x09, 0x09, 0x09, 0x09, 0x3c, 0x2f, 0x78, 0x73, 0x3a, 0x61, 0x74,
  0x74, 0x72, 0x69, 0x62, 0x75, 0x74, 0x65, 0x3e, 0x0d, 0x0a, 0x09, 0x09, 0x09,
  0x09, 0x09, 0x09, 0x09, 0x09, 0x09, 0x09, 0x09, 0x09, 0x09, 0x09, 0x09, 0x09,
  0x09, 0x3c, 0x2f, 0x78, 0x73, 0x3a, 0x63, 0x6f, 0x6d, 0x70, 0x6c, 0x65, 0x78,
  0x54, 0x79, 0x70, 0x65, 0x3e, 0x0d, 0x0a, 0x09, 0x09, 0x09, 0x09, 0x09, 0x09,
  0x09, 0x09, 0x09, 0x09, 0x09, 0x09, 0x09, 0x09, 0x09, 0x09, 0x3c, 0x2f, 0x78,
  0x73, 0x3a, 0x65, 0x6c, 0x65, 0x6d, 0x65, 0x6e, 0x74, 0x3e, 0x0d, 0x0a, 0x09,
  0x09, 0x09, 0x09, 0x09, 0x09, 0x09, 0x09, 0x09, 0x09, 0x09, 0x09, 0x09, 0x09,
  0x09, 0x09, 0x3c, 0x78, 0x73, 0x3a, 0x65, 0x6c, 0x65, 0x6d, 0x65, 0x6e, 0x74,
  0x20, 0x6e, 0x61, 0x6d, 0x65, 0x3d, 0x22, 0xd0, 0xa4, 0xd0, 0xb8, 0xd0, 0xbb,
  0xd0, 0x9f, 0xd0, 0xb5, 0xd1, 0x80, 0xd0, 0x9f, 0xd0, 0xbe, 0xd0, 0xbb, 0xd0,
  0xbd, 0x22, 0x20, 0x6d, 0x69, 0x6e, 0x4f, 0x63, 0x63, 0x75, 0x72, 0x73, 0x3d,
  0x22, 0x30, 0x22, 0x3e, 0x0d, 0x0a, 0x09, 0x09, 0x09, 0x09, 0x09, 0x09, 0x09,
  0x09, 0x09, 0x09, 0x09, 0x09, 0x09, 0x09, 0x09, 0x09, 0x09, 0x3c, 0x78, 0x73,
  0x3a, 0x61, 0x6e, 0x6e, 0x6f, 0x74, 0x61, 0x74, 0x69, 0x6f, 0x6e, 0x3e, 0x0d,
  0x0a, 0x09, 0x09, 0x09, 0x09, 0x09, 0x09, 0x09, 0x09, 0x09, 0x09, 0x09, 0x09,
  0x09, 0x09, 0x09, 0x09, 0x09, 0x09, 0x3c, 0x78, 0x73, 0x3a, 0x64, 0x6f, 0x63,
  0x75, 0x6d, 0x65, 0x6e, 0x74, 0x61, 0x74, 0x69, 0x6f, 0x6e, 0x3e, 0xd0, 0xa1,
  0xd0, 0xb2, 0xd0, 0xb5, 0xd0, 0xb4, 0xd0, 0xb5, 0xd0, 0xbd, 0xd0, 0xb8, 0xd1,
  0x8f, 0x20, 0xd0, 0xbe, 0x20, 0xd1, 0x84, 0xd0, 0xb8, 0xd0, 0xbb, 0xd0, 0xb8,
  0xd0, 0xb0, 0xd0, 0xbb, 0xd0, 0xb5, 0x20, 0x28, 0xd0, 0xbe, 0xd0, 0xb1, 0xd0,
  0xbe, 0xd1, 0x81, 0xd0, 0xbe, 0xd0, 0xb1, 0xd0, 0xbb, 0xd0, 0xb5, 0xd0, 0xbd,
  0xd0, 0xbd, 0xd0, 0xbe, 0xd0, 0xbc, 0x20, 0xd0, 0xbf, 0xd0, 0xbe, 0xd0, 0xb4,
  0xd1, 0x80, 0xd0, 0xb0, 0xd0, 0xb7, 0xd0, 0xb4, 0xd0, 0xb5, 0xd0, 0xbb, 0xd0,
  0xb5, 0xd0, 0xbd, 0xd0, 0xb8, 0xd0, 0xb8, 0x29, 0x20, 0xd1, 0x8e, 0xd1, 0x80,
  0xd0, 0xb8, 0xd0, 0xb4, 0xd0, 0xb8, 0xd1, 0x87, 0xd0, 0xb5, 0xd1, 0x81, 0xd0,
  0xba, 0xd0, 0xbe, 0xd0, 0xb3, 0xd0, 0xbe, 0x20, 0xd0, 0xbb, 0xd0, 0xb8, 0xd1,
  0x86, 0xd0, 0xb0, 0x3c, 0x2f, 0x78, 0x73, 0x3a, 0x64, 0x6f, 0x63, 0x75, 0x6d,
  0x65, 0x6e, 0x74, 0x61, 0x74, 0x69, 0x6f, 0x6e, 0x3e, 0x0d, 0x0a, 0x09, 0x09,
  0x09, 0x09, 0x09, 0x09, 0x09, 0x09, 0x09, 0x09, 0x09, 0x09, 0x09, 0x09, 0x09,
  0x09, 0x09, 0x3c, 0x2f, 0x78, 0x73, 0x3a, 0x61, 0x6e, 0x6e, 0x6f, 0x74, 0x61,
  0x74, 0x69, 0x6f, 0x6e, 0x3e, 0x0d, 0x0a, 0x09, 0x09, 0x09, 0x09, 0x09, 0x09,
  0x09, 0x09, 0x09, 0x09, 0x09, 0x09, 0x09, 0x09, 0x09, 0x09, 0x09, 0x3c, 0x78,
  0x73, 0x3a, 0x63, 0x6f, 0x6d, 0x70, 0x6c, 0x65, 0x78, 0x54, 0x79, 0x70, 0x65,
  0x3e, 0x0d, 0x0a, 0x09, 0x09, 0x09, 0x09, 0x09, 0x09, 0x09, 0x09, 0x09, 0x09,
  0x09, 0x09, 0x09, 0x09, 0x09, 0x09, 0x09, 0x09, 0x3c, 0x78, 0x73, 0x3a, 0x73,
  0x65, 0x71, 0x75, 0x65, 0x6e, 0x63, 0x65, 0x3e, 0x0d, 0x0a, 0x09, 0x09, 0x09,
  0x09, 0x09, 0x09, 0x09, 0x09, 0x09, 0x09, 0x09, 0x09, 0x09, 0x09, 0x09, 0x09,
  0x09, 0x09, 0x09, 0x3c, 0x78, 0x73, 0x3a, 0x65, 0x6c, 0x65, 0x6d, 0x65, 0x6e,
  0x74, 0x20, 0x6e, 0x61, 0x6d, 0x65, 0x3d, 0x22, 0xd0, 0xa1, 0xd0, 0xb2, 0xd0,
  0xa4, 0xd0, 0xb8, 0xd0, 0xbb, 0x22, 0x20, 0x74, 0x79, 0x70, 0x65, 0x3d, 0x22,
  0xd0, 0xa1, 0xd0, 0xb2, 0xd0, 0x9e, 0xd1, 0x80, 0xd0, 0xb3, 0xd0, 0xa2, 0xd0,
  0xb8, 0xd0, 0xbf, 0x22, 0x3e, 0x0d, 0x0a, 0x09, 0x09, 0x09, 0x09, 0x09, 0x09,
  0x09, 0x09, 0x09, 0x09, 0x09, 0x09, 0x09, 0x09, 0x09, 0x09, 0x09, 0x09, 0x09,
  0x09, 0x3c, 0x78, 0x73, 0x3a, 0x61, 0x6e, 0x6e, 0x6f, 0x74, 0x61, 0x74, 0x69,
  0x6f, 0x6e, 0x3e, 0x0d, 0x0a, 0x09, 0x09, 0x09, 0x09, 0x09, 0x09, 0x09, 0x09,
  0x09, 0x09, 0x09, 0x09, 0x09, 0x09, 0x09, 0x09, 0x09, 0x09, 0x09, 0x09, 0x09,
  0x3c, 0x78, 0x73, 0x3a, 0x64, 0x6f, 0x63, 0x75, 0x6d, 0x65, 0x6e, 0x74, 0x61,
  0x74, 0x69, 0x6f, 0x6e, 0x3e, 0xd0, 0xa1, 0xd0, 0xb2, 0xd0, 0xb5, 0xd0, 0xb4,
  0xd0, 0xb5, 0xd0, 0xbd, 0xd0, 0xb8, 0xd1, 0x8f, 0x20, 0xd0, 0xbe, 0x20, 0xd1,
  0x84, 0xd0, 0xb8, 0xd0, 0xbb, 0xd0, 0xb8, 0xd0, 0xb0, 0xd0, 0xbb, 0xd0, 0xb5,
  0x20, 0x28, 0xd0, 0xbe, 0xd0, 0xb1, 0xd0, 0xbe, 0xd1, 0x81, 0xd0, 0xbe, 0xd0,
  0xb1, 0xd0, 0xbb, 0xd0, 0xb5, 0xd0, 0xbd, 0xd0, 0xbd, 0xd0, 0xbe, 0xd0, 0xbc,
  0x20, 0xd0, 0xbf, 0xd0, 0xbe, 0xd0, 0xb4, 0xd1, 0x80, 0xd0, 0xb0, 0xd0, 0xb7,
  0xd0, 0xb4, 0xd0, 0xb5, 0xd0, 0xbb, 0xd0, 0xb5, 0xd0, 0xbd, 0xd0, 0xb8, 0xd0,
  0xb8, 0x29, 0x20, 0xd1, 0x8e, 0xd1, 0x80, 0xd0, 0xb8, 0xd0, 0xb4, 0xd0, 0xb8,
  0xd1, 0x87, 0xd0, 0xb5, 0xd1, 0x81, 0xd0, 0xba, 0xd0, 0xbe, 0xd0, 0xb3, 0xd0,
  0xbe, 0x20, 0xd0, 0xbb, 0xd0, 0xb8, 0xd1, 0x86, 0xd0, 0xb0, 0x3c, 0x2f, 0x78,
  0x73, 0x3a, 0x64, 0x6f, 0x63, 0x75, 0x6d, 0x65, 0x6e, 0x74, 0x61, 0x74, 0x69,
  0x6f, 0x6e, 0x3e, 0x0d, 0x0a, 0x09, 0x09, 0x09, 0x09, 0x09, 0x09, 0x09, 0x09,
  0x09, 0x09, 0x09, 0x09, 0x09, 0x09, 0x09, 0x09, 0x09, 0x09, 0x09, 0x09, 0x3c,
  0x2f, 0x78, 0x73, 0x3a, 0x61, 0x6e, 0x6e, 0x6f, 0x74, 0x61, 0x74, 0x69, 0x6f,
  0x6e, 0x3e, 0x0d, 0x0a, 0x09, 0x09, 0x09, 0x09, 0x09, 0x09, 0x09, 0x09, 0x09,
  0x09, 0x09, 0x09, 0x09, 0x09, 0x09, 0x09, 0x09, 0x09, 0x09, 0x3c, 0x2f, 0x78,
  0x73, 0x3a, 0x65, 0x6c, 0x65, 0x6d, 0x65, 0x6e, 0x74, 0x3e, 0x0d, 0x0a, 0x09,
  0x09, 0x09, 0x09, 0x09, 0x09, 0x09, 0x09, 0x09, 0x09, 0x09, 0x09, 0x09, 0x09,
  0x09, 0x09, 0x09, 0x09, 0x09, 0x3c, 0x78, 0x73, 0x3a, 0x65, 0x6c, 0x65, 0x6d,
  0x65, 0x6e, 0x74, 0x20, 0x6e, 0x61, 0x6d, 0x65, 0x3d, 0x22, 0xd0, 0xa1, 0xd0,
  0xb2, 0xd0, 0xa0, 0xd1, 0x83, 0xd0, 0xba, 0xd0, 0xa4, 0xd0, 0xb8, 0xd0, 0xbb,
  0x22, 0x20, 0x74, 0x79, 0x70, 0x65, 0x3d, 0x22, 0xd0, 0xa1, 0xd0, 0xb2, 0xd0,
  0xa4, 0xd0, 0x9b, 0xd0, 0xa2, 0xd0, 0xb8, 0xd0, 0xbf, 0x22, 0x3e, 0x0d, 0x0a,
  0x09, 0x09, 0x09, 0x09, 0x09, 0x09, 0x09, 0x09, 0x09, 0x09, 0x09, 0x09, 0x09,
  0x09, 0x09, 0x09, 0x09, 0x09, 0x09, 0x09, 0x3c, 0x78, 0x73, 0x3a, 0x61, 0x6e,
  0x6e, 0x6f, 0x74, 0x61, 0x74, 0x69, 0x6f, 0x6e, 0x3e, 0x0d, 0x0a, 0x09, 0x09,
  0x09, 0x09, 0x09, 0x09, 0x09, 0x09, 0x09, 0x09, 0x09, 0x09, 0x09, 0x09, 0x09,
  0x09, 0x09, 0x09, 0x09, 0x09, 0x09, 0x3c, 0x78, 0x73, 0x3a, 0x64, 0x6f, 0x63,
  0x75, 0x6d, 0x65, 0x6e, 0x74, 0x61, 0x74, 0x69, 0x6f, 0x6e, 0x3e, 0xd0, 0xa1,
  0xd0, 0xb2, 0xd0, 0xb5, 0xd0, 0xb4, 0xd0, 0xb5, 0xd0, 0xbd, 0xd0, 0xb8, 0xd1,
  0x8f, 0x20, 0xd0, 0xbe, 0x20, 0xd1, 0x80, 0xd1, 0x83, 0xd0, 0xba, 0xd0, 0xbe,
  0xd0, 0xb2, 0xd0, 0xbe, 0xd0, 0xb4, 0xd0, 0xb8, 0xd1, 0x82, 0xd0, 0xb5, 0xd0,
  0xbb, 0xd0, 0xb5, 0x20, 0xd1, 0x84, 0xd0, 0xb8, 0xd0, 0xbb, 0xd0, 0xb8, 0xd0,
  0xb0, 0xd0, 0xbb, 0xd0, 0xb0, 0x20, 0x28, 0xd0, 0xbe, 0xd0, 0xb1, 0xd0, 0xbe,
  0xd1, 0x81, 0xd0, 0xbe, 0xd0, 0xb1, 0xd0, 0xbb, 0xd0, 0xb5, 0xd0, 0xbd, 0xd0,
  0xbd, 0xd0, 0xbe, 0xd0, 0xbc, 0x20, 0xd0, 0xbf, 0xd0, 0xbe, 0xd0, 0xb4, 0xd1,
  0x80, 0xd0, 0xb0, 0xd0, 0xb7, 0xd0, 0xb4, 0xd0, 0xb5, 0xd0, 0xbb, 0xd0, 0xb5,
  0xd0, 0xbd, 0xd0, 0xb8, 0xd0, 0xb8, 0x29, 0x20, 0xd1, 0x8e, 0xd1, 0x80, 0xd0,
  0xb8, 0xd0, 0xb4, 0xd0, 0xb8, 0xd1, 0x87, 0xd0, 0xb5, 0xd1, 0x81, 0xd0, 0xba,
  0xd0, 0xbe, 0xd0, 0xb3, 0xd0, 0xbe, 0x20, 0xd0, 0xbb, 0xd0, 0xb8, 0xd1, 0x86,
  0xd0, 0xb0, 0x3c, 0x2f, 0x78, 0x73, 0x3a, 0x64, 0x6f, 0x63, 0x75, 0x6d, 0x65,
  0x6e, 0x74, 0x61, 0x74, 0x69, 0x6f, 0x6e, 0x3e, 0x0d, 0x0a, 0x09, 0x09, 0x09,
  0x09, 0x09, 0x09, 0x09, 0x09, 0x09, 0x09, 0x09, 0x09, 0x09, 0x09, 0x09, 0x09,
  0x09, 0x09, 0x09, 0x09, 0x3c, 0x2f, 0x78, 0x73, 0x3a, 0x61, 0x6e, 0x6e, 0x6f,
  0x74, 0x61, 0x74, 0x69, 0x6f, 0x6e, 0x3e, 0x0d, 0x0a, 0x09, 0x09, 0x09, 0x09,
  0x09, 0x09, 0x09, 0x09, 0x09, 0x09, 0x09, 0x09, 0x09, 0x09, 0x09, 0x09, 0x09,
  0x09, 0x09, 0x3c, 0x2f, 0x78, 0x73, 0x3a, 0x65, 0x6c, 0x65, 0x6d, 0x65, 0x6e,
  0x74, 0x3e, 0x0d, 0x0a, 0x09, 0x09, 0x09, 0x09, 0x09, 0x09, 0x09, 0x09, 0x09,
  0x09, 0x09, 0x09, 0x09, 0x09, 0x09, 0x09, 0x09, 0x09, 0x3c, 0x2f, 0x78, 0x73,
  0x3a, 0x73, 0x65, 0x71, 0x75, 0x65, 0x6e, 0x63, 0x65, 0x3e, 0x0d, 0x0a, 0x09,
  0x09, 0x09, 0x09, 0x09, 0x09, 0x09, 0x09, 0x09, 0x09, 0x09, 0x09, 0x09, 0x09,
  0x09, 0x09, 0x09, 0x3c, 0x2f, 0x78, 0x73, 0x3a, 0x63, 0x6f, 0x6d, 0x70, 0x6c,
  0x65, 0x78, 0x54, 0x79, 0x70, 0x65, 0x3e, 0x0d, 0x0a, 0x09, 0x09, 0x09, 0x09,
  0x09, 0x09, 0x09, 0x09, 0x09, 0x09, 0x09, 0x09, 0x09, 0x09, 0x09, 0x09, 0x3c,
  0x2f, 0x78, 0x73, 0x3a, 0x65, 0x6c, 0x65, 0x6d, 0x65, 0x6e, 0x74, 0x3e, 0x0d,
  0x0a, 0x09, 0x09, 0x09, 0x09, 0x09, 0x09, 0x09, 0x09, 0x09, 0x09, 0x09, 0x09,
  0x09, 0x09, 0x09, 0x09, 0x3c, 0x78, 0x73, 0x3a, 0x65, 0x6c, 0x65, 0x6d, 0x65,
  0x6e, 0x74, 0x20, 0x6e, 0x61, 0x6d, 0x65, 0x3d, 0x22, 0xd0, 0x98, 0xd0, 0xbd,
  0xd0, 0x9f, 0xd0, 0xb5, 0xd1, 0x80, 0xd0, 0x9f, 0xd0, 0xbe, 0xd0, 0xbb, 0xd0,
  0xbd, 0x22, 0x20, 0x74, 0x79, 0x70, 0x65, 0x3d, 0x22, 0xd0, 0x98, 0xd0, 0xbd,
  0xd0, 0x9e, 0xd1, 0x80, 0xd0, 0xb3, 0xd0, 0x94, 0xd0, 0xbe, 0xd0, 0xb2, 0xd0,
  0xb5, 0xd1, 0x80, 0xd0, 0xa2, 0xd0, 0xb8, 0xd0, 0xbf, 0x22, 0x20, 0x6d, 0x69,
  0x6e, 0x4f, 0x63, 0x63, 0x75, 0x72, 0x73, 0x3d, 0x22, 0x30, 0x22, 0x3e, 0x0d,
  0x0a, 0x09, 0x09, 0x09, 0x09, 0x09, 0x09, 0x09, 0x09, 0x09, 0x09, 0x09, 0x09,
  0x09, 0x09, 0x09, 0x09, 0x09, 0x3c, 0x78, 0x73, 0x3a, 0x61, 0x6e, 0x6e, 0x6f,
  0x74, 0x61, 0x74, 0x69, 0x6f, 0x6e, 0x3e, 0x0d, 0x0a, 0x09, 0x09, 0x09, 0x09,
  0x09, 0x09, 0x09, 0x09, 0x09, 0x09, 0x09, 0x09, 0x09, 0x09, 0x09, 0x09, 0x09,
  0x09, 0x3c, 0x78, 0x73, 0x3a, 0x64, 0x6f, 0x63, 0x75, 0x6d, 0x65, 0x6e, 0x74,
  0x61, 0x74, 0x69, 0x6f, 0x6e, 0x3e, 0xd0, 0xa1, 0xd0, 0xb2, 0xd0, 0xb5, 0xd0,
  0xb4, 0xd0, 0xb5, 0xd0, 0xbd, 0xd0, 0xb8, 0xd1, 0x8f, 0x20, 0xd0, 0xbe, 0x20,
  0xd1, 0x84, 0xd0, 0xb8, 0xd0, 0xbb, 0xd0, 0xb8, 0xd0, 0xb0, 0xd0, 0xbb, 0xd0,
  0xb5, 0x20, 0x28, 0xd0, 0xb0, 0xd0, 0xba, 0xd0, 0xba, 0xd1, 0x80, 0xd0, 0xb5,
  0xd0, 0xb4, 0xd0, 0xb8, 0xd1, 0x82, 0xd0, 0xbe, 0xd0, 0xb2, 0xd0, 0xb0, 0xd0,
  0xbd, 0xd0, 0xbd, 0xd0, 0xbe, 0xd0, 0xbc, 0x20, 0xd0, 0xbf, 0xd1, 0x80, 0xd0,
  0xb5, 0xd0, 0xb4, 0xd1, 0x81, 0xd1, 0x82, 0xd0, 0xb0, 0xd0, 0xb2, 0xd0, 0xb8,
  0xd1, 0x82, 0xd0, 0xb5, 0xd0, 0xbb, 0xd1, 0x8c, 0xd1, 0x81, 0xd1, 0x82, 0xd0,
  0xb2, 0xd0, 0xb5, 0x29, 0x20, 0xd0, 0xb8, 0xd0, 0xbd, 0xd0, 0xbe, 0xd1, 0x81,
  0xd1, 0x82, 0xd1, 0x80, 0xd0, 0xb0, 0xd0, 0xbd, 0xd0, 0xbd, 0xd0, 0xbe, 0xd0,
  0xb3, 0xd0, 0xbe, 0x20, 0xd1, 0x8e, 0xd1, 0x80, 0xd0, 0xb8, 0xd0, 0xb4, 0xd0,
  0xb8, 0xd1, 0x87, 0xd0, 0xb5, 0xd1, 0x81, 0xd0, 0xba, 0xd0, 0xbe, 0xd0, 0xb3,
  0xd0, 0xbe, 0x20, 0xd0, 0xbb, 0xd0, 0xb8, 0xd1, 0x86, 0xd0, 0xb0, 0x3c, 0x2f,
  0x78, 0x73, 0x3a, 0x64, 0x6f, 0x63, 0x75, 0x6d, 0x65, 0x6e, 0x74, 0x61, 0x74,
  0x69, 0x6f, 0x6e, 0x3e, 0x0d, 0x0a, 0x09, 0x09, 0x09, 0x09, 0x09, 0x09, 0x09,
  0x09, 0x09, 0x09, 0x09, 0x09, 0x09, 0x09, 0x09, 0x09, 0x09, 0x3c, 0x2f, 0x78,
  0x73, 0x3a, 0x61, 0x6e, 0x6e, 0x6f, 0x74, 0x61, 0x74, 0x69, 0x6f, 0x6e, 0x3e,
  0x0d, 0x0a, 0x09, 0x09, 0x09, 0x09, 0x09, 0x09, 0x09, 0x09, 0x09, 0x09, 0x09,
  0x09, 0x09, 0x09, 0x09, 0x09, 0x3c, 0x2f, 0x78, 0x73, 0x3a, 0x65, 0x6c, 0x65,
  0x6d, 0x65, 0x6e, 0x74, 0x3e, 0x0d, 0x0a, 0x09, 0x09, 0x09, 0x09, 0x09, 0x09,
  0x09, 0x09, 0x09, 0x09, 0x09, 0x09, 0x09, 0x09, 0x09, 0x3c, 0x2f, 0x78, 0x73,
  0x3a, 0x73, 0x65, 0x71, 0x75, 0x65, 0x6e, 0x63, 0x65, 0x3e, 0x0d, 0x0a, 0x09,
  0x09, 0x09, 0x09, 0x09, 0x09, 0x09, 0x09, 0x09, 0x09, 0x09, 0x09, 0x09, 0x09,
  0x3c, 0x2f, 0x78, 0x73, 0x3a, 0x63, 0x6f, 0x6d, 0x70, 0x6c, 0x65, 0x78, 0x54,
  0x79, 0x70, 0x65, 0x3e, 0x0d, 0x0a, 0x09, 0x09, 0x09, 0x09, 0x09, 0x09, 0x09,
  0x09, 0x09, 0x09, 0x09, 0x09, 0x09, 0x3c, 0x2f, 0x78, 0x73, 0x3a, 0x65, 0x6c,
  0x65, 0x6d, 0x65, 0x6e, 0x74, 0x3e, 0x0d, 0x0a, 0x09, 0x09, 0x09, 0x09, 0x09,
  0x09, 0x09, 0x09, 0x09, 0x09, 0x09, 0x09, 0x3c, 0x2f, 0x78, 0x73, 0x3a, 0x73,
  0x65, 0x71, 0x75, 0x65, 0x6e, 0x63, 0x65, 0x3e, 0x0d, 0x0a, 0x09, 0x09, 0x09,
  0x09, 0x09, 0x09, 0x09, 0x09, 0x09, 0x09, 0x09, 0x09, 0x3c, 0x78, 0x73, 0x3a,
  0x61, 0x74, 0x74, 0x72, 0x69, 0x62, 0x75, 0x74, 0x65, 0x20, 0x6e, 0x61, 0x6d,
  0x65, 0x3d, 0x22, 0xd0, 0xa2, 0xd0, 0xb8, 0xd0, 0xbf, 0xd0, 0x9f, 0xd0, 0xb5,
  0xd1, 0x80, 0xd0, 0x9f, 0xd0, 0xbe, 0xd0, 0xbb, 0xd0, 0xbd, 0x22, 0x20, 0x75,
  0x73, 0x65, 0x3d, 0x22, 0x72, 0x65, 0x71, 0x75, 0x69, 0x72, 0x65, 0x64, 0x22,
  0x3e, 0x0d, 0x0a, 0x09, 0x09, 0x09, 0x09, 0x09, 0x09, 0x09, 0x09, 0x09, 0x09,
  0x09, 0x09, 0x09, 0x3c, 0x78, 0x73, 0x3a, 0x61, 0x6e, 0x6e, 0x6f, 0x74, 0x61,
  0x74, 0x69, 0x6f, 0x6e, 0x3e, 0x0d, 0x0a, 0x09, 0x09, 0x09, 0x09, 0x09, 0x09,
  0x09, 0x09, 0x09, 0x09, 0x09, 0x09, 0x09, 0x09, 0x3c, 0x78, 0x73, 0x3a, 0x64,
  0x6f, 0x63, 0x75, 0x6d, 0x65, 0x6e, 0x74, 0x61, 0x74, 0x69, 0x6f, 0x6e, 0x3e,
  0xd0, 0xa2, 0xd0, 0xb8, 0xd0, 0xbf, 0x20, 0xd0, 0xbb, 0xd0, 0xb8, 0xd1, 0x86,
  0xd0, 0xb0, 0x2c, 0x20, 0xd0, 0xbf, 0xd0, 0xb5, 0xd1, 0x80, 0xd0, 0xb5, 0xd0,
  0xb4, 0xd0, 0xb0, 0xd0, 0xb2, 0xd1, 0x88, 0xd0, 0xb5, 0xd0, 0xb3, 0xd0, 0xbe,
  0x20, 0xd0, 0xbf, 0xd0, 0xbe, 0xd0, 0xbb, 0xd0, 0xbd, 0xd0, 0xbe, 0xd0, 0xbc,
  0xd0, 0xbe, 0xd1, 0x87, 0xd0, 0xb8, 0xd1, 0x8f, 0x3c, 0x2f, 0x78, 0x73, 0x3a,
  0x64, 0x6f, 0x63, 0x75, 0x6d, 0x65, 0x6e, 0x74, 0x61, 0x74, 0x69, 0x6f, 0x6e,
  0x3e, 0x0d, 0x0a, 0x09, 0x09, 0x09, 0x09, 0x09, 0x09, 0x09, 0x09, 0x09, 0x09,
  0x09, 0x09, 0x09, 0x3c, 0x2f, 0x78, 0x73, 0x3a, 0x61, 0x6e, 0x6e, 0x6f, 0x74,
  0x61, 0x74, 0x69, 0x6f, 0x6e, 0x3e, 0x0d, 0x0a, 0x09, 0x09, 0x09, 0x09, 0x09,
  0x09, 0x09, 0x09, 0x09, 0x09, 0x09, 0x09, 0x09, 0x3c, 0x78, 0x73, 0x3a, 0x73,
  0x69, 0x6d, 0x70, 0x6c, 0x65, 0x54, 0x79, 0x70, 0x65, 0x3e, 0x0d, 0x0a, 0x09,
  0x09, 0x09, 0x09, 0x09, 0x09, 0x09, 0x09, 0x09, 0x09, 0x09, 0x09, 0x09, 0x09,
  0x3c, 0x78, 0x73, 0x3a, 0x72, 0x65, 0x73, 0x74, 0x72, 0x69, 0x63, 0x74, 0x69,
  0x6f, 0x6e, 0x20, 0x62, 0x61, 0x73, 0x65, 0x3d, 0x22, 0x78, 0x73, 0x3a, 0x73,
  0x74, 0x72, 0x69, 0x6e, 0x67, 0x22, 0x3e, 0x0d, 0x0a, 0x09, 0x09, 0x09, 0x09,
  0x09, 0x09, 0x09, 0x09, 0x09, 0x09, 0x09, 0x09, 0x09, 0x09, 0x09, 0x3c, 0x78,
  0x73, 0x3a, 0x6c, 0x65, 0x6e, 0x67, 0x74, 0x68, 0x20, 0x76, 0x61, 0x6c, 0x75,
  0x65, 0x3d, 0x22, 0x31, 0x22, 0x2f, 0x3e, 0x0d, 0x0a, 0x09, 0x09, 0x09, 0x09,
  0x09, 0x09, 0x09, 0x09, 0x09, 0x09, 0x09, 0x09, 0x09, 0x09, 0x09, 0x3c, 0x78,
  0x73, 0x3a, 0x65, 0x6e, 0x75, 0x6d, 0x65, 0x72, 0x61, 0x74, 0x69, 0x6f, 0x6e,
  0x20, 0x76, 0x61, 0x6c, 0x75, 0x65, 0x3d, 0x22, 0x31, 0x22, 0x2f, 0x3e, 0x0d,
  0x0a, 0x09, 0x09, 0x09, 0x09, 0x09, 0x09, 0x09, 0x09, 0x09, 0x09, 0x09, 0x09,
  0x09, 0x09, 0x09, 0x3c, 0x78, 0x73, 0x3a, 0x65, 0x6e, 0x75, 0x6d, 0x65, 0x72,
  0x61, 0x74, 0x69, 0x6f, 0x6e, 0x20, 0x76, 0x61, 0x6c, 0x75, 0x65, 0x3d, 0x22,
  0x32, 0x22, 0x2f, 0x3e, 0x0d, 0x0a, 0x09, 0x09, 0x09, 0x09, 0x09, 0x09, 0x09,
  0x09, 0x09, 0x09, 0x09, 0x09, 0x09, 0x09, 0x09, 0x3c, 0x78, 0x73, 0x3a, 0x65,
  0x6e, 0x75, 0x6d, 0x65, 0x72, 0x61, 0x74, 0x69, 0x6f, 0x6e, 0x20, 0x76, 0x61,
  0x6c, 0x75, 0x65, 0x3d, 0x22, 0x33, 0x22, 0x2f, 0x3e, 0x0d, 0x0a, 0x09, 0x09,
  0x09, 0x09, 0x09, 0x09, 0x09, 0x09, 0x09, 0x09, 0x09, 0x09, 0x09, 0x09, 0x09,
  0x3c, 0x78, 0x73, 0x3a, 0x65, 0x6e, 0x75, 0x6d, 0x65, 0x72, 0x61, 0x74, 0x69,
  0x6f, 0x6e, 0x20, 0x76, 0x61, 0x6c, 0x75, 0x65, 0x3d, 0x22, 0x34, 0x22, 0x2f,
  0x3e, 0x0d, 0x0a, 0x09, 0x09, 0x09, 0x09, 0x09, 0x09, 0x09, 0x09, 0x09, 0x09,
  0x09, 0x09, 0x09, 0x09, 0x09, 0x3c, 0x78, 0x73, 0x3a, 0x65, 0x6e, 0x75, 0x6d,
  0x65, 0x72, 0x61, 0x74, 0x69, 0x6f, 0x6e, 0x20, 0x76, 0x61, 0x6c, 0x75, 0x65,
  0x3d, 0x22, 0x35, 0x22, 0x2f, 0x3e, 0x0d, 0x0a, 0x09, 0x09, 0x09, 0x09, 0x09,
  0x09, 0x09, 0x09, 0x09, 0x09, 0x09, 0x09, 0x09, 0x09, 0x3c, 0x2f, 0x78, 0x73,
  0x3a, 0x72, 0x65, 0x73, 0x74, 0x72, 0x69, 0x63, 0x74, 0x69, 0x6f, 0x6e, 0x3e,
  0x0d, 0x0a, 0x09, 0x09, 0x09, 0x09, 0x09, 0x09, 0x09, 0x09, 0x09, 0x09, 0x09,
  0x09, 0x09, 0x3c, 0x2f, 0x78, 0x73, 0x3a, 0x73, 0x69, 0x6d, 0x70, 0x6c, 0x65,
  0x54, 0x79, 0x70, 0x65, 0x3e, 0x0d, 0x0a, 0x09, 0x09, 0x09, 0x09, 0x09, 0x09,
  0x09, 0x09, 0x09, 0x09, 0x09, 0x09, 0x3c, 0x2f, 0x78, 0x73, 0x3a, 0x61, 0x74,
  0x74, 0x72, 0x69, 0x62, 0x75, 0x74, 0x65, 0x3e, 0x0d, 0x0a, 0x09, 0x09, 0x09,
  0x09, 0x09, 0x09, 0x09, 0x09, 0x09, 0x09, 0x09, 0x3c, 0x2f, 0x78, 0x73, 0x3a,
  0x63, 0x6f, 0x6d, 0x70, 0x6c, 0x65, 0x78, 0x54, 0x79, 0x70, 0x65, 0x3e, 0x0d,
  0x0a, 0x09, 0x09, 0x09, 0x09, 0x09, 0x09, 0x09, 0x09, 0x09, 0x09, 0x3c, 0x2f,
  0x78, 0x73, 0x3a, 0x65, 0x6c, 0x65, 0x6d, 0x65, 0x6e, 0x74, 0x3e, 0x0d, 0x0a,
  0x09, 0x09, 0x09, 0x09, 0x09, 0x09, 0x09, 0x09, 0x09, 0x09, 0x3c, 0x78, 0x73,
  0x3a, 0x65, 0x6c, 0x65, 0x6d, 0x65, 0x6e, 0x74, 0x20, 0x6e, 0x61, 0x6d, 0x65,
  0x3d, 0x22, 0xd0, 0xa1, 0xd0, 0xb2, 0xd0, 0x9f, 0xd0, 0xbe, 0xd0, 0xbb, 0xd1,
  0x83, 0xd1, 0x87, 0xd0, 0x9f, 0xd0, 0xbe, 0xd0, 0xbb, 0xd0, 0xbd, 0x22, 0x20,
  0x74, 0x79, 0x70, 0x65, 0x3d, 0x22, 0xd0, 0xa1, 0xd0, 0xb2, 0xd0, 0xa3, 0xd0,
  0xbf, 0xd0, 0x9f, 0xd1, 0x80, 0xd0, 0xb5, 0xd0, 0xb4, 0xd0, 0xa2, 0xd0, 0xb8,
  0xd0, 0xbf, 0x22, 0x20, 0x6d, 0x61, 0x78, 0x4f, 0x63, 0x63, 0x75, 0x72, 0x73,
  0x3d, 0x22, 0x75, 0x6e, 0x62, 0x6f, 0x75, 0x6e, 0x64, 0x65, 0x64, 0x22, 0x3e,
  0x0d, 0x0a, 0x09, 0x09, 0x09, 0x09, 0x09, 0x09, 0x09, 0x09, 0x09, 0x09, 0x09,
  0x3c, 0x78, 0x73, 0x3a, 0x61, 0x6e, 0x6e, 0x6f, 0x74, 0x61, 0x74, 0x69, 0x6f,
  0x6e, 0x3e, 0x0d, 0x0a, 0x09, 0x09, 0x09, 0x09, 0x09, 0x09, 0x09, 0x09, 0x09,
  0x09, 0x09, 0x09, 0x3c, 0x78, 0x73, 0x3a, 0x64, 0x6f, 0x63, 0x75, 0x6d, 0x65,
  0x6e, 0x74, 0x61, 0x74, 0x69, 0x6f, 0x6e, 0x3e, 0xd0, 0xa1, 0xd0, 0xb2, 0xd0,
  0xb5, 0xd0, 0xb4, 0xd0, 0xb5, 0xd0, 0xbd, 0xd0, 0xb8, 0xd1, 0x8f, 0x20, 0xd0,
  0xbe, 0x20, 0xd0, 0xbb, 0xd0, 0xb8, 0xd1, 0x86, 0xd0, 0xb5, 0x20, 0x28, 0xd0,
  0xbb, 0xd0, 0xb8, 0xd1, 0x86, 0xd0, 0xb0, 0xd1, 0x85, 0x29, 0x2c, 0x20, 0xd0,
  0xbf, 0xd0, 0xbe, 0xd0, 0xbb, 0xd1, 0x83, 0xd1, 0x87, 0xd0, 0xb8, 0xd0, 0xb2,
  0xd1, 0x88, 0xd0, 0xb5, 0xd0, 0xbc, 0x20, 0x28, 0xd0, 0xbf, 0xd0, 0xbe, 0xd0,
  0xbb, 0xd1, 0x83, 0xd1, 0x87, 0xd0, 0xb8, 0xd0, 0xb2, 0xd1, 0x88, 0xd0, 0xb8,
  0xd1, 0x85, 0x29, 0x20, 0xd0, 0xbf, 0xd0, 0xbe, 0xd0, 0xbb, 0xd0, 0xbd, 0xd0,
  0xbe, 0xd0, 0xbc, 0xd0, 0xbe, 0xd1, 0x87, 0xd0, 0xb8, 0xd1, 0x8f, 0x3c, 0x2f,
  0x78, 0x73, 0x3a, 0x64, 0x6f, 0x63, 0x75, 0x6d, 0x65, 0x6e, 0x74, 0x61, 0x74,
  0x69, 0x6f, 0x6e, 0x3e, 0x0d, 0x0a, 0x09, 0x09, 0x09, 0x09, 0x09, 0x09, 0x09,
  0x09, 0x09, 0x09, 0x09, 0x3c, 0x2f, 0x78, 0x73, 0x3a, 0x61, 0x6e, 0x6e, 0x6f,
  0x74, 0x61, 0x74, 0x69, 0x6f, 0x6e, 0x3e, 0x0d, 0x0a, 0x09, 0x09, 0x09, 0x09,
  0x09, 0x09, 0x09, 0x09, 0x09, 0x09, 0x3c, 0x2f, 0x78, 0x73, 0x3a, 0x65, 0x6c,
  0x65, 0x6d, 0x65, 0x6e, 0x74, 0x3e, 0x0d, 0x0a, 0x09, 0x09, 0x09, 0x09, 0x09,
  0x09, 0x09, 0x09, 0x09, 0x09, 0x3c, 0x78, 0x73, 0x3a, 0x65, 0x6c, 0x65, 0x6d,
  0x65, 0x6e, 0x74, 0x20, 0x6e, 0x61, 0x6d, 0x65, 0x3d, 0x22, 0xd0, 0xa1, 0xd0,
  0xb2, 0xd0, 0x9f, 0xd0, 0xbe, 0xd0, 0xbb, 0xd0, 0xbd, 0x22, 0x20, 0x74, 0x79,
  0x70, 0x65, 0x3d, 0x22, 0xd0, 0xa1, 0xd0, 0xb2, 0xd0, 0x9f, 0xd0, 0xbe, 0xd0,
  0xbb, 0xd0, 0xbd, 0xd0, 0xa2, 0xd0, 0xb8, 0xd0, 0xbf, 0x22, 0x3e, 0x0d, 0x0a,
  0x09, 0x09, 0x09, 0x09, 0x09, 0x09, 0x09, 0x09, 0x09, 0x09, 0x09, 0x3c, 0x78,
  0x73, 0x3a, 0x61, 0x6e, 0x6e, 0x6f, 0x74, 0x61, 0x74, 0x69, 0x6f, 0x6e, 0x3e,
  0x0d, 0x0a, 0x09, 0x09, 0x09, 0x09, 0x09, 0x09, 0x09, 0x09, 0x09, 0x09, 0x09,
  0x09, 0x3c, 0x78, 0x73, 0x3a, 0x64, 0x6f, 0x63, 0x75, 0x6d, 0x65, 0x6e, 0x74,
  0x61, 0x74, 0x69, 0x6f, 0x6e, 0x3e, 0xd0, 0xa1, 0xd0, 0xb2, 0xd0, 0xb5, 0xd0,
  0xb4, 0xd0, 0xb5, 0xd0, 0xbd, 0xd0, 0xb8, 0xd1, 0x8f, 0x20, 0xd0, 0xbe, 0x20,
  0xd0, 0xbf, 0xd0, 0xb5, 0xd1, 0x80, 0xd0, 0xb5, 0xd0, 0xb4, 0xd0, 0xb0, 0xd0,
  0xb2, 0xd0, 0xb0, 0xd0, 0xb5, 0xd0, 0xbc, 0xd0, 0xbe, 0xd0, 0xbc, 0x20, 0x28,
  0xd0, 0xbf, 0xd0, 0xb5, 0xd1, 0x80, 0xd0, 0xb5, 0xd0, 0xb4, 0xd0, 0xb0, 0xd0,
  0xb2, 0xd0, 0xb0, 0xd0, 0xb5, 0xd0, 0xbc, 0xd1, 0x8b, 0xd1, 0x85, 0x29, 0x20,
  0xd0, 0xbf, 0xd0, 0xbe, 0xd0, 0xbb, 0xd0, 0xbd, 0xd0, 0xbe, 0xd0, 0xbc, 0xd0,
  0xbe, 0xd1, 0x87, 0xd0, 0xb8, 0xd0, 0xb8, 0x20, 0x28, 0xd0, 0xbf, 0xd0, 0xbe,
  0xd0, 0xbb, 0xd0, 0xbd, 0xd0, 0xbe, 0xd0, 0xbc, 0xd0, 0xbe, 0xd1, 0x87, 0xd0,
  0xb8, 0xd1, 0x8f, 0xd1, 0x85, 0x29, 0x3c, 0x2f, 0x78, 0x73, 0x3a, 0x64, 0x6f,
  0x63, 0x75, 0x6d, 0x65, 0x6e, 0x74, 0x61, 0x74, 0x69, 0x6f, 0x6e, 0x3e, 0x0d,
  0x0a, 0x09, 0x09, 0x09, 0x09, 0x09, 0x09, 0x09, 0x09, 0x09, 0x09, 0x09, 0x3c,
  0x2f, 0x78, 0x73, 0x3a, 0x61, 0x6e, 0x6e, 0x6f, 0x74, 0x61, 0x74, 0x69, 0x6f,
  0x6e, 0x3e, 0x0d, 0x0a, 0x09, 0x09, 0x09, 0x09, 0x09, 0x09, 0x09, 0x09, 0x09,
  0x09, 0x3c, 0x2f, 0x78, 0x73, 0x3a, 0x65, 0x6c, 0x65, 0x6d, 0x65, 0x6e, 0x74,
  0x3e, 0x0d, 0x0a, 0x09, 0x09, 0x09, 0x09, 0x09, 0x09, 0x09, 0x09, 0x09, 0x09,
  0x3c, 0x78, 0x73, 0x3a, 0x65, 0x6c, 0x65, 0x6d, 0x65, 0x6e, 0x74, 0x20, 0x6e,
  0x61, 0x6d, 0x65, 0x3d, 0x22, 0xd0, 0xa1, 0xd0, 0xb2, 0xd0, 0x9d, 0xd0, 0xbe,
  0xd1, 0x82, 0xd0, 0xa3, 0xd0, 0xb4, 0x22, 0x20, 0x74, 0x79, 0x70, 0x65, 0x3d,
  0x22, 0xd0, 0xa1, 0xd0, 0xb2, 0xd0, 0x9d, 0xd0, 0xbe, 0xd1, 0x82, 0xd0, 0xa3,
  0xd0, 0xb4, 0xd0, 0xa2, 0xd0, 0xb8, 0xd0, 0xbf, 0x22, 0x20, 0x6d, 0x69, 0x6e,
  0x4f, 0x63, 0x63, 0x75, 0x72, 0x73, 0x3d, 0x22, 0x30, 0x22, 0x3e, 0x0d, 0x0a,
  0x09, 0x09, 0x09, 0x09, 0x09, 0x09, 0x09, 0x09, 0x09, 0x09, 0x09, 0x3c, 0x78,
  0x73, 0x3a, 0x61, 0x6e, 0x6e, 0x6f, 0x74, 0x61, 0x74, 0x69, 0x6f, 0x6e, 0x3e,
  0x0d, 0x0a, 0x09, 0x09, 0x09, 0x09, 0x09, 0x09, 0x09, 0x09, 0x09, 0x09, 0x09,
  0x09, 0x3c, 0x78, 0x73, 0x3a, 0x64, 0x6f, 0x63, 0x75, 0x6d, 0x65, 0x6e, 0x74,
  0x61, 0x74, 0x69, 0x6f, 0x6e, 0x3e, 0xd0, 0xa1, 0xd0, 0xb2, 0xd0, 0xb5, 0xd0,
  0xb4, 0xd0, 0xb5, 0xd0, 0xbd, 0xd0, 0xb8, 0xd1, 0x8f, 0x20, 0xd0, 0xbe, 0x20,
  0xd0, 0xbd, 0xd0, 0xbe, 0xd1, 0x82, 0xd0, 0xb0, 0xd1, 0x80, 0xd0, 0xb8, 0xd0,
  0xb0, 0xd0, 0xbb, 0xd1, 0x8c, 0xd0, 0xbd, 0xd0, 0xbe, 0xd0, 0xbc, 0x20, 0xd1,
  0x83, 0xd0, 0xb4, 0xd0, 0xbe, 0xd1, 0x81, 0xd1, 0x82, 0xd0, 0xbe, 0xd0, 0xb2,
  0xd0, 0xb5, 0xd1, 0x80, 0xd0, 0xb5, 0xd0, 0xbd, 0xd0, 0xb8, 0xd0, 0xb8, 0x3c,
  0x2f, 0x78, 0x73, 0x3a, 0x64, 0x6f, 0x63, 0x75, 0x6d, 0x65, 0x6e, 0x74, 0x61,
  0x74, 0x69, 0x6f, 0x6e, 0x3e, 0x0d, 0x0a, 0x09, 0x09, 0x09, 0x09, 0x09, 0x09,
  0x09, 0x09, 0x09, 0x09, 0x09, 0x3c, 0x2f, 0x78, 0x73, 0x3a, 0x61, 0x6e, 0x6e,
  0x6f, 0x74, 0x61, 0x74, 0x69, 0x6f, 0x6e, 0x3e, 0x0d, 0x0a, 0x09, 0x09, 0x09,
  0x09, 0x09, 0x09, 0x09, 0x09, 0x09, 0x09, 0x3c, 0x2f, 0x78, 0x73, 0x3a, 0x65,
  0x6c, 0x65, 0x6d, 0x65, 0x6e, 0x74, 0x3e, 0x0d, 0x0a, 0x09, 0x09, 0x09, 0x09,
  0x09, 0x09, 0x09, 0x09, 0x09, 0x3c, 0x2f, 0x78, 0x73, 0x3a, 0x73, 0x65, 0x71,
  0x75, 0x65, 0x6e, 0x63, 0x65, 0x3e, 0x0d, 0x0a, 0x09, 0x09, 0x09, 0x09, 0x09,
  0x09, 0x09, 0x09, 0x09, 0x3c, 0x78, 0x73, 0x3a, 0x61, 0x74, 0x74, 0x72, 0x69,
  0x62, 0x75, 0x74, 0x65, 0x20, 0x6e, 0x61, 0x6d, 0x65, 0x3d, 0x22, 0xd0, 0x9f,
  0xd1, 0x80, 0xd0, 0x9d, 0xd0, 0xb0, 0xd0, 0xbb, 0xd0, 0x9f, 0xd0, 0xb5, 0xd1,
  0x80, 0xd0, 0xb5, 0xd0, 0xb4, 0xd0, 0xbe, 0xd0, 0xb2, 0x22, 0x20, 0x75, 0x73,
  0x65, 0x3d, 0x22, 0x72, 0x65, 0x71, 0x75, 0x69, 0x72, 0x65, 0x64, 0x22, 0x3e,
  0x0d, 0x0a, 0x09, 0x09, 0x09, 0x09, 0x09, 0x09, 0x09, 0x09, 0x09, 0x09, 0x3c,
  0x78, 0x73, 0x3a, 0x61, 0x6e, 0x6e, 0x6f, 0x74, 0x61, 0x74, 0x69, 0x6f, 0x6e,
  0x3e, 0x0d, 0x0a, 0x09, 0x09, 0x09, 0x09, 0x09, 0x09, 0x09, 0x09, 0x09, 0x09,
  0x09, 0x3c, 0x78, 0x73, 0x3a, 0x64, 0x6f, 0x63, 0x75, 0x6d, 0x65, 0x6e, 0x74,
  0x61, 0x74, 0x69, 0x6f, 0x6e, 0x3e, 0xd0, 0x9f, 0xd1, 0x80, 0xd0, 0xb8, 0xd0,
  0xb7, 0xd0, 0xbd, 0xd0, 0xb0, 0xd0, 0xba, 0x20, 0xd0, 0xbd, 0xd0, 0xb0, 0xd0,
  0xbb, 0xd0, 0xb8, 0xd1, 0x87, 0xd0, 0xb8, 0xd1, 0x8f, 0x20, 0xd0, 0xb4, 0xd0,
  0xbe, 0xd0, 0xb2, 0xd0, 0xb5, 0xd1, 0x80, 0xd0, 0xb5, 0xd0, 0xbd, 0xd0, 0xbd,
  0xd0, 0xbe, 0xd1, 0x81, 0xd1, 0x82, 0xd0, 0xb8, 0x2c, 0x20, 0xd0, 0xb2, 0xd1,
  0x8b, 0xd0, 0xb4, 0xd0, 0xb0, 0xd0, 0xbd, 0xd0, 0xbd, 0xd0, 0xbe, 0xd0, 0xb9,
  0x20, 0xd0, 0xb2, 0x20, 0xd0, 0xbf, 0xd0, 0xbe, 0xd1, 0x80, 0xd1, 0x8f, 0xd0,
  0xb4, 0xd0, 0xba, 0xd0, 0xb5, 0x20, 0xd0, 0xbf, 0xd0, 0xb5, 0xd1, 0x80, 0xd0,
  0xb5, 0xd0, 0xb4, 0xd0, 0xbe, 0xd0, 0xb2, 0xd0, 0xb5, 0xd1, 0x80, 0xd0, 0xb8,
  0xd1, 0x8f, 0x3c, 0x2f, 0x78, 0x73, 0x3a, 0x64, 0x6f, 0x63, 0x75, 0x6d, 0x65,
  0x6e, 0x74, 0x61, 0x74, 0x69, 0x6f, 0x6e, 0x3e, 0x0d, 0x0a, 0x09, 0x09, 0x09,
  0x09, 0x09, 0x09, 0x09, 0x09, 0x09, 0x09, 0x3c, 0x2f, 0x78, 0x73, 0x3a, 0x61,
  0x6e, 0x6e, 0x6f, 0x74, 0x61, 0x74, 0x69, 0x6f, 0x6e, 0x3e, 0x0d, 0x0a, 0x09,
  0x09, 0x09, 0x09, 0x09, 0x09, 0x09, 0x09, 0x09, 0x09, 0x3c, 0x78, 0x73, 0x3a,
  0x73, 0x69, 0x6d, 0x70, 0x6c, 0x65, 0x54, 0x79, 0x70, 0x65, 0x3e, 0x0d, 0x0a,
  0x09, 0x09, 0x09, 0x09, 0x09, 0x09, 0x09, 0x09, 0x09, 0x09, 0x09, 0x3c, 0x78,
  0x73, 0x3a, 0x72, 0x65, 0x73, 0x74, 0x72, 0x69, 0x63, 0x74, 0x69, 0x6f, 0x6e,
  0x20, 0x62, 0x61, 0x73, 0x65, 0x3d, 0x22, 0x78, 0x73, 0x3a, 0x73, 0x74, 0x72,
  0x69, 0x6e, 0x67, 0x22, 0x3e, 0x0d, 0x0a, 0x09, 0x09, 0x09, 0x09, 0x09, 0x09,
  0x09, 0x09, 0x09, 0x09, 0x09, 0x09, 0x3c, 0x78, 0x73, 0x3a, 0x6c, 0x65, 0x6e,
  0x67, 0x74, 0x68, 0x20, 0x76, 0x61, 0x6c, 0x75, 0x65, 0x3d, 0x22, 0x31, 0x22,
  0x2f, 0x3e, 0x0d, 0x0a, 0x09, 0x09, 0x09, 0x09, 0x09, 0x09, 0x09, 0x09, 0x09,
  0x09, 0x09, 0x09, 0x3c, 0x78, 0x73, 0x3a, 0x65, 0x6e, 0x75, 0x6d, 0x65, 0x72,
  0x61, 0x74, 0x69, 0x6f, 0x6e, 0x20, 0x76, 0x61, 0x6c, 0x75, 0x65, 0x3d, 0x22,
  0x30, 0x22, 0x2f, 0x3e, 0x0d, 0x0a, 0x09, 0x09, 0x09, 0x09, 0x09, 0x09, 0x09,
  0x09, 0x09, 0x09, 0x09, 0x09, 0x3c, 0x78, 0x73, 0x3a, 0x65, 0x6e, 0x75, 0x6d,
  0x65, 0x72, 0x61, 0x74, 0x69, 0x6f, 0x6e, 0x20, 0x76, 0x61, 0x6c, 0x75, 0x65,
  0x3d, 0x22, 0x31, 0x22, 0x2f, 0x3e, 0x0d, 0x0a, 0x09, 0x09, 0x09, 0x09, 0x09,
  0x09, 0x09, 0x09, 0x09, 0x09, 0x09, 0x3c, 0x2f, 0x78, 0x73, 0x3a, 0x72, 0x65,
  0x73, 0x74, 0x72, 0x69, 0x63, 0x74, 0x69, 0x6f, 0x6e, 0x3e, 0x0d, 0x0a, 0x09,
  0x09, 0x09, 0x09, 0x09, 0x09, 0x09, 0x09, 0x09, 0x09, 0x3c, 0x2f, 0x78, 0x73,
  0x3a, 0x73, 0x69, 0x6d, 0x70, 0x6c, 0x65, 0x54, 0x79, 0x70, 0x65, 0x3e, 0x0d,
  0x0a, 0x09, 0x09, 0x09, 0x09, 0x09, 0x09, 0x09, 0x09, 0x09, 0x3c, 0x2f, 0x78,
  0x73, 0x3a, 0x61, 0x74, 0x74, 0x72, 0x69, 0x62, 0x75, 0x74, 0x65, 0x3e, 0x0d,
  0x0a, 0x09, 0x09, 0x09, 0x09, 0x09, 0x09, 0x09, 0x09, 0x3c, 0x2f, 0x78, 0x73,
  0x3a, 0x63, 0x6f, 0x6d, 0x70, 0x6c, 0x65, 0x78, 0x54, 0x79, 0x70, 0x65, 0x3e,
  0x0d, 0x0a, 0x09, 0x09, 0x09, 0x09, 0x09, 0x09, 0x09, 0x3c, 0x2f, 0x78, 0x73,
  0x3a, 0x65, 0x6c, 0x65, 0x6d, 0x65, 0x6e, 0x74, 0x3e, 0x0d, 0x0a, 0x09, 0x09,
  0x09, 0x09, 0x09, 0x09, 0x3c, 0x2f, 0x78, 0x73, 0x3a, 0x63, 0x68, 0x6f, 0x69,
  0x63, 0x65, 0x3e, 0x0d, 0x0a, 0x09, 0x09, 0x09, 0x09, 0x09, 0x09, 0x3c, 0x78,
  0x73, 0x3a, 0x61, 0x74, 0x74, 0x72, 0x69, 0x62, 0x75, 0x74, 0x65, 0x20, 0x6e,
  0x61, 0x6d, 0x65, 0x3d, 0x22, 0xd0, 0x9a, 0xd0, 0x9d, 0xd0, 0x94, 0x22, 0x20,
  0x75, 0x73, 0x65, 0x3d, 0x22, 0x6f, 0x70, 0x74, 0x69, 0x6f, 0x6e, 0x61, 0x6c,
  0x22, 0x3e, 0x0d, 0x0a, 0x09, 0x09, 0x09, 0x09, 0x09, 0x09, 0x09, 0x3c, 0x78,
  0x73, 0x3a, 0x61, 0x6e, 0x6e, 0x6f, 0x74, 0x61, 0x74, 0x69, 0x6f, 0x6e, 0x3e,
  0x0d, 0x0a, 0x09, 0x09, 0x09, 0x09, 0x09, 0x09, 0x09, 0x09, 0x3c, 0x78, 0x73,
  0x3a, 0x64, 0x6f, 0x63, 0x75, 0x6d, 0x65, 0x6e, 0x74, 0x61, 0x74, 0x69, 0x6f,
  0x6e, 0x3e, 0xd0, 0x9a, 0xd0, 0xbe, 0xd0, 0xb4, 0x20, 0xd1, 0x84, 0xd0, 0xbe,
  0xd1, 0x80, 0xd0, 0xbc, 0xd1, 0x8b, 0x20, 0xd0, 0xbf, 0xd0, 0xbe, 0x20, 0xd0,
  0x9a, 0xd0, 0x9d, 0xd0, 0x94, 0x3c, 0x2f, 0x78, 0x73, 0x3a, 0x64, 0x6f, 0x63,
  0x75, 0x6d, 0x65, 0x6e, 0x74, 0x61, 0x74, 0x69, 0x6f, 0x6e, 0x3e, 0x0d, 0x0a,
  0x09, 0x09, 0x09, 0x09, 0x09, 0x09, 0x09, 0x3c, 0x2f, 0x78, 0x73, 0x3a, 0x61,
  0x6e, 0x6e, 0x6f, 0x74, 0x61, 0x74, 0x69, 0x6f, 0x6e, 0x3e, 0x0d, 0x0a, 0x09,
  0x09, 0x09, 0x09, 0x09, 0x09, 0x09, 0x3c, 0x78, 0x73, 0x3a, 0x73, 0x69, 0x6d,
  0x70, 0x6c, 0x65, 0x54, 0x79, 0x70, 0x65, 0x3e, 0x0d, 0x0a, 0x09, 0x09, 0x09,
  0x09, 0x09, 0x09, 0x09, 0x09, 0x3c, 0x78, 0x73, 0x3a, 0x72, 0x65, 0x73, 0x74,
  0x72, 0x69, 0x63, 0x74, 0x69, 0x6f, 0x6e, 0x20, 0x62, 0x61, 0x73, 0x65, 0x3d,
  0x22, 0x78, 0x73, 0x3a, 0x73, 0x74, 0x72, 0x69, 0x6e, 0x67, 0x22, 0x3e, 0x0d,
  0x0a, 0x09, 0x09, 0x09, 0x09, 0x09, 0x09, 0x09, 0x09, 0x09, 0x3c, 0x78, 0x73,
  0x3a, 0x6c, 0x65, 0x6e, 0x67, 0x74, 0x68, 0x20, 0x76, 0x61, 0x6c, 0x75, 0x65,
  0x3d, 0x22, 0x37, 0x22, 0x2f, 0x3e, 0x0d, 0x0a, 0x09, 0x09, 0x09, 0x09, 0x09,
  0x09, 0x09, 0x09, 0x3c, 0x2f, 0x78, 0x73, 0x3a, 0x72, 0x65, 0x73, 0x74, 0x72,
  0x69, 0x63, 0x74, 0x69, 0x6f, 0x6e, 0x3e, 0x0d, 0x0a, 0x09, 0x09, 0x09, 0x09,
  0x09, 0x09, 0x09, 0x3c, 0x2f, 0x78, 0x73, 0x3a, 0x73, 0x69, 0x6d, 0x70, 0x6c,
  0x65, 0x54, 0x79, 0x70, 0x65, 0x3e, 0x0d, 0x0a, 0x09, 0x09, 0x09, 0x09, 0x09,
  0x09, 0x3c, 0x2f, 0x78, 0x73, 0x3a, 0x61, 0x74, 0x74, 0x72, 0x69, 0x62, 0x75,
  0x74, 0x65, 0x3e, 0x0d, 0x0a, 0x09, 0x09, 0x09, 0x09, 0x09, 0x3c, 0x2f, 0x78,
  0x73, 0x3a, 0x63, 0x6f, 0x6d, 0x70, 0x6c, 0x65, 0x78, 0x54, 0x79, 0x70, 0x65,
  0x3e, 0x0d, 0x0a, 0x09, 0x09, 0x09, 0x09, 0x3c, 0x2f, 0x78, 0x73, 0x3a, 0x65,
  0x6c, 0x65, 0x6d, 0x65, 0x6e, 0x74, 0x3e, 0x0d, 0x0a, 0x09, 0x09, 0x09, 0x3c,
  0x2f, 0x78, 0x73, 0x3a, 0x73, 0x65, 0x71, 0x75, 0x65, 0x6e, 0x63, 0x65, 0x3e,
  0x0d, 0x0a, 0x09, 0x09, 0x09, 0x3c, 0x78, 0x73, 0x3a, 0x61, 0x74, 0x74, 0x72,
  0x69, 0x62, 0x75, 0x74, 0x65, 0x20, 0x6e, 0x61, 0x6d, 0x65, 0x3d, 0x22, 0xd0,
  0x92, 0xd0, 0xb5, 0xd1, 0x80, 0xd1, 0x81, 0xd0, 0xa4, 0xd0, 0xbe, 0xd1, 0x80,
  0xd0, 0xbc, 0x22, 0x20, 0x75, 0x73, 0x65, 0x3d, 0x22, 0x72, 0x65, 0x71, 0x75,
  0x69, 0x72, 0x65, 0x64, 0x22, 0x3e, 0x0d, 0x0a, 0x09, 0x09, 0x09, 0x09, 0x3c,
  0x78, 0x73, 0x3a, 0x61, 0x6e, 0x6e, 0x6f, 0x74, 0x61, 0x74, 0x69, 0x6f, 0x6e,
  0x3e, 0x0d, 0x0a, 0x09, 0x09, 0x09, 0x09, 0x09, 0x3c, 0x78, 0x73, 0x3a, 0x64,
  0x6f, 0x63, 0x75, 0x6d, 0x65, 0x6e, 0x74, 0x61, 0x74, 0x69, 0x6f, 0x6e, 0x3e,
  0xd0, 0x92, 0xd0, 0xb5, 0xd1, 0x80, 0xd1, 0x81, 0xd0, 0xb8, 0xd1, 0x8f, 0x20,
  0xd1, 0x84, 0xd0, 0xbe, 0xd1, 0x80, 0xd0, 0xbc, 0xd0, 0xb0, 0xd1, 0x82, 0xd0,
  0xb0, 0x3c, 0x2f, 0x78, 0x73, 0x3a, 0x64, 0x6f, 0x63, 0x75, 0x6d, 0x65, 0x6e,
  0x74, 0x61, 0x74, 0x69, 0x6f, 0x6e, 0x3e, 0x0d, 0x0a, 0x09, 0x09, 0x09, 0x09,
  0x3c, 0x2f, 0x78, 0x73, 0x3a, 0x61, 0x6e, 0x6e, 0x6f, 0x74, 0x61, 0x74, 0x69,
  0x6f, 0x6e, 0x3e, 0x0d, 0x0a, 0x09, 0x09, 0x09, 0x09, 0x3c, 0x78, 0x73, 0x3a,
  0x73, 0x69, 0x6d, 0x70, 0x6c, 0x65, 0x54, 0x79, 0x70, 0x65, 0x3e, 0x0d, 0x0a,
  0x09, 0x09, 0x09, 0x09, 0x09, 0x3c, 0x78, 0x73, 0x3a, 0x72, 0x65, 0x73, 0x74,
  0x72, 0x69, 0x63, 0x74, 0x69, 0x6f, 0x6e, 0x20, 0x62, 0x61, 0x73, 0x65, 0x3d,
  0x22, 0x78, 0x73, 0x3a, 0x73, 0x74, 0x72, 0x69, 0x6e, 0x67, 0x22, 0x3e, 0x0d,
  0x0a, 0x09, 0x09, 0x09, 0x09, 0x09, 0x09, 0x3c, 0x78, 0x73, 0x3a, 0x6d, 0x69,
  0x6e, 0x4c, 0x65, 0x6e, 0x67, 0x74, 0x68, 0x20, 0x76, 0x61, 0x6c, 0x75, 0x65,
  0x3d, 0x22, 0x31, 0x22, 0x2f, 0x3e, 0x0d, 0x0a, 0x09, 0x09, 0x09, 0x09, 0x09,
  0x09, 0x3c, 0x78, 0x73, 0x3a, 0x6d, 0x61, 0x78, 0x4c, 0x65, 0x6e, 0x67, 0x74,
  0x68, 0x20, 0x76, 0x61, 0x6c, 0x75, 0x65, 0x3d, 0x22, 0x31, 0x30, 0x22, 0x2f,
  0x3e, 0x0d, 0x0a, 0x09, 0x09, 0x09, 0x09, 0x09, 0x09, 0x3c, 0x78, 0x73, 0x3a,
  0x65, 0x6e, 0x75, 0x6d, 0x65, 0x72, 0x61, 0x74, 0x69, 0x6f, 0x6e, 0x20, 0x76,
  0x61, 0x6c, 0x75, 0x65, 0x3d, 0x22, 0x45, 0x4d, 0x43, 0x48, 0x44, 0x5f, 0x31,
  0x22, 0x2f, 0x3e, 0x0d, 0x0a, 0x09, 0x09, 0x09, 0x09, 0x09, 0x3c, 0x2f, 0x78,
  0x73, 0x3a, 0x72, 0x65, 0x73, 0x74, 0x72, 0x69, 0x63, 0x74, 0x69, 0x6f, 0x6e,
  0x3e, 0x0d, 0x0a, 0x09, 0x09, 0x09, 0x09, 0x3c, 0x2f, 0x78, 0x73, 0x3a, 0x73,
  0x69, 0x6d, 0x70, 0x6c, 0x65, 0x54, 0x79, 0x70, 0x65, 0x3e, 0x0d, 0x0a, 0x09,
  0x09, 0x09, 0x3c, 0x2f, 0x78, 0x73, 0x3a, 0x61, 0x74, 0x74, 0x72, 0x69, 0x62,
  0x75, 0x74, 0x65, 0x3e, 0x0d, 0x0a, 0x09, 0x09, 0x09, 0x3c, 0x78, 0x73, 0x3a,
  0x61, 0x74, 0x74, 0x72, 0x69, 0x62, 0x75, 0x74, 0x65, 0x20, 0x6e, 0x61, 0x6d,
  0x65, 0x3d, 0x22, 0xd0, 0x9f, 0xd1, 0x80, 0xd0, 0xad, 0xd0, 0xbb, 0xd0, 0xa4,
  0xd0, 0xbe, 0xd1, 0x80, 0xd0, 0xbc, 0x22, 0x20, 0x75, 0x73, 0x65, 0x3d, 0x22,
  0x72, 0x65, 0x71, 0x75, 0x69, 0x72, 0x65, 0x64, 0x22, 0x3e, 0x0d, 0x0a, 0x09,
  0x09, 0x09, 0x09, 0x3c, 0x78, 0x73, 0x3a, 0x61, 0x6e, 0x6e, 0x6f, 0x74, 0x61,
  0x74, 0x69, 0x6f, 0x6e, 0x3e, 0x0d, 0x0a, 0x09, 0x09, 0x09, 0x09, 0x09, 0x3c,
  0x78, 0x73, 0x3a, 0x64, 0x6f, 0x63, 0x75, 0x6d, 0x65, 0x6e, 0x74, 0x61, 0x74,
  0x69, 0x6f, 0x6e, 0x3e, 0xd0, 0xa4, 0xd0, 0xbb, 0xd0, 0xb0, 0xd0, 0xb3, 0x20,
  0xd0, 0xbe, 0xd0, 0xb1, 0xd1, 0x8f, 0xd0, 0xb7, 0xd0, 0xb0, 0xd1, 0x82, 0xd0,
  0xb5, 0xd0, 0xbb, 0xd1, 0x8c, 0xd0, 0xbd, 0xd0, 0xbe, 0xd1, 0x81, 0xd1, 0x82,
  0xd0, 0xb8, 0x20, 0xd1, 0x8d, 0xd0, 0xbb, 0xd0, 0xb5, 0xd0, 0xbc, 0xd0, 0xb5,
  0xd0, 0xbd, 0xd1, 0x82, 0xd0, 0xbe, 0xd0, 0xb2, 0x20, 0x3c, 0x2f, 0x78, 0x73,
  0x3a, 0x64, 0x6f, 0x63, 0x75, 0x6d, 0x65, 0x6e, 0x74, 0x61, 0x74, 0x69, 0x6f,
  0x6e, 0x3e, 0x0d, 0x0a, 0x09, 0x09, 0x09, 0x09, 0x3c, 0x2f, 0x78, 0x73, 0x3a,
  0x61, 0x6e, 0x6e, 0x6f, 0x74, 0x61, 0x74, 0x69, 0x6f, 0x6e, 0x3e, 0x0d, 0x0a,
  0x09, 0x09, 0x09, 0x09, 0x3c, 0x78, 0x73, 0x3a, 0x73, 0x69, 0x6d, 0x70, 0x6c,
  0x65, 0x54, 0x79, 0x70, 0x65, 0x3e, 0x0d, 0x0a, 0x09, 0x09, 0x09, 0x09, 0x09,
  0x3c, 0x78, 0x73, 0x3a, 0x72, 0x65, 0x73, 0x74, 0x72, 0x69, 0x63, 0x74, 0x69,
  0x6f, 0x6e, 0x20, 0x62, 0x61, 0x73, 0x65, 0x3d, 0x22, 0x78, 0x73, 0x3a, 0x73,
  0x74, 0x72, 0x69, 0x6e, 0x67, 0x22, 0x3e, 0x0d, 0x0a, 0x09, 0x09, 0x09, 0x09,
  0x09, 0x09, 0x3c, 0x78, 0x73, 0x3a, 0x6c, 0x65, 0x6e, 0x67, 0x74, 0x68, 0x20,
  0x76, 0x61, 0x6c, 0x75, 0x65, 0x3d, 0x22, 0x38, 0x22, 0x2f, 0x3e, 0x0d, 0x0a,
  0x09, 0x09, 0x09, 0x09, 0x09, 0x09, 0x3c, 0x78, 0x73, 0x3a, 0x70, 0x61, 0x74,
  0x74, 0x65, 0x72, 0x6e, 0x20, 0x76, 0x61, 0x6c, 0x75, 0x65, 0x3d, 0x22, 0x5b,
  0x30, 0x2d, 0x31, 0x5d, 0x7b, 0x38, 0x7d, 0x22, 0x2f, 0x3e, 0x0d, 0x0a, 0x09,
  0x09, 0x09, 0x09, 0x09, 0x3c, 0x2f, 0x78, 0x73, 0x3a, 0x72, 0x65, 0x73, 0x74,
  0x72, 0x69, 0x63, 0x74, 0x69, 0x6f, 0x6e, 0x3e, 0x0d, 0x0a, 0x09, 0x09, 0x09,
  0x09, 0x3c, 0x2f, 0x78, 0x73, 0x3a, 0x73, 0x69, 0x6d, 0x70, 0x6c, 0x65, 0x54,
  0x79, 0x70, 0x65, 0x3e, 0x0d, 0x0a, 0x09, 0x09, 0x09, 0x3c, 0x2f, 0x78, 0x73,
  0x3a, 0x61, 0x74, 0x74, 0x72, 0x69, 0x62, 0x75, 0x74, 0x65, 0x3e, 0x0d, 0x0a,
  0x09, 0x09, 0x09, 0x3c, 0x78, 0x73, 0x3a, 0x61, 0x74, 0x74, 0x72, 0x69, 0x62,
  0x75, 0x74, 0x65, 0x20, 0x6e, 0x61, 0x6d, 0x65, 0x3d, 0x22, 0xd0, 0x98, 0xd0,
  0xb4, 0xd0, 0xa4, 0xd0, 0xb0, 0xd0, 0xb9, 0xd0, 0xbb, 0x22, 0x20, 0x75, 0x73,
  0x65, 0x3d, 0x22, 0x72, 0x65, 0x71, 0x75, 0x69, 0x72, 0x65, 0x64, 0x22, 0x3e,
  0x0d, 0x0a, 0x09, 0x09, 0x09, 0x09, 0x3c, 0x78, 0x73, 0x3a, 0x61, 0x6e, 0x6e,
  0x6f, 0x74, 0x61, 0x74, 0x69, 0x6f, 0x6e, 0x3e, 0x0d, 0x0a, 0x09, 0x09, 0x09,
  0x09, 0x09, 0x3c, 0x78, 0x73, 0x3a, 0x64, 0x6f, 0x63, 0x75, 0x6d, 0x65, 0x6e,
  0x74, 0x61, 0x74, 0x69, 0x6f, 0x6e, 0x3e, 0xd0, 0x98, 0xd0, 0xb4, 0xd0, 0xb5,
  0xd0, 0xbd, 0xd1, 0x82, 0xd0, 0xb8, 0xd1, 0x84, 0xd0, 0xb8, 0xd0, 0xba, 0xd0,
  0xb0, 0xd1, 0x82, 0xd0, 0xbe, 0xd1, 0x80, 0x20, 0xd1, 0x84, 0xd0, 0xb0, 0xd0,
  0xb9, 0xd0, 0xbb, 0xd0, 0xb0, 0x3c, 0x2f, 0x78, 0x73, 0x3a, 0x64, 0x6f, 0x63,
  0x75, 0x6d, 0x65, 0x6e, 0x74, 0x61, 0x74, 0x69, 0x6f, 0x6e, 0x3e, 0x0d, 0x0a,
  0x09, 0x09, 0x09, 0x09, 0x3c, 0x2f, 0x78, 0x73, 0x3a, 0x61, 0x6e, 0x6e, 0x6f,
  0x74, 0x61, 0x74, 0x69, 0x6f, 0x6e, 0x3e, 0x0d, 0x0a, 0x09, 0x09, 0x09, 0x09,
  0x3c, 0x78, 0x73, 0x3a, 0x73, 0x69, 0x6d, 0x70, 0x6c, 0x65, 0x54, 0x79, 0x70,
  0x65, 0x3e, 0x0d, 0x0a, 0x09, 0x09, 0x09, 0x09, 0x09, 0x3c, 0x78, 0x73, 0x3a,
  0x72, 0x65, 0x73, 0x74, 0x72, 0x69, 0x63, 0x74, 0x69, 0x6f, 0x6e, 0x20, 0x62,
  0x61, 0x73, 0x65, 0x3d, 0x22, 0x78, 0x73, 0x3a, 0x73, 0x74, 0x72, 0x69, 0x6e,
  0x67, 0x22, 0x3e, 0x0d, 0x0a, 0x09, 0x09, 0x09, 0x09, 0x09, 0x09, 0x3c, 0x78,
  0x73, 0x3a, 0x6d, 0x69, 0x6e, 0x4c, 0x65, 0x6e, 0x67, 0x74, 0x68, 0x20, 0x76,
  0x61, 0x6c, 0x75, 0x65, 0x3d, 0x22, 0x31, 0x22, 0x2f, 0x3e, 0x0d, 0x0a, 0x09,
  0x09, 0x09, 0x09, 0x09, 0x09, 0x3c, 0x78, 0x73, 0x3a, 0x6d, 0x61, 0x78, 0x4c,
  0x65, 0x6e, 0x67, 0x74, 0x68, 0x20, 0x76, 0x61, 0x6c, 0x75, 0x65, 0x3d, 0x22,
  0x32, 0x35, 0x35, 0x22, 0x2f, 0x3e, 0x0d, 0x0a, 0x09, 0x09, 0x09, 0x09, 0x09,
  0x3c, 0x2f, 0x78, 0x73, 0x3a, 0x72, 0x65, 0x73, 0x74, 0x72, 0x69, 0x63, 0x74,
  0x69, 0x6f, 0x6e, 0x3e, 0x0d, 0x0a, 0x09, 0x09, 0x09, 0x09, 0x3c, 0x2f, 0x78,
  0x73, 0x3a, 0x73, 0x69, 0x6d, 0x70, 0x6c, 0x65, 0x54, 0x79, 0x70, 0x65, 0x3e,
  0x0d, 0x0a, 0x09, 0x09, 0x09, 0x3c, 0x2f, 0x78, 0x73, 0x3a, 0x61, 0x74, 0x74,
  0x72, 0x69, 0x62, 0x75, 0x74, 0x65, 0x3e, 0x0d, 0x0a, 0x09, 0x09, 0x09, 0x3c,
  0x78, 0x73, 0x3a, 0x61, 0x74, 0x74, 0x72, 0x69, 0x62, 0x75, 0x74, 0x65, 0x20,
  0x6e, 0x61, 0x6d, 0x65, 0x3d, 0x22, 0xd0, 0x98, 0xd0, 0xb4, 0xd0, 0xa4, 0xd0,
  0xb0, 0xd0, 0xb9, 0xd0, 0xbb, 0xd0, 0x9d, 0xd0, 0x9e, 0x22, 0x20, 0x75, 0x73,
  0x65, 0x3d, 0x22, 0x6f, 0x70, 0x74, 0x69, 0x6f, 0x6e, 0x61, 0x6c, 0x22, 0x3e,
  0x0d, 0x0a, 0x09, 0x09, 0x09, 0x09, 0x3c, 0x78, 0x73, 0x3a, 0x61, 0x6e, 0x6e,
  0x6f, 0x74, 0x61, 0x74, 0x69, 0x6f, 0x6e, 0x3e, 0x0d, 0x0a, 0x09, 0x09, 0x09,
  0x09, 0x09, 0x3c, 0x78, 0x73, 0x3a, 0x64, 0x6f, 0x63, 0x75, 0x6d, 0x65, 0x6e,
  0x74, 0x61, 0x74, 0x69, 0x6f, 0x6e, 0x3e, 0xd0, 0x98, 0xd0, 0xb4, 0xd0, 0xb5,
  0xd0, 0xbd, 0xd1, 0x82, 0xd0, 0xb8, 0xd1, 0x84, 0xd0, 0xb8, 0xd0, 0xba, 0xd0,
  0xb0, 0xd1, 0x82, 0xd0, 0xbe, 0xd1, 0x80, 0x20, 0xd1, 0x84, 0xd0, 0xb0, 0xd0,
  0xb9, 0xd0, 0xbb, 0xd0, 0xb0, 0x20, 0xd0, 0xb4, 0xd0, 0xbb, 0xd1, 0x8f, 0x20,
  0xd0, 0xbf, 0xd1, 0x80, 0xd0, 0xb5, 0xd0, 0xb4, 0xd1, 0x81, 0xd1, 0x82, 0xd0,
  0xb0, 0xd0, 0xb2, 0xd0, 0xbb, 0xd0, 0xb5, 0xd0, 0xbd, 0xd0, 0xb8, 0xd1, 0x8f,
  0x20, 0xd0, 0xb8, 0xd0, 0xbd, 0xd1, 0x82, 0xd0, 0xb5, 0xd1, 0x80, 0xd0, 0xb5,
  0xd1, 0x81, 0xd0, 0xbe, 0xd0, 0xb2, 0x20, 0xd0, 0xb2, 0x20, 0xd0, 0xbd, 0xd0,
  0xb0, 0xd0, 0xbb, 0xd0, 0xbe, 0xd0, 0xb3, 0xd0, 0xbe, 0xd0, 0xb2, 0xd0, 0xbe,
  0xd0, 0xbc, 0x20, 0xd0, 0xbe, 0xd1, 0x80, 0xd0, 0xb3, 0xd0, 0xb0, 0xd0, 0xbd,
  0xd0, 0xb5, 0x3c, 0x2f, 0x78, 0x73, 0x3a, 0x64, 0x6f, 0x63, 0x75, 0x6d, 0x65,
  0x6e, 0x74, 0x61, 0x74, 0x69, 0x6f, 0x6e, 0x3e, 0x0d, 0x0a, 0x09, 0x09, 0x09,
  0x09, 0x3c, 0x2f, 0x78, 0x73, 0x3a, 0x61, 0x6e, 0x6e, 0x6f, 0x74, 0x61, 0x74,
  0x69, 0x6f, 0x6e, 0x3e, 0x0d, 0x0a, 0x09, 0x09, 0x09, 0x09, 0x3c, 0x78, 0x73,
  0x3a, 0x73, 0x69, 0x6d, 0x70, 0x6c, 0x65, 0x54, 0x79, 0x70, 0x65, 0x3e, 0x0d,
  0x0a, 0x09, 0x09, 0x09, 0x09, 0x09, 0x3c, 0x78, 0x73, 0x3a, 0x72, 0x65, 0x73,
  0x74, 0x72, 0x69, 0x63, 0x74, 0x69, 0x6f, 0x6e, 0x20, 0x62, 0x61, 0x73, 0x65,
  0x3d, 0x22, 0x78, 0x73, 0x3a, 0x73, 0x74, 0x72, 0x69, 0x6e, 0x67, 0x22, 0x3e,
  0x0d, 0x0a, 0x09, 0x09, 0x09, 0x09, 0x09, 0x09, 0x3c, 0x78, 0x73, 0x3a, 0x6d,
  0x69, 0x6e, 0x4c, 0x65, 0x6e, 0x67, 0x74, 0x68, 0x20, 0x76, 0x61, 0x6c, 0x75,
  0x65, 0x3d, 0x22, 0x31, 0x22, 0x2f, 0x3e, 0x0d, 0x0a, 0x09, 0x09, 0x09, 0x09,
  0x09, 0x09, 0x3c, 0x78, 0x73, 0x3a, 0x6d, 0x61, 0x78, 0x4c, 0x65, 0x6e, 0x67,
  0x74, 0x68, 0x20, 0x76, 0x61, 0x6c, 0x75, 0x65, 0x3d, 0x22, 0x32, 0x35, 0x35,
  0x22, 0x2f, 0x3e, 0x0d, 0x0a, 0x09, 0x09, 0x09, 0x09, 0x09, 0x3c, 0x2f, 0x78,
  0x73, 0x3a, 0x72, 0x65, 0x73, 0x74, 0x72, 0x69, 0x63, 0x74, 0x69, 0x6f, 0x6e,
  0x3e, 0x0d, 0x0a, 0x09, 0x09, 0x09, 0x09, 0x3c, 0x2f, 0x78, 0x73, 0x3a, 0x73,
  0x69, 0x6d, 0x70, 0x6c, 0x65, 0x54, 0x79, 0x70, 0x65, 0x3e, 0x0d, 0x0a, 0x09,
  0x09, 0x09, 0x3c, 0x2f, 0x78, 0x73, 0x3a, 0x61, 0x74, 0x74, 0x72, 0x69, 0x62,
  0x75, 0x74, 0x65, 0x3e, 0x0d, 0x0a, 0x09, 0x09, 0x09, 0x3c, 0x78, 0x73, 0x3a,
  0x61, 0x74, 0x74, 0x72, 0x69, 0x62, 0x75, 0x74, 0x65, 0x20, 0x6e, 0x61, 0x6d,
  0x65, 0x3d, 0x22, 0x4f, 0x49, 0x44, 0x22, 0x20, 0x75, 0x73, 0x65, 0x3d, 0x22,
  0x6f, 0x70, 0x74, 0x69, 0x6f, 0x6e, 0x61, 0x6c, 0x22, 0x3e, 0x0d, 0x0a, 0x09,
  0x09, 0x09, 0x09, 0x3c, 0x78, 0x73, 0x3a, 0x61, 0x6e, 0x6e, 0x6f, 0x74, 0x61,
  0x74, 0x69, 0x6f, 0x6e, 0x3e, 0x0d, 0x0a, 0x09, 0x09, 0x09, 0x09, 0x09, 0x3c,
  0x78, 0x73, 0x3a, 0x64, 0x6f, 0x63, 0x75, 0x6d, 0x65, 0x6e, 0x74, 0x61, 0x74,
  0x69, 0x6f, 0x6e, 0x3e, 0xd0, 0x92, 0xd0, 0xbd, 0xd0, 0xb5, 0xd1, 0x88, 0xd0,
  0xbd, 0xd0, 0xb8, 0xd0, 0xb9, 0x20, 0xd0, 0xb8, 0xd0, 0xb4, 0xd0, 0xb5, 0xd0,
  0xbd, 0xd1, 0x82, 0xd0, 0xb8, 0xd1, 0x84, 0xd0, 0xb8, 0xd0, 0xba, 0xd0, 0xb0,
  0xd1, 0x82, 0xd0, 0xbe, 0xd1, 0x80, 0x20, 0xd0, 0xbe, 0xd0, 0xb1, 0xd1, 0x8a,
  0xd0, 0xb5, 0xd0, 0xba, 0xd1, 0x82, 0xd0, 0xb0, 0x20, 0xd0, 0x95, 0xd0, 0xa1,
  0xd0, 0x98, 0xd0, 0x90, 0x3c, 0x2f, 0x78, 0x73, 0x3a, 0x64, 0x6f, 0x63, 0x75,
  0x6d, 0x65, 0x6e, 0x74, 0x61, 0x74, 0x69, 0x6f, 0x6e, 0x3e, 0x0d, 0x0a, 0x09,
  0x09, 0x09, 0x09, 0x3c, 0x2f, 0x78, 0x73, 0x3a, 0x61, 0x6e, 0x6e, 0x6f, 0x74,
  0x61, 0x74, 0x69, 0x6f, 0x6e, 0x3e, 0x0d, 0x0a, 0x09, 0x09, 0x09, 0x09, 0x3c,
  0x78, 0x73, 0x3a, 0x73, 0x69, 0x6d, 0x70, 0x6c, 0x65, 0x54, 0x79, 0x70, 0x65,
  0x3e, 0x0d, 0x0a, 0x09, 0x09, 0x09, 0x09, 0x09, 0x3c, 0x78, 0x73, 0x3a, 0x72,
  0x65, 0x73, 0x74, 0x72, 0x69, 0x63, 0x74, 0x69, 0x6f, 0x6e, 0x20, 0x62, 0x61,
  0x73, 0x65, 0x3d, 0x22, 0x78, 0x73, 0x3a, 0x73, 0x74, 0x72, 0x69, 0x6e, 0x67,
  0x22, 0x3e, 0x0d, 0x0a, 0x09, 0x09, 0x09, 0x09, 0x09, 0x09, 0x3c, 0x78, 0x73,
  0x3a, 0x6d, 0x69, 0x6e, 0x4c, 0x65, 0x6e, 0x67, 0x74, 0x68, 0x20, 0x76, 0x61,
  0x6c, 0x75, 0x65, 0x3d, 0x22, 0x31, 0x22, 0x2f, 0x3e, 0x0d, 0x0a, 0x09, 0x09,
  0x09, 0x09, 0x09, 0x09, 0x3c, 0x78, 0x73, 0x3a, 0x6d, 0x61, 0x78, 0x4c, 0x65,
  0x6e, 0x67, 0x74, 0x68, 0x20, 0x76, 0x61, 0x6c, 0x75, 0x65, 0x3d, 0x22, 0x32,
  0x35, 0x35, 0x22, 0x2f, 0x3e, 0x0d, 0x0a, 0x09, 0x09, 0x09, 0x09, 0x09, 0x3c,
  0x2f, 0x78, 0x73, 0x3a, 0x72, 0x65, 0x73, 0x74, 0x72, 0x69, 0x63, 0x74, 0x69,
  0x6f, 0x6e, 0x3e, 0x0d, 0x0a, 0x09, 0x09, 0x09, 0x09, 0x3c, 0x2f, 0x78, 0x73,
  0x3a, 0x73, 0x69, 0x6d, 0x70, 0x6c, 0x65, 0x54, 0x79, 0x70, 0x65, 0x3e, 0x0d,
  0x0a, 0x09, 0x09, 0x09, 0x3c, 0x2f, 0x78, 0x73, 0x3a, 0x61, 0x74, 0x74, 0x72,
  0x69, 0x62, 0x75, 0x74, 0x65, 0x3e, 0x0d, 0x0a, 0x09, 0x09, 0x3c, 0x2f, 0x78,
  0x73, 0x3a, 0x63, 0x6f, 0x6d, 0x70, 0x6c, 0x65, 0x78, 0x54, 0x79, 0x70, 0x65,
  0x3e, 0x0d, 0x0a, 0x09, 0x3c, 0x2f, 0x78, 0x73, 0x3a, 0x65, 0x6c, 0x65, 0x6d,
  0x65, 0x6e, 0x74, 0x3e, 0x0d, 0x0a, 0x09, 0x3c, 0x78, 0x73, 0x3a, 0x63, 0x6f,
  0x6d, 0x70, 0x6c, 0x65, 0x78, 0x54, 0x79, 0x70, 0x65, 0x20, 0x6e, 0x61, 0x6d,
  0x65, 0x3d, 0x22, 0xd0, 0xa0, 0xd0, 0xbe, 0xd1, 0x81, 0xd0, 0x9e, 0xd1, 0x80,
  0xd0, 0xb3, 0xd0, 0x94, 0xd0, 0xbe, 0xd0, 0xb2, 0xd0, 0xb5, 0xd1, 0x80, 0xd0,
  0xa2, 0xd0, 0xb8, 0xd0, 0xbf, 0x22, 0x3e, 0x0d, 0x0a, 0x09, 0x09, 0x3c, 0x78,
  0x73, 0x3a, 0x61, 0x6e, 0x6e, 0x6f, 0x74, 0x61, 0x74, 0x69, 0x6f, 0x6e, 0x3e,
  0x0d, 0x0a, 0x09, 0x09, 0x09, 0x3c, 0x78, 0x73, 0x3a, 0x64, 0x6f, 0x63, 0x75,
  0x6d, 0x65, 0x6e, 0x74, 0x61, 0x74, 0x69, 0x6f, 0x6e, 0x3e, 0xd0, 0xa1, 0xd0,
  0xb2, 0xd0, 0xb5, 0xd0, 0xb4, 0xd0, 0xb5, 0xd0, 0xbd, 0xd0, 0xb8, 0xd1, 0x8f,
  0x20, 0xd0, 0xbe, 0x20, 0xd1, 0x8e, 0xd1, 0x80, 0xd0, 0xb8, 0xd0, 0xb4, 0xd0,
  0xb8, 0xd1, 0x87, 0xd0, 0xb5, 0xd1, 0x81, 0xd0, 0xba, 0xd0, 0xbe, 0xd0, 0xbc,
  0x20, 0xd0, 0xbb, 0xd0, 0xb8, 0xd1, 0x86, 0xd0, 0xb5, 0x3c, 0x2f, 0x78, 0x73,
  0x3a, 0x64, 0x6f, 0x63, 0x75, 0x6d, 0x65, 0x6e, 0x74, 0x61, 0x74, 0x69, 0x6f,
  0x6e, 0x3e, 0x0d, 0x0a, 0x09, 0x09, 0x3c, 0x2f, 0x78, 0x73, 0x3a, 0x61, 0x6e,
  0x6e, 0x6f, 0x74, 0x61, 0x74, 0x69, 0x6f, 0x6e, 0x3e, 0x0d, 0x0a, 0x09, 0x09,
  0x3c, 0x78, 0x73, 0x3a, 0x73, 0x65, 0x71, 0x75, 0x65, 0x6e, 0x63, 0x65, 0x3e,
  0x0d, 0x0a, 0x09, 0x09, 0x09, 0x3c, 0x78, 0x73, 0x3a, 0x65, 0x6c, 0x65, 0x6d,
  0x65, 0x6e, 0x74, 0x20, 0x6e, 0x61, 0x6d, 0x65, 0x3d, 0x22, 0xd0, 0xa1, 0xd0,
  0xb2, 0xd0, 0xa0, 0xd0, 0xbe, 0xd1, 0x81, 0xd0, 0x9e, 0xd1, 0x80, 0xd0, 0xb3,
  0x22, 0x20, 0x74, 0x79, 0x70, 0x65, 0x3d, 0x22, 0xd0, 0xa1, 0xd0, 0xb2, 0xd0,
  0x9e, 0xd1, 0x80, 0xd0, 0xb3, 0xd0, 0xa2, 0xd0, 0xb8, 0xd0, 0xbf, 0x22, 0x3e,
  0x0d, 0x0a, 0x09, 0x09, 0x09, 0x09, 0x3c, 0x78, 0x73, 0x3a, 0x61, 0x6e, 0x6e,
  0x6f, 0x74, 0x61, 0x74, 0x69, 0x6f, 0x6e, 0x3e, 0x0d, 0x0a, 0x09, 0x09, 0x09,
  0x09, 0x09, 0x3c, 0x78, 0x73, 0x3a, 0x64, 0x6f, 0x63, 0x75, 0x6d, 0x65, 0x6e,
  0x74, 0x61, 0x74, 0x69, 0x6f, 0x6e, 0x3e, 0xd0, 0xa1, 0xd0, 0xb2, 0xd0, 0xb5,
  0xd0, 0xb4, 0xd0, 0xb5, 0xd0, 0xbd, 0xd0, 0xb8, 0xd1, 0x8f, 0x20, 0xd0, 0xbe,
  0x20, 0xd1, 0x8e, 0xd1, 0x80, 0xd0, 0xb8, 0xd0, 0xb4, 0xd0, 0xb8, 0xd1, 0x87,
  0xd0, 0xb5, 0xd1, 0x81, 0xd0, 0xba, 0xd0, 0xbe, 0xd0, 0xbc, 0x20, 0xd0, 0xbb,
  0xd0, 0xb8, 0xd1, 0x86, 0xd0, 0xb5, 0x3c, 0x2f, 0x78, 0x73, 0x3a, 0x64, 0x6f,
  0x63, 0x75, 0x6d, 0x65, 0x6e, 0x74, 0x61, 0x74, 0x69, 0x6f, 0x6e, 0x3e, 0x0d,
  0x0a, 0x09, 0x09, 0x09, 0x09, 0x3c, 0x2f, 0x78, 0x73, 0x3a, 0x61, 0x6e, 0x6e,
  0x6f, 0x74, 0x61, 0x74, 0x69, 0x6f, 0x6e, 0x3e, 0x0d, 0x0a, 0x09, 0x09, 0x09,
  0x3c, 0x2f, 0x78, 0x73, 0x3a, 0x65, 0x6c, 0x65, 0x6d, 0x65, 0x6e, 0x74, 0x3e,
  0x0d, 0x0a, 0x09, 0x09, 0x09, 0x3c, 0x78, 0x73, 0x3a, 0x65, 0x6c, 0x65, 0x6d,
  0x65, 0x6e, 0x74, 0x20, 0x6e, 0x61, 0x6d, 0x65, 0x3d, 0x22, 0xd0, 0x9b, 0xd0,
  0xb8, 0xd1, 0x86, 0xd0, 0xbe, 0xd0, 0x91, 0xd0, 0xb5, 0xd0, 0xb7, 0xd0, 0x94,
  0xd0, 0xbe, 0xd0, 0xb2, 0x22, 0x20, 0x74, 0x79, 0x70, 0x65, 0x3d, 0x22, 0xd0,
  0x9b, 0xd0, 0xb8, 0xd1, 0x86, 0xd0, 0xbe, 0xd0, 0x91, 0xd0, 0xb5, 0xd0, 0xb7,
  0xd0, 0x94, 0xd0, 0xbe, 0xd0, 0xb2, 0xd0, 0xa2, 0xd0, 0xb8, 0xd0, 0xbf, 0x22,
  0x20, 0x6d, 0x61, 0x78, 0x4f, 0x63, 0x63, 0x75, 0x72, 0x73, 0x3d, 0x22, 0x75,
  0x6e, 0x62, 0x6f, 0x75, 0x6e, 0x64, 0x65, 0x64, 0x22, 0x3e, 0x0d, 0x0a, 0x09,
  0x09, 0x09, 0x09, 0x3c, 0x78, 0x73, 0x3a, 0x61, 0x6e, 0x6e, 0x6f, 0x74, 0x61,
  0x74, 0x69, 0x6f, 0x6e, 0x3e, 0x0d, 0x0a, 0x09, 0x09, 0x09, 0x09, 0x09, 0x3c,
  0x78, 0x73, 0x3a, 0x64, 0x6f, 0x63, 0x75, 0x6d, 0x65, 0x6e, 0x74, 0x61, 0x74,
  0x69, 0x6f, 0x6e, 0x3e, 0xd0, 0xa1, 0xd0, 0xb2, 0xd0, 0xb5, 0xd0, 0xb4, 0xd0,
  0xb5, 0xd0, 0xbd, 0xd0, 0xb8, 0xd1, 0x8f, 0x20, 0xd0, 0xbe, 0x20, 0xd0, 0xbb,
  0xd0, 0xb8, 0xd1, 0x86, 0xd0, 0xb5, 0x20, 0x28, 0xd0, 0xbb, 0xd0, 0xb8, 0xd1,
  0x86, 0xd0, 0xb0, 0xd1, 0x85, 0x29, 0x2c, 0x20, 0xd0, 0xb4, 0xd0, 0xb5, 0xd0,
  0xb9, 0xd1, 0x81, 0xd1, 0x82, 0xd0, 0xb2, 0xd1, 0x83, 0xd1, 0x8e, 0xd1, 0x89,
  0xd0, 0xb5, 0xd0, 0xbc, 0x20, 0x28, 0xd0, 0xb4, 0xd0, 0xb5, 0xd0, 0xb9, 0xd1,
  0x81, 0xd1, 0x82, 0xd0, 0xb2, 0xd1, 0x83, 0xd1, 0x8e, 0xd1, 0x89, 0xd0, 0xb8,
  0xd1, 0x85, 0x29, 0x20, 0xd0, 0xbe, 0xd1, 0x82, 0x20, 0xd0, 0xb8, 0xd0, 0xbc,
  0xd0, 0xb5, 0xd0, 0xbd, 0xd0, 0xb8, 0x20, 0xd1, 0x8e, 0xd1, 0x80, 0xd0, 0xb8,
  0xd0, 0xb4, 0xd0, 0xb8, 0xd1, 0x87, 0xd0, 0xb5, 0xd1, 0x81, 0xd0, 0xba, 0xd0,
  0xbe, 0xd0, 0xb3, 0xd0, 0xbe, 0x20, 0xd0, 0xbb, 0xd0, 0xb8, 0xd1, 0x86, 0xd0,
  0xb0, 0x20, 0xd0, 0xb1, 0xd0, 0xb5, 0xd0, 0xb7, 0x20, 0xd0, 0xb4, 0xd0, 0xbe,
  0xd0, 0xb2, 0xd0, 0xb5, 0xd1, 0x80, 0xd0, 0xb5, 0xd0, 0xbd, 0xd0, 0xbd, 0xd0,
  0xbe, 0xd1, 0x81, 0xd1, 0x82, 0xd0, 0xb8, 0x3c, 0x2f, 0x78, 0x73, 0x3a, 0x64,
  0x6f, 0x63, 0x75, 0x6d, 0x65, 0x6e, 0x74, 0x61, 0x74, 0x69, 0x6f, 0x6e, 0x3e,
  0x0d, 0x0a, 0x09, 0x09, 0x09, 0x09, 0x3c, 0x2f, 0x78, 0x73, 0x3a, 0x61, 0x6e,
  0x6e, 0x6f, 0x74, 0x61, 0x74, 0x69, 0x6f, 0x6e, 0x3e, 0x0d, 0x0a, 0x09, 0x09,
  0x09, 0x3c, 0x2f, 0x78, 0x73, 0x3a, 0x65, 0x6c, 0x65, 0x6d, 0x65, 0x6e, 0x74,
  0x3e, 0x0d, 0x0a, 0x09, 0x09, 0x3c, 0x2f, 0x78, 0x73, 0x3a, 0x73, 0x65, 0x71,
  0x75, 0x65, 0x6e, 0x63, 0x65, 0x3e, 0x0d, 0x0a, 0x09, 0x09, 0x3c, 0x78, 0x73,
  0x3a, 0x61, 0x74, 0x74, 0x72, 0x69, 0x62, 0x75, 0x74, 0x65, 0x20, 0x6e, 0x61,
  0x6d, 0x65, 0x3d, 0x22, 0xd0, 0x95, 0xd0, 0x98, 0xd0, 0x9e, 0xd0, 0xa3, 0xd0,
  0x9a, 0x22, 0x20, 0x75, 0x73, 0x65, 0x3d, 0x22, 0x72, 0x65, 0x71, 0x75, 0x69,
  0x72, 0x65, 0x64, 0x22, 0x3e, 0x0d, 0x0a, 0x09, 0x09, 0x09, 0x3c, 0x78, 0x73,
  0x3a, 0x61, 0x6e, 0x6e, 0x6f, 0x74, 0x61, 0x74, 0x69, 0x6f, 0x6e, 0x3e, 0x0d,
  0x0a, 0x09, 0x09, 0x09, 0x09, 0x3c, 0x78, 0x73, 0x3a, 0x64, 0x6f, 0x63, 0x75,
  0x6d, 0x65, 0x6e, 0x74, 0x61, 0x74, 0x69, 0x6f, 0x6e, 0x3e, 0xd0, 0x95, 0xd0,
  0xb4, 0xd0, 0xb8, 0xd0, 0xbd, 0xd0, 0xbe, 0xd0, 0xbb, 0xd0, 0xb8, 0xd1, 0x87,
  0xd0, 0xbd, 0xd1, 0x8b, 0xd0, 0xbc, 0x20, 0xd0, 0xb8, 0xd1, 0x81, 0xd0, 0xbf,
  0xd0, 0xbe, 0xd0, 0xbb, 0xd0, 0xbd, 0xd0, 0xb8, 0xd1, 0x82, 0xd0, 0xb5, 0xd0,
  0xbb, 0xd1, 0x8c, 0xd0, 0xbd, 0xd1, 0x8b, 0xd0, 0xbc, 0x20, 0xd0, 0xbe, 0xd1,
  0x80, 0xd0, 0xb3, 0xd0, 0xb0, 0xd0, 0xbd, 0xd0, 0xbe, 0xd0, 0xbc, 0x20, 0xd0,
  0xb2, 0xd1, 0x8b, 0xd1, 0x81, 0xd1, 0x82, 0xd1, 0x83, 0xd0, 0xbf, 0xd0, 0xb0,
  0xd0, 0xb5, 0xd1, 0x82, 0x20, 0xd1, 0x83, 0xd0, 0xbf, 0xd1, 0x80, 0xd0, 0xb0,
  0xd0, 0xb2, 0xd0, 0xbb, 0xd1, 0x8f, 0xd1, 0x8e, 0xd1, 0x89, 0xd0, 0xb0, 0xd1,
  0x8f, 0x20, 0xd0, 0xba, 0xd0, 0xbe, 0xd0, 0xbc, 0xd0, 0xbf, 0xd0, 0xb0, 0xd0,
  0xbd, 0xd0, 0xb8, 0xd1, 0x8f, 0x3c, 0x2f, 0x78, 0x73, 0x3a, 0x64, 0x6f, 0x63,
  0x75, 0x6d, 0x65, 0x6e, 0x74, 0x61, 0x74, 0x69, 0x6f, 0x6e, 0x3e, 0x0d, 0x0a,
  0x09, 0x09, 0x09, 0x3c, 0x2f, 0x78, 0x73, 0x3a, 0x61, 0x6e, 0x6e, 0x6f, 0x74,
  0x61, 0x74, 0x69, 0x6f, 0x6e, 0x3e, 0x0d, 0x0a, 0x09, 0x09, 0x09, 0x3c, 0x78,
  0x73, 0x3a, 0x73, 0x69, 0x6d, 0x70, 0x6c, 0x65, 0x54, 0x79, 0x70, 0x65, 0x3e,
  0x0d, 0x0a, 0x09, 0x09, 0x09, 0x09, 0x3c, 0x78, 0x73, 0x3a, 0x72, 0x65, 0x73,
  0x74, 0x72, 0x69, 0x63, 0x74, 0x69, 0x6f, 0x6e, 0x20, 0x62, 0x61, 0x73, 0x65,
  0x3d, 0x22, 0x78, 0x73, 0x3a, 0x73, 0x74, 0x72, 0x69, 0x6e, 0x67, 0x22, 0x3e,
  0x0d, 0x0a, 0x09, 0x09, 0x09, 0x09, 0x09, 0x3c, 0x78, 0x73, 0x3a, 0x6c, 0x65,
  0x6e, 0x67, 0x74, 0x68, 0x20, 0x76, 0x61, 0x6c, 0x75, 0x65, 0x3d, 0x22, 0x31,
  0x22, 0x2f, 0x3e, 0x0d, 0x0a, 0x09, 0x09, 0x09, 0x09, 0x09, 0x3c, 0x78, 0x73,
  0x3a, 0x65, 0x6e, 0x75, 0x6d, 0x65, 0x72, 0x61, 0x74, 0x69, 0x6f, 0x6e, 0x20,
  0x76, 0x61, 0x6c, 0x75, 0x65, 0x3d, 0x22, 0x30, 0x22, 0x2f, 0x3e, 0x0d, 0x0a,
  0x09, 0x09, 0x09, 0x09, 0x09, 0x3c, 0x78, 0x73, 0x3a, 0x65, 0x6e, 0x75, 0x6d,
  0x65, 0x72, 0x61, 0x74, 0x69, 0x6f, 0x6e, 0x20, 0x76, 0x61, 0x6c, 0x75, 0x65,
  0x3d, 0x22, 0x31, 0x22, 0x2f, 0x3e, 0x0d, 0x0a, 0x09, 0x09, 0x09, 0x09, 0x3c,
  0x2f, 0x78, 0x73, 0x3a, 0x72, 0x65, 0x73, 0x74, 0x72, 0x69, 0x63, 0x74, 0x69,
  0x6f, 0x6e, 0x3e, 0x0d, 0x0a, 0x09, 0x09, 0x09, 0x3c, 0x2f, 0x78, 0x73, 0x3a,
  0x73, 0x69, 0x6d, 0x70, 0x6c, 0x65, 0x54, 0x79, 0x70, 0x65, 0x3e, 0x0d, 0x0a,
  0x09, 0x09, 0x3c, 0x2f, 0x78, 0x73, 0x3a, 0x61, 0x74, 0x74, 0x72, 0x69, 0x62,
  0x75, 0x74, 0x65, 0x3e, 0x0d, 0x0a, 0x09, 0x09, 0x3c, 0x78, 0x73, 0x3a, 0x61,
  0x74, 0x74, 0x72, 0x69, 0x62, 0x75, 0x74, 0x65, 0x20, 0x6e, 0x61, 0x6d, 0x65,
  0x3d, 0x22, 0xd0, 0x95, 0xd0, 0x98, 0xd0, 0x9e, 0xd0, 0xa4, 0xd0, 0x9b, 0x22,
  0x20, 0x75, 0x73, 0x65, 0x3d, 0x22, 0x72, 0x65, 0x71, 0x75, 0x69, 0x72, 0x65,
  0x64, 0x22, 0x3e, 0x0d, 0x0a, 0x09, 0x09, 0x09, 0x3c, 0x78, 0x73, 0x3a, 0x61,
  0x6e, 0x6e, 0x6f, 0x74, 0x61, 0x74, 0x69, 0x6f, 0x6e, 0x3e, 0x0d, 0x0a, 0x09,
  0x09, 0x09, 0x09, 0x3c, 0x78, 0x73, 0x3a, 0x64, 0x6f, 0x63, 0x75, 0x6d, 0x65,
  0x6e, 0x74, 0x61, 0x74, 0x69, 0x6f, 0x6e, 0x3e, 0xd0, 0x95, 0xd0, 0xb4, 0xd0,
  0xb8, 0xd0, 0xbd, 0xd0, 0xbe, 0xd0, 0xbb, 0xd0, 0xb8, 0xd1, 0x87, 0xd0, 0xbd,
  0xd1, 0x8b, 0xd0, 0xbc, 0x20, 0xd0, 0xb8, 0xd1, 0x81, 0xd0, 0xbf, 0xd0, 0xbe,
  0xd0, 0xbb, 0xd0, 0xbd, 0xd0, 0xb8, 0xd1, 0x82, 0xd0, 0xb5, 0xd0, 0xbb, 0xd1,
  0x8c, 0xd0, 0xbd, 0xd1, 0x8b, 0xd0, 0xbc, 0x20, 0xd0, 0xbe, 0xd1, 0x80, 0xd0,
  0xb3, 0xd0, 0xb0, 0xd0, 0xbd, 0xd0, 0xbe, 0xd0, 0xbc, 0x20, 0xd0, 0xb2, 0xd1,
  0x8b, 0xd1, 0x81, 0xd1, 0x82, 0xd1, 0x83, 0xd0, 0xbf, 0xd0, 0xb0, 0xd0, 0xb5,
  0xd1, 0x82, 0x20, 0xd1, 0x84, 0xd0, 0xb8, 0xd0, 0xb7, 0xd0, 0xb8, 0xd1, 0x87,
  0xd0, 0xb5, 0xd1, 0x81, 0xd0, 0xba, 0xd0, 0xbe, 0xd0, 0xb5, 0x20, 0xd0, 0xbb,
  0xd0, 0xb8, 0xd1, 0x86, 0xd0, 0xbe, 0x3c, 0x2f, 0x78, 0x73, 0x3a, 0x64, 0x6f,
  0x63, 0x75, 0x6d, 0x65, 0x6e, 0x74, 0x61, 0x74, 0x69, 0x6f, 0x6e, 0x3e, 0x0d,
  0x0a, 0x09, 0x09, 0x09, 0x3c, 0x2f, 0x78, 0x73, 0x3a, 0x61, 0x6e, 0x6e, 0x6f,
  0x74, 0x61, 0x74, 0x69, 0x6f, 0x6e, 0x3e, 0x0d, 0x0a, 0x09, 0x09, 0x09, 0x3c,
  0x78, 0x73, 0x3a, 0x73, 0x69, 0x6d, 0x70, 0x6c, 0x65, 0x54, 0x79, 0x70, 0x65,
  0x3e, 0x0d, 0x0a, 0x09, 0x09, 0x09, 0x09, 0x3c, 0x78, 0x73, 0x3a, 0x72, 0x65,
  0x73, 0x74, 0x72, 0x69, 0x63, 0x74, 0x69, 0x6f, 0x6e, 0x20, 0x62, 0x61, 0x73,
  0x65, 0x3d, 0x22, 0x78, 0x73, 0x3a, 0x73, 0x74, 0x72, 0x69, 0x6e, 0x67, 0x22,
  0x3e, 0x0d, 0x0a, 0x09, 0x09, 0x09, 0x09, 0x09, 0x3c, 0x78, 0x73, 0x3a, 0x6c,
  0x65, 0x6e, 0x67, 0x74, 0x68, 0x20, 0x76, 0x61, 0x6c, 0x75, 0x65, 0x3d, 0x22,
  0x31, 0x22, 0x2f, 0x3e, 0x0d, 0x0a, 0x09, 0x09, 0x09, 0x09, 0x09, 0x3c, 0x78,
  0x73, 0x3a, 0x65, 0x6e, 0x75, 0x6d, 0x65, 0x72, 0x61, 0x74, 0x69, 0x6f, 0x6e,
  0x20, 0x76, 0x61, 0x6c, 0x75, 0x65, 0x3d, 0x22, 0x30, 0x22, 0x2f, 0x3e, 0x0d,
  0x0a, 0x09, 0x09, 0x09, 0x09, 0x09, 0x3c, 0x78, 0x73, 0x3a, 0x65, 0x6e, 0x75,
  0x6d, 0x65, 0x72, 0x61, 0x74, 0x69, 0x6f, 0x6e, 0x20, 0x76, 0x61, 0x6c, 0x75,
  0x65, 0x3d, 0x22, 0x31, 0x22, 0x2f, 0x3e, 0x0d, 0x0a, 0x09, 0x09, 0x09, 0x09,
  0x3c, 0x2f, 0x78, 0x73, 0x3a, 0x72, 0x65, 0x73, 0x74, 0x72, 0x69, 0x63, 0x74,
  0x69, 0x6f, 0x6e, 0x3e, 0x0d, 0x0a, 0x09, 0x09, 0x09, 0x3c, 0x2f, 0x78, 0x73,
  0x3a, 0x73, 0x69, 0x6d, 0x70, 0x6c, 0x65, 0x54, 0x79, 0x70, 0x65, 0x3e, 0x0d,
  0x0a, 0x09, 0x09, 0x3c, 0x2f, 0x78, 0x73, 0x3a, 0x61, 0x74, 0x74, 0x72, 0x69,
  0x62, 0x75, 0x74, 0x65, 0x3e, 0x0d, 0x0a, 0x09, 0x09, 0x3c, 0x78, 0x73, 0x3a,
  0x61, 0x74, 0x74, 0x72, 0x69, 0x62, 0x75, 0x74, 0x65, 0x20, 0x6e, 0x61, 0x6d,
  0x65, 0x3d, 0x22, 0xd0, 0x95, 0xd0, 0x98, 0xd0, 0x9e, 0xd0, 0x98, 0xd0, 0x9f,
  0x22, 0x20, 0x75, 0x73, 0x65, 0x3d, 0x22, 0x72, 0x65, 0x71, 0x75, 0x69, 0x72,
  0x65, 0x64, 0x22, 0x3e, 0x0d, 0x0a, 0x09, 0x09, 0x09, 0x3c, 0x78, 0x73, 0x3a,
  0x61, 0x6e, 0x6e, 0x6f, 0x74, 0x61, 0x74, 0x69, 0x6f, 0x6e, 0x3e, 0x0d, 0x0a,
  0x09, 0x09, 0x09, 0x09, 0x3c, 0x78, 0x73, 0x3a, 0x64, 0x6f, 0x63, 0x75, 0x6d,
  0x65, 0x6e, 0x74, 0x61, 0x74, 0x69, 0x6f, 0x6e, 0x3e, 0xd0, 0x95, 0xd0, 0xb4,
  0xd0, 0xb8, 0xd0, 0xbd, 0xd0, 0xbe, 0xd0, 0xbb, 0xd0, 0xb8, 0xd1, 0x87, 0xd0,
  0xbd, 0xd1, 0x8b, 0xd0, 0xbc, 0x20, 0xd0, 0xb8, 0xd1, 0x81, 0xd0, 0xbf, 0xd0,
  0xbe, 0xd0, 0xbb, 0xd0, 0xbd, 0xd0, 0xb8, 0xd1, 0x82, 0xd0, 0xb5, 0xd0, 0xbb,
  0xd1, 0x8c, 0xd0, 0xbd, 0xd1, 0x8b, 0xd0, 0xbc, 0x20, 0xd0, 0xbe, 0xd1, 0x80,
  0xd0, 0xb3, 0xd0, 0xb0, 0xd0, 0xbd, 0xd0, 0xbe, 0xd0, 0xbc, 0x20, 0xd0, 0xb2,
  0xd1, 0x8b, 0xd1, 0x81, 0xd1, 0x82, 0xd1, 0x83, 0xd0, 0xbf, 0xd0, 0xb0, 0xd0,
  0xb5, 0xd1, 0x82, 0x20, 0xd0, 0xb8, 0xd0, 0xbd, 0xd0, 0xb4, 0xd0, 0xb8, 0xd0,
  0xb2, 0xd0, 0xb8, 0xd0, 0xb4, 0xd1, 0x83, 0xd0, 0xb0, 0xd0, 0xbb, 0xd1, 0x8c,
  0xd0, 0xbd, 0xd1, 0x8b, 0xd0, 0xb9, 0x20, 0xd0, 0xbf, 0xd1, 0x80, 0xd0, 0xb5,
  0xd0, 0xb4, 0xd0, 0xbf, 0xd1, 0x80, 0xd0, 0xb8, 0xd0, 0xbd, 0xd0, 0xb8, 0xd0,
  0xbc, 0xd0, 0xb0, 0xd1, 0x82, 0xd0, 0xb5, 0xd0, 0xbb, 0xd1, 0x8c, 0x3c, 0x2f,
  0x78, 0x73, 0x3a, 0x64, 0x6f, 0x63, 0x75, 0x6d, 0x65, 0x6e, 0x74, 0x61, 0x74,
  0x69, 0x6f, 0x6e, 0x3e, 0x0d, 0x0a, 0x09, 0x09, 0x09, 0x3c, 0x2f, 0x78, 0x73,
  0x3a, 0x61, 0x6e, 0x6e, 0x6f, 0x74, 0x61, 0x74, 0x69, 0x6f, 0x6e, 0x3e, 0x0d,
  0x0a, 0x09, 0x09, 0x09, 0x3c, 0x78, 0x73, 0x3a, 0x73, 0x69, 0x6d, 0x70, 0x6c,
  0x65, 0x54, 0x79, 0x70, 0x65, 0x3e, 0x0d, 0x0a, 0x09, 0x09, 0x09, 0x09, 0x3c,
  0x78, 0x73, 0x3a, 0x72, 0x65, 0x73, 0x74, 0x72, 0x69, 0x63, 0x74, 0x69, 0x6f,
  0x6e, 0x20, 0x62, 0x61, 0x73, 0x65, 0x3d, 0x22, 0x78, 0x73, 0x3a, 0x73, 0x74,
  0x72, 0x69, 0x6e, 0x67, 0x22, 0x3e, 0x0d, 0x0a, 0x09, 0x09, 0x09, 0x09, 0x09,
  0x3c, 0x78, 0x73, 0x3a, 0x6c, 0x65, 0x6e, 0x67, 0x74, 0x68, 0x20, 0x76, 0x61,
  0x6c, 0x75, 0x65, 0x3d, 0x22, 0x31, 0x22, 0x2f, 0x3e, 0x0d, 0x0a, 0x09, 0x09,
  0x09, 0x09, 0x09, 0x3c, 0x78, 0x73, 0x3a, 0x65, 0x6e, 0x75, 0x6d, 0x65, 0x72,
  0x61, 0x74, 0x69, 0x6f, 0x6e, 0x20, 0x76, 0x61, 0x6c, 0x75, 0x65, 0x3d, 0x22,
  0x30, 0x22, 0x2f, 0x3e, 0x0d, 0x0a, 0x09, 0x09, 0x09, 0x09, 0x09, 0x3c, 0x78,
  0x73, 0x3a, 0x65, 0x6e, 0x75, 0x6d, 0x65, 0x72, 0x61, 0x74, 0x69, 0x6f, 0x6e,
  0x20, 0x76, 0x61, 0x6c, 0x75, 0x65, 0x3d, 0x22, 0x31, 0x22, 0x2f, 0x3e, 0x0d,
  0x0a, 0x09, 0x09, 0x09, 0x09, 0x3c, 0x2f, 0x78, 0x73, 0x3a, 0x72, 0x65, 0x73,
  0x74, 0x72, 0x69, 0x63, 0x74, 0x69, 0x6f, 0x6e, 0x3e, 0x0d, 0x0a, 0x09, 0x09,
  0x09, 0x3c, 0x2f, 0x78, 0x73, 0x3a, 0x73, 0x69, 0x6d, 0x70, 0x6c, 0x65, 0x54,
  0x79, 0x70, 0x65, 0x3e, 0x0d, 0x0a, 0x09, 0x09, 0x3c, 0x2f, 0x78, 0x73, 0x3a,
  0x61, 0x74, 0x74, 0x72, 0x69, 0x62, 0x75, 0x74, 0x65, 0x3e, 0x0d, 0x0a, 0x09,
  0x3c, 0x2f, 0x78, 0x73, 0x3a, 0x63, 0x6f, 0x6d, 0x70, 0x6c, 0x65, 0x78, 0x54,
  0x79, 0x70, 0x65, 0x3e, 0x0d, 0x0a, 0x09, 0x3c, 0x78, 0x73, 0x3a, 0x63, 0x6f,
  0x6d, 0x70, 0x6c, 0x65, 0x78, 0x54, 0x79, 0x70, 0x65, 0x20, 0x6e, 0x61, 0x6d,
  0x65, 0x3d, 0x22, 0xd0, 0x9b, 0xd0, 0xb8, 0xd1, 0x86, 0xd0, 0xbe, 0xd0, 0x91,
  0xd0, 0xb5, 0xd0, 0xb7, 0xd0, 0x94, 0xd0, 0xbe, 0xd0, 0xb2, 0xd0, 0xa2, 0xd0,
  0xb8, 0xd0, 0xbf, 0x22, 0x3e, 0x0d, 0x0a, 0x09, 0x09, 0x3c, 0x78, 0x73, 0x3a,
  0x61, 0x6e, 0x6e, 0x6f, 0x74, 0x61, 0x74, 0x69, 0x6f, 0x6e, 0x3e, 0x0d, 0x0a,
  0x09, 0x09, 0x09, 0x3c, 0x78, 0x73, 0x3a, 0x64, 0x6f, 0x63, 0x75, 0x6d, 0x65,
  0x6e, 0x74, 0x61, 0x74, 0x69, 0x6f, 0x6e, 0x3e, 0xd0, 0xa1, 0xd0, 0xb2, 0xd0,
  0xb5, 0xd0, 0xb4, 0xd0, 0xb5, 0xd0, 0xbd, 0xd0, 0xb8, 0xd1, 0x8f, 0x20, 0xd0,
  0xbe, 0x20, 0xd0, 0xbb, 0xd0, 0xb8, 0xd1, 0x86, 0xd0, 0xb5, 0x20, 0x28, 0xd0,
  0xbb, 0xd0, 0xb8, 0xd1, 0x86, 0xd0, 0xb0, 0xd1, 0x85, 0x29, 0x2c, 0x20, 0xd0,
  0xb2, 0x20, 0xd1, 0x82, 0xd0, 0xbe, 0xd0, 0xbc, 0x20, 0xd1, 0x87, 0xd0, 0xb8,
  0xd1, 0x81, 0xd0, 0xbb, 0xd0, 0xb5, 0x20, 0xd0, 0xb7, 0xd0, 0xb0, 0xd0, 0xba,
  0xd0, 0xbe, 0xd0, 0xbd, 0xd0, 0xbd, 0xd0, 0xbe, 0xd0, 0xbc, 0x20, 0xd0, 0xbf,
  0xd1, 0x80, 0xd0, 0xb5, 0xd0, 0xb4, 0xd1, 0x81, 0xd1, 0x82, 0xd0, 0xb0, 0xd0,
  0xb2, 0xd0, 0xb8, 0xd1, 0x82, 0xd0, 0xb5, 0xd0, 0xbb, 0xd0, 0xb5, 0x2c, 0x20,
  0xd0, 0xb4, 0xd0, 0xb5, 0xd0, 0xb9, 0xd1, 0x81, 0xd1, 0x82, 0xd0, 0xb2, 0xd1,
  0x83, 0xd1, 0x8e, 0xd1, 0x89, 0xd0, 0xb5, 0xd0, 0xbc, 0x20, 0x28, 0xd0, 0xb4,
  0xd0, 0xb5, 0xd0, 0xb9, 0xd1, 0x81, 0xd1, 0x82, 0xd0, 0xb2, 0xd1, 0x83, 0xd1,
  0x8e, 0xd1, 0x89, 0xd0, 0xb8, 0xd1, 0x85, 0x29, 0x20, 0xd0, 0xb1, 0xd0, 0xb5,
  0xd0, 0xb7, 0x20, 0xd0, 0xb4, 0xd0, 0xbe, 0xd0, 0xb2, 0xd0, 0xb5, 0xd1, 0x80,
  0xd0, 0xb5, 0xd0, 0xbd, 0xd0, 0xbd, 0xd0, 0xbe, 0xd1, 0x81, 0xd1, 0x82, 0xd0,
  0xb8, 0x3c, 0x2f, 0x78, 0x73, 0x3a, 0x64, 0x6f, 0x63, 0x75, 0x6d, 0x65, 0x6e,
  0x74, 0x61, 0x74, 0x69, 0x6f, 0x6e, 0x3e, 0x0d, 0x0a, 0x09, 0x09, 0x3c, 0x2f,
  0x78, 0x73, 0x3a, 0x61, 0x6e, 0x6e, 0x6f, 0x74, 0x61, 0x74, 0x69, 0x6f, 0x6e,
  0x3e, 0x0d, 0x0a, 0x09, 0x09, 0x3c, 0x78, 0x73, 0x3a, 0x73, 0x65, 0x71, 0x75,
  0x65, 0x6e, 0x63, 0x65, 0x3e, 0x0d, 0x0a, 0x09, 0x09, 0x09, 0x3c, 0x78, 0x73,
  0x3a, 0x65, 0x6c, 0x65, 0x6d, 0x65, 0x6e, 0x74, 0x20, 0x6e, 0x61, 0x6d, 0x65,
  0x3d, 0x22, 0xd0, 0xa1, 0xd0, 0x92, 0xd0, 0xae, 0xd0, 0x9b, 0x22, 0x20, 0x6d,
  0x69, 0x6e, 0x4f, 0x63, 0x63, 0x75, 0x72, 0x73, 0x3d, 0x22, 0x30, 0x22, 0x3e,
  0x0d, 0x0a, 0x09, 0x09, 0x09, 0x09, 0x3c, 0x78, 0x73, 0x3a, 0x61, 0x6e, 0x6e,
  0x6f, 0x74, 0x61, 0x74, 0x69, 0x6f, 0x6e, 0x3e, 0x0d, 0x0a, 0x09, 0x09, 0x09,
  0x09, 0x09, 0x3c, 0x78, 0x73, 0x3a, 0x64, 0x6f, 0x63, 0x75, 0x6d, 0x65, 0x6e,
  0x74, 0x61, 0x74, 0x69, 0x6f, 0x6e, 0x3e, 0xd0, 0xa1, 0xd0, 0xb2, 0xd0, 0xb5,
  0xd0, 0xb4, 0xd0, 0xb5, 0xd0, 0xbd, 0xd0, 0xb8, 0xd1, 0x8f, 0x20, 0xd0, 0xbe,
  0x20, 0xd0, 0xb5, 0xd0, 0xb4, 0xd0, 0xb8, 0xd0, 0xbd, 0xd0, 0xbe, 0xd0, 0xbb,
  0xd0, 0xb8, 0xd1, 0x87, 0xd0, 0xbd, 0xd0, 0xbe, 0xd0, 0xbc, 0x20, 0xd0, 0xb8,
  0xd1, 0x81, 0xd0, 0xbf, 0xd0, 0xbe, 0xd0, 0xbb, 0xd0, 0xbd, 0xd0, 0xb8, 0xd1,
  0x82, 0xd0, 0xb5, 0xd0, 0xbb, 0xd1, 0x8c, 0xd0, 0xbd, 0xd0, 0xbe, 0xd0, 0xbc,
  0x20, 0xd0, 0xbe, 0xd1, 0x80, 0xd0, 0xb3, 0xd0, 0xb0, 0xd0, 0xbd, 0xd0, 0xb5,
  0x20, 0xe2, 0x80, 0x93, 0x20, 0xd1, 0x83, 0xd0, 0xbf, 0xd1, 0x80, 0xd0, 0xb0,
  0xd0, 0xb2, 0xd0, 0xbb, 0xd1, 0x8f, 0xd1, 0x8e, 0xd1, 0x89, 0xd0, 0xb5, 0xd0,
  0xb9, 0x20, 0xd0, 0xba, 0xd0, 0xbe, 0xd0, 0xbc, 0xd0, 0xbf, 0xd0, 0xb0, 0xd0,
  0xbd, 0xd0, 0xb8, 0xd0, 0xb8, 0x3c, 0x2f, 0x78, 0x73, 0x3a, 0x64, 0x6f, 0x63,
  0x75, 0x6d, 0x65, 0x6e, 0x74, 0x61, 0x74, 0x69, 0x6f, 0x6e, 0x3e, 0x0d, 0x0a,
  0x09, 0x09, 0x09, 0x09, 0x3c, 0x2f, 0x78, 0x73, 0x3a, 0x61, 0x6e, 0x6e, 0x6f,
  0x74, 0x61, 0x74, 0x69, 0x6f, 0x6e, 0x3e, 0x0d, 0x0a, 0x09, 0x09, 0x09, 0x09,
  0x3c, 0x78, 0x73, 0x3a, 0x63, 0x6f, 0x6d, 0x70, 0x6c, 0x65, 0x78, 0x54, 0x79,
  0x70, 0x65, 0x3e, 0x0d, 0x0a, 0x09, 0x09, 0x09, 0x09, 0x09, 0x3c, 0x78, 0x73,
  0x3a, 0x73, 0x65, 0x71, 0x75, 0x65, 0x6e, 0x63, 0x65, 0x3e, 0x0d, 0x0a, 0x09,
  0x09, 0x09, 0x09, 0x09, 0x09, 0x3c, 0x78, 0x73, 0x3a, 0x65, 0x6c, 0x65, 0x6d,
  0x65, 0x6e, 0x74, 0x20, 0x6e, 0x61, 0x6d, 0x65, 0x3d, 0x22, 0xd0, 0xa1, 0xd0,
  0xb2, 0xd0, 0xae, 0xd0, 0x9b, 0xd0, 0x95, 0xd0, 0x98, 0xd0, 0x9e, 0x22, 0x20,
  0x74, 0x79, 0x70, 0x65, 0x3d, 0x22, 0xd0, 0xa1, 0xd0, 0xb2, 0xd0, 0x9e, 0xd1,
  0x80, 0xd0, 0xb3, 0xd0, 0xa2, 0xd0, 0xb8, 0xd0, 0xbf, 0x22, 0x3e, 0x0d, 0x0a,
  0x09, 0x09, 0x09, 0x09, 0x09, 0x09, 0x09, 0x3c, 0x78, 0x73, 0x3a, 0x61, 0x6e,
  0x6e, 0x6f, 0x74, 0x61, 0x74, 0x69, 0x6f, 0x6e, 0x3e, 0x0d, 0x0a, 0x09, 0x09,
  0x09, 0x09, 0x09, 0x09, 0x09, 0x09, 0x3c, 0x78, 0x73, 0x3a, 0x64, 0x6f, 0x63,
  0x75, 0x6d, 0x65, 0x6e, 0x74, 0x61, 0x74, 0x69, 0x6f, 0x6e, 0x3e, 0xd0, 0xa1,
  0xd0, 0xb2, 0xd0, 0xb5, 0xd0, 0xb4, 0xd0, 0xb5, 0xd0, 0xbd, 0xd0, 0xb8, 0xd1,
  0x8f, 0x20, 0xd0, 0xbe, 0x20, 0xd1, 0x8e, 0xd1, 0x80, 0xd0, 0xb8, 0xd0, 0xb4,
  0xd0, 0xb8, 0xd1, 0x87, 0xd0, 0xb5, 0xd1, 0x81, 0xd0, 0xba, 0xd0, 0xbe, 0xd0,
  0xbc, 0x20, 0xd0, 0xbb, 0xd0, 0xb8, 0xd1, 0x86, 0xd0, 0xb5, 0x3c, 0x2f, 0x78,
  0x73, 0x3a, 0x64, 0x6f, 0x63, 0x75, 0x6d, 0x65, 0x6e, 0x74, 0x61, 0x74, 0x69,
  0x6f, 0x6e, 0x3e, 0x0d, 0x0a, 0x09, 0x09, 0x09, 0x09, 0x09, 0x09, 0x09, 0x3c,
  0x2f, 0x78, 0x73, 0x3a, 0x61, 0x6e, 0x6e, 0x6f, 0x74, 0x61, 0x74, 0x69, 0x6f,
  0x6e, 0x3e, 0x0d, 0x0a, 0x09, 0x09, 0x09, 0x09, 0x09, 0x09, 0x3c, 0x2f, 0x78,
  0x73, 0x3a, 0x65, 0x6c, 0x65, 0x6d, 0x65, 0x6e, 0x74, 0x3e, 0x0d, 0x0a, 0x09,
  0x09, 0x09, 0x09, 0x09, 0x09, 0x3c, 0x78, 0x73, 0x3a, 0x65, 0x6c, 0x65, 0x6d,
  0x65, 0x6e, 0x74, 0x20, 0x6e, 0x61, 0x6d, 0x65, 0x3d, 0x22, 0xd0, 0xa1, 0xd0,
  0xb2, 0xd0, 0xa4, 0xd0, 0x9b, 0x22, 0x20, 0x74, 0x79, 0x70, 0x65, 0x3d, 0x22,
  0xd0, 0xa1, 0xd0, 0xb2, 0xd0, 0xa4, 0xd0, 0x9b, 0xd0, 0xa2, 0xd0, 0xb8, 0xd0,
  0xbf, 0x22, 0x20, 0x6d, 0x61, 0x78, 0x4f, 0x63, 0x63, 0x75, 0x72, 0x73, 0x3d,
  0x22, 0x75, 0x6e, 0x62, 0x6f, 0x75, 0x6e, 0x64, 0x65, 0x64, 0x22, 0x3e, 0x0d,
  0x0a, 0x09, 0x09, 0x09, 0x09, 0x09, 0x09, 0x09, 0x3c, 0x78, 0x73, 0x3a, 0x61,
  0x6e, 0x6e, 0x6f, 0x74, 0x61, 0x74, 0x69, 0x6f, 0x6e, 0x3e, 0x0d, 0x0a, 0x09,
  0x09, 0x09, 0x09, 0x09, 0x09, 0x09, 0x09, 0x3c, 0x78, 0x73, 0x3a, 0x64, 0x6f,
  0x63, 0x75, 0x6d, 0x65, 0x6e, 0x74, 0x61, 0x74, 0x69, 0x6f, 0x6e, 0x3e, 0xd0,
  0xa1, 0xd0, 0xb2, 0xd0, 0xb5, 0xd0, 0xb4, 0xd0, 0xb5, 0xd0, 0xbd, 0xd0, 0xb8,
  0xd1, 0x8f, 0x20, 0xd0, 0xbe, 0x20, 0xd1, 0x84, 0xd0, 0xb8, 0xd0, 0xb7, 0xd0,
  0xb8, 0xd1, 0x87, 0xd0, 0xb5, 0xd1, 0x81, 0xd0, 0xba, 0xd0, 0xbe, 0xd0, 0xbc,
  0x20, 0xd0, 0xbb, 0xd0, 0xb8, 0xd1, 0x86, 0xd0, 0xb5, 0x20, 0x28, 0xd1, 0x84,
  0xd0, 0xb8, 0xd0, 0xb7, 0xd0, 0xb8, 0xd1, 0x87, 0xd0, 0xb5, 0xd1, 0x81, 0xd0,
  0xba, 0xd0, 0xb8, 0xd1, 0x85, 0x20, 0xd0, 0xbb, 0xd0, 0xb8, 0xd1, 0x86, 0xd0,
  0xb0, 0xd1, 0x85, 0x29, 0x2c, 0x20, 0xd0, 0xb4, 0xd0, 0xb5, 0xd0, 0xb9, 0xd1,
  0x81, 0xd1, 0x82, 0xd0, 0xb2, 0xd1, 0x83, 0xd1, 0x8e, 0xd1, 0x89, 0xd0, 0xb5,
  0xd0, 0xbc, 0x20, 0x28, 0xd0, 0xb4, 0xd0, 0xb5, 0xd0, 0xb9, 0xd1, 0x81, 0xd1,
  0x82, 0xd0, 0xb2, 0xd1, 0x83, 0xd1, 0x8e, 0xd1, 0x89, 0xd0, 0xb8, 0xd1, 0x85,
  0x29, 0x20, 0xd0, 0xbe, 0xd1, 0x82, 0x20, 0xd0, 0xb8, 0xd0, 0xbc, 0xd0, 0xb5,
  0xd0, 0xbd, 0xd0, 0xb8, 0x20, 0xd1, 0x8e, 0xd1, 0x80, 0xd0, 0xb8, 0xd0, 0xb4,
  0xd0, 0xb8, 0xd1, 0x87, 0xd0, 0xb5, 0xd1, 0x81, 0xd0, 0xba, 0xd0, 0xbe, 0xd0,
  0xb3, 0xd0, 0xbe, 0x20, 0xd0, 0xbb, 0xd0, 0xb8, 0xd1, 0x86, 0xd0, 0xb0, 0x20,
  0xd0, 0xb1, 0xd0, 0xb5, 0xd0, 0xb7, 0x20, 0xd0, 0xb4, 0xd0, 0xbe, 0xd0, 0xb2,
  0xd0, 0xb5, 0xd1, 0x80, 0xd0, 0xb5, 0xd0, 0xbd, 0xd0, 0xbd, 0xd0, 0xbe, 0xd1,
  0x81, 0xd1, 0x82, 0xd0, 0xb8, 0x3c, 0x2f, 0x78, 0x73, 0x3a, 0x64, 0x6f, 0x63,
  0x75, 0x6d, 0x65, 0x6e, 0x74, 0x61, 0x74, 0x69, 0x6f, 0x6e, 0x3e, 0x0d, 0x0a,
  0x09, 0x09, 0x09, 0x09, 0x09, 0x09, 0x09, 0x3c, 0x2f, 0x78, 0x73, 0x3a, 0x61,
  0x6e, 0x6e, 0x6f, 0x74, 0x61, 0x74, 0x69, 0x6f, 0x6e, 0x3e, 0x0d, 0x0a, 0x09,
  0x09, 0x09, 0x09, 0x09, 0x09, 0x3c, 0x2f, 0x78, 0x73, 0x3a, 0x65, 0x6c, 0x65,
  0x6d, 0x65, 0x6e, 0x74, 0x3e, 0x0d, 0x0a, 0x09, 0x09, 0x09, 0x09, 0x09, 0x3c,
  0x2f, 0x78, 0x73, 0x3a, 0x73, 0x65, 0x71, 0x75, 0x65, 0x6e, 0x63, 0x65, 0x3e,
  0x0d, 0x0a, 0x09, 0x09, 0x09, 0x09, 0x3c, 0x2f, 0x78, 0x73, 0x3a, 0x63, 0x6f,
  0x6d, 0x70, 0x6c, 0x65, 0x78, 0x54, 0x79, 0x70, 0x65, 0x3e, 0x0d, 0x0a, 0x09,
  0x09, 0x09, 0x3c, 0x2f, 0x78, 0x73, 0x3a, 0x65, 0x6c, 0x65, 0x6d, 0x65, 0x6e,
  0x74, 0x3e, 0x0d, 0x0a, 0x09, 0x09, 0x09, 0x3c, 0x78, 0x73, 0x3a, 0x65, 0x6c,
  0x65, 0x6d, 0x65, 0x6e, 0x74, 0x20, 0x6e, 0x61, 0x6d, 0x65, 0x3d, 0x22, 0xd0,
  0xa1, 0xd0, 0xb2, 0xd0, 0xa4, 0xd0, 0x9b, 0x22, 0x20, 0x74, 0x79, 0x70, 0x65,
  0x3d, 0x22, 0xd0, 0xa1, 0xd0, 0xb2, 0xd0, 0xa4, 0xd0, 0x9b, 0xd0, 0xa2, 0xd0,
  0xb8, 0xd0, 0xbf, 0x22, 0x20, 0x6d, 0x69, 0x6e, 0x4f, 0x63, 0x63, 0x75, 0x72,
  0x73, 0x3d, 0x22, 0x30, 0x22, 0x3e, 0x0d, 0x0a, 0x09, 0x09, 0x09, 0x09, 0x3c,
  0x78, 0x73, 0x3a, 0x61, 0x6e, 0x6e, 0x6f, 0x74, 0x61, 0x74, 0x69, 0x6f, 0x6e,
  0x3e, 0x0d, 0x0a, 0x09, 0x09, 0x09, 0x09, 0x09, 0x3c, 0x78, 0x73, 0x3a, 0x64,
  0x6f, 0x63, 0x75, 0x6d, 0x65, 0x6e, 0x74, 0x61, 0x74, 0x69, 0x6f, 0x6e, 0x3e,
  0xd0, 0xa1, 0xd0, 0xb2, 0xd0, 0xb5, 0xd0, 0xb4, 0xd0, 0xb5, 0xd0, 0xbd, 0xd0,
  0xb8, 0xd1, 0x8f, 0x20, 0xd0, 0xbe, 0x20, 0xd0, 0xb5, 0xd0, 0xb4, 0xd0, 0xb8,
  0xd0, 0xbd, 0xd0, 0xbe, 0xd0, 0xbb, 0xd0, 0xb8, 0xd1, 0x87, 0xd0, 0xbd, 0xd0,
  0xbe, 0xd0, 0xbc, 0x20, 0xd0, 0xb8, 0xd1, 0x81, 0xd0, 0xbf, 0xd0, 0xbe, 0xd0,
  0xbb, 0xd0, 0xbd, 0xd0, 0xb8, 0xd1, 0x82, 0xd0, 0xb5, 0xd0, 0xbb, 0xd1, 0x8c,
  0xd0, 0xbd, 0xd0, 0xbe, 0xd0, 0xbc, 0x20, 0xd0, 0xbe, 0xd1, 0x80, 0xd0, 0xb3,
  0xd0, 0xb0, 0xd0, 0xbd, 0xd0, 0xb5, 0x20, 0x2d, 0x20, 0xd1, 0x84, 0xd0, 0xb8,
  0xd0, 0xb7, 0xd0, 0xb8, 0xd1, 0x87, 0xd0, 0xb5, 0xd1, 0x81, 0xd0, 0xba, 0xd0,
  0xbe, 0xd0, 0xbc, 0x20, 0xd0, 0xbb, 0xd0, 0xb8, 0xd1, 0x86, 0xd0, 0xb5, 0x3c,
  0x2f, 0x78, 0x73, 0x3a, 0x64, 0x6f, 0x63, 0x75, 0x6d, 0x65, 0x6e, 0x74, 0x61,
  0x74, 0x69, 0x6f, 0x6e, 0x3e, 0x0d, 0x0a, 0x09, 0x09, 0x09, 0x09, 0x3c, 0x2f,
  0x78, 0x73, 0x3a, 0x61, 0x6e, 0x6e, 0x6f, 0x74, 0x61, 0x74, 0x69, 0x6f, 0x6e,
  0x3e, 0x0d, 0x0a, 0x09, 0x09, 0x09, 0x3c, 0x2f, 0x78, 0x73, 0x3a, 0x65, 0x6c,
  0x65, 0x6d, 0x65, 0x6e, 0x74, 0x3e, 0x0d, 0x0a, 0x09, 0x09, 0x09, 0x3c, 0x78,
  0x73, 0x3a, 0x65, 0x6c, 0x65, 0x6d, 0x65, 0x6e, 0x74, 0x20, 0x6e, 0x61, 0x6d,
  0x65, 0x3d, 0x22, 0xd0, 0xa1, 0xd0, 0xb2, 0xd0, 0x98, 0xd0, 0x9f, 0x22, 0x20,
  0x74, 0x79, 0x70, 0x65, 0x3d, 0x22, 0xd0, 0xa1, 0xd0, 0xb2, 0xd0, 0xb5, 0xd0,
  0xb4, 0xd0, 0x98, 0xd0, 0x9f, 0xd0, 0xa2, 0xd0, 0xb8, 0xd0, 0xbf, 0x22, 0x20,
  0x6d, 0x69, 0x6e, 0x4f, 0x63, 0x63, 0x75, 0x72, 0x73, 0x3d, 0x22, 0x30, 0x22,
  0x3e, 0x0d, 0x0a, 0x09, 0x09, 0x09, 0x09, 0x3c, 0x78, 0x73, 0x3a, 0x61, 0x6e,
  0x6e, 0x6f, 0x74, 0x61, 0x74, 0x69, 0x6f, 0x6e, 0x3e, 0x0d, 0x0a, 0x09, 0x09,
  0x09, 0x09, 0x09, 0x3c, 0x78, 0x73, 0x3a, 0x64, 0x6f, 0x63, 0x75, 0x6d, 0x65,
  0x6e, 0x74, 0x61, 0x74, 0x69, 0x6f, 0x6e, 0x3e, 0xd0, 0xa1, 0xd0, 0xb2, 0xd0,
  0xb5, 0xd0, 0xb4, 0xd0, 0xb5, 0xd0, 0xbd, 0xd0, 0xb8, 0xd1, 0x8f, 0x20, 0xd0,
  0xbe, 0x20, 0xd0, 0xb5, 0xd0, 0xb4, 0xd0, 0xb8, 0xd0, 0xbd, 0xd0, 0xbe, 0xd0,
  0xbb, 0xd0, 0xb8, 0xd1, 0x87, 0xd0, 0xbd, 0xd0, 0xbe, 0xd0, 0xbc, 0x20, 0xd0,
  0xb8, 0xd1, 0x81, 0xd0, 0xbf, 0xd0, 0xbe, 0xd0, 0xbb, 0xd0, 0xbd, 0xd0, 0xb8,
  0xd1, 0x82, 0xd0, 0xb5, 0xd0, 0xbb, 0xd1, 0x8c, 0xd0, 0xbd, 0xd0, 0xbe, 0xd0,
  0xbc, 0x20, 0xd0, 0xbe, 0xd1, 0x80, 0xd0, 0xb3, 0xd0, 0xb0, 0xd0, 0xbd, 0xd0,
  0xb5, 0x20, 0x2d, 0x20, 0xd0, 0xb8, 0xd0, 0xbd, 0xd0, 0xb4, 0xd0, 0xb8, 0xd0,
  0xb2, 0xd0, 0xb8, 0xd0, 0xb4, 0xd1, 0x83, 0xd0, 0xb0, 0xd0, 0xbb, 0xd1, 0x8c,
  0xd0, 0xbd, 0xd0, 0xbe, 0xd0, 0xbc, 0x20, 0xd0, 0xbf, 0xd1, 0x80, 0xd0, 0xb5,
  0xd0, 0xb4, 0xd0, 0xbf, 0xd1, 0x80, 0xd0, 0xb8, 0xd0, 0xbd, 0xd0, 0xb8, 0xd0,
  0xbc, 0xd0, 0xb0, 0xd1, 0x82, 0xd0, 0xb5, 0xd0, 0xbb, 0xd0, 0xb5, 0x3c, 0x2f,
  0x78, 0x73, 0x3a, 0x64, 0x6f, 0x63, 0x75, 0x6d, 0x65, 0x6e, 0x74, 0x61, 0x74,
  0x69, 0x6f, 0x6e, 0x3e, 0x0d, 0x0a, 0x09, 0x09, 0x09, 0x09, 0x3c, 0x2f, 0x78,
  0x73, 0x3a, 0x61, 0x6e, 0x6e, 0x6f, 0x74, 0x61, 0x74, 0x69, 0x6f, 0x6e, 0x3e,
  0x0d, 0x0a, 0x09, 0x09, 0x09, 0x3c, 0x2f, 0x78, 0x73, 0x3a, 0x65, 0x6c, 0x65,
  0x6d, 0x65, 0x6e, 0x74, 0x3e, 0x0d, 0x0a, 0x09, 0x09, 0x3c, 0x2f, 0x78, 0x73,
  0x3a, 0x73, 0x65, 0x71, 0x75, 0x65, 0x6e, 0x63, 0x65, 0x3e, 0x0d, 0x0a, 0x09,
  0x09, 0x3c, 0x78, 0x73, 0x3a, 0x61, 0x74, 0x74, 0x72, 0x69, 0x62, 0x75, 0x74,
  0x65, 0x20, 0x6e, 0x61, 0x6d, 0x65, 0x3d, 0x22, 0xd0, 0x9f, 0xd0, 0xbe, 0xd0,
  0xbb, 0xd0, 0xbd, 0xd0, 0xae, 0xd0, 0x9b, 0x22, 0x20, 0x75, 0x73, 0x65, 0x3d,
  0x22, 0x72, 0x65, 0x71, 0x75, 0x69, 0x72, 0x65, 0x64, 0x22, 0x3e, 0x0d, 0x0a,
  0x09, 0x09, 0x09, 0x3c, 0x78, 0x73, 0x3a, 0x61, 0x6e, 0x6e, 0x6f, 0x74, 0x61,
  0x74, 0x69, 0x6f, 0x6e, 0x3e, 0x0d, 0x0a, 0x09, 0x09, 0x09, 0x09, 0x3c, 0x78,
  0x73, 0x3a, 0x64, 0x6f, 0x63, 0x75, 0x6d, 0x65, 0x6e, 0x74, 0x61, 0x74, 0x69,
  0x6f, 0x6e, 0x3e, 0xd0, 0x92, 0xd0, 0xb8, 0xd0, 0xb4, 0x20, 0xd0, 0xbf, 0xd0,
  0xbe, 0xd0, 0xbb, 0xd0, 0xbd, 0xd0, 0xbe, 0xd0, 0xbc, 0xd0, 0xbe, 0xd1, 0x87,
  0xd0, 0xb8, 0xd0, 0xb9, 0x20, 0xd0, 0xb5, 0xd0, 0xb4, 0xd0, 0xb8, 0xd0, 0xbd,
  0xd0, 0xbe, 0xd0, 0xbb, 0xd0, 0xb8, 0xd1, 0x87, 0xd0, 0xbd, 0xd0, 0xbe, 0xd0,
  0xb3, 0xd0, 0xbe, 0x20, 0xd0, 0xb8, 0xd1, 0x81, 0xd0, 0xbf, 0xd0, 0xbe, 0xd0,
  0xbb, 0xd0, 0xbd, 0xd0, 0xb8, 0xd1, 0x82, 0xd0, 0xb5, 0xd0, 0xbb, 0xd1, 0x8c,
  0xd0, 0xbd, 0xd0, 0xbe, 0xd0, 0xb3, 0xd0, 0xbe, 0x20, 0xd0, 0xbe, 0xd1, 0x80,
  0xd0, 0xb3, 0xd0, 0xb0, 0xd0, 0xbd, 0xd0, 0xb0, 0x3c, 0x2f, 0x78, 0x73, 0x3a,
  0x64, 0x6f, 0x63, 0x75, 0x6d, 0x65, 0x6e, 0x74, 0x61, 0x74, 0x69, 0x6f, 0x6e,
  0x3e, 0x0d, 0x0a, 0x09, 0x09, 0x09, 0x3c, 0x2f, 0x78, 0x73, 0x3a, 0x61, 0x6e,
  0x6e, 0x6f, 0x74, 0x61, 0x74, 0x69, 0x6f, 0x6e, 0x3e, 0x0d, 0x0a, 0x09, 0x09,
  0x09, 0x3c, 0x78, 0x73, 0x3a, 0x73, 0x69, 0x6d, 0x70, 0x6c, 0x65, 0x54, 0x79,
  0x70, 0x65, 0x3e, 0x0d, 0x0a, 0x09, 0x09, 0x09, 0x09, 0x3c, 0x78, 0x73, 0x3a,
  0x72, 0x65, 0x73, 0x74, 0x72, 0x69, 0x63, 0x74, 0x69, 0x6f, 0x6e, 0x20, 0x62,
  0x61, 0x73, 0x65, 0x3d, 0x22, 0x78, 0x73, 0x3a, 0x73, 0x74, 0x72, 0x69, 0x6e,
  0x67, 0x22, 0x3e, 0x0d, 0x0a, 0x09, 0x09, 0x09, 0x09, 0x09, 0x3c, 0x78, 0x73,
  0x3a, 0x6c, 0x65, 0x6e, 0x67, 0x74, 0x68, 0x20, 0x76, 0x61, 0x6c, 0x75, 0x65,
  0x3d, 0x22, 0x31, 0x22, 0x2f, 0x3e, 0x0d, 0x0a, 0x09, 0x09, 0x09, 0x09, 0x09,
  0x3c, 0x78, 0x73, 0x3a, 0x65, 0x6e, 0x75, 0x6d, 0x65, 0x72, 0x61, 0x74, 0x69,
  0x6f, 0x6e, 0x20, 0x76, 0x61, 0x6c, 0x75, 0x65, 0x3d, 0x22, 0x31, 0x22, 0x2f,
  0x3e, 0x0d, 0x0a, 0x09, 0x09, 0x09, 0x09, 0x09, 0x3c, 0x78, 0x73, 0x3a, 0x65,
  0x6e, 0x75, 0x6d, 0x65, 0x72, 0x61, 0x74, 0x69, 0x6f, 0x6e, 0x20, 0x76, 0x61,
  0x6c, 0x75, 0x65, 0x3d, 0x22, 0x32, 0x22, 0x2f, 0x3e, 0x0d, 0x0a, 0x09, 0x09,
  0x09, 0x09, 0x3c, 0x2f, 0x78, 0x73, 0x3a, 0x72, 0x65, 0x73, 0x74, 0x72, 0x69,
  0x63, 0x74, 0x69, 0x6f, 0x6e, 0x3e, 0x0d, 0x0a, 0x09, 0x09, 0x09, 0x3c, 0x2f,
  0x78, 0x73, 0x3a, 0x73, 0x69, 0x6d, 0x70, 0x6c, 0x65, 0x54, 0x79, 0x70, 0x65,
  0x3e, 0x0d, 0x0a, 0x09, 0x09, 0x3c, 0x2f, 0x78, 0x73, 0x3a, 0x61, 0x74, 0x74,
  0x72, 0x69, 0x62, 0x75, 0x74, 0x65, 0x3e, 0x0d, 0x0a, 0x09, 0x3c, 0x2f, 0x78,
  0x73, 0x3a, 0x63, 0x6f, 0x6d, 0x70, 0x6c, 0x65, 0x78, 0x54, 0x79, 0x70, 0x65,
  0x3e, 0x0d, 0x0a, 0x09, 0x3c, 0x78, 0x73, 0x3a, 0x63, 0x6f, 0x6d, 0x70, 0x6c,
  0x65, 0x78, 0x54, 0x79, 0x70, 0x65, 0x20, 0x6e, 0x61, 0x6d, 0x65, 0x3d, 0x22,
  0xd0, 0xa1, 0xd0, 0xb2, 0xd0, 0xa4, 0xd0, 0x9b, 0xd0, 0xa2, 0xd0, 0xb8, 0xd0,
  0xbf, 0x22, 0x3e, 0x0d, 0x0a, 0x09, 0x09, 0x3c, 0x78, 0x73, 0x3a, 0x61, 0x6e,
  0x6e, 0x6f, 0x74, 0x61, 0x74, 0x69, 0x6f, 0x6e, 0x3e, 0x0d, 0x0a, 0x09, 0x09,
  0x09, 0x3c, 0x78, 0x73, 0x3a, 0x64, 0x6f, 0x63, 0x75, 0x6d, 0x65, 0x6e, 0x74,
  0x61, 0x74, 0x69, 0x6f, 0x6e, 0x3e, 0xd0, 0xa1, 0xd0, 0xb2, 0xd0, 0xb5, 0xd0,
  0xb4, 0xd0, 0xb5, 0xd0, 0xbd, 0xd0, 0xb8, 0xd1, 0x8f, 0x20, 0xd0, 0xbe, 0x20,
  0xd1, 0x84, 0xd0, 0xb8, 0xd0, 0xb7, 0xd0, 0xb8, 0xd1, 0x87, 0xd0, 0xb5, 0xd1,
  0x81, 0xd0, 0xba, 0xd0, 0xbe, 0xd0, 0xbc, 0x20, 0xd0, 0xbb, 0xd0, 0xb8, 0xd1,
  0x86, 0xd0, 0xb5, 0x20, 0x2f, 0x20, 0xd1, 0x80, 0xd1, 0x83, 0xd0, 0xba, 0xd0,
  0xbe, 0xd0, 0xb2, 0xd0, 0xbe, 0xd0, 0xb4, 0xd0, 0xb8, 0xd1, 0x82, 0xd0, 0xb5,
  0xd0, 0xbb, 0xd0, 0xb5, 0x20, 0xd1, 0x8e, 0xd1, 0x80, 0xd0, 0xb8, 0xd0, 0xb4,
  0xd0, 0xb8, 0xd1, 0x87, 0xd0, 0xb5, 0xd1, 0x81, 0xd0, 0xba, 0xd0, 0xbe, 0xd0,
  0xb3, 0xd0, 0xbe, 0x20, 0xd0, 0xbb, 0xd0, 0xb8, 0xd1, 0x86, 0xd0, 0xb0, 0x20,
  0x28, 0xd0, 0xb8, 0xd0, 0xbd, 0xd0, 0xbe, 0xd1, 0x81, 0xd1, 0x82, 0xd1, 0x80,
  0xd0, 0xb0, 0xd0, 0xbd, 0xd0, 0xbd, 0xd0, 0xbe, 0xd0, 0xb3, 0xd0, 0xbe, 0x20,
  0xd1, 0x8e, 0xd1, 0x80, 0xd0, 0xb8, 0xd0, 0xb4, 0xd0, 0xb8, 0xd1, 0x87, 0xd0,
  0xb5, 0xd1, 0x81, 0xd0, 0xba, 0xd0, 0xbe, 0xd0, 0xb3, 0xd0, 0xbe, 0x20, 0xd0,
  0xbb, 0xd0, 0xb8, 0xd1, 0x86, 0xd0, 0xb0, 0x20, 0x28, 0xd0, 0xb8, 0xd0, 0xbb,
  0xd0, 0xb8, 0x20, 0xd1, 0x84, 0xd0, 0xb8, 0xd0, 0xbb, 0xd0, 0xb8, 0xd0, 0xb0,
  0xd0, 0xbb, 0xd0, 0xb0, 0x20, 0x28, 0xd0, 0xb0, 0xd0, 0xba, 0xd0, 0xba, 0xd1,
  0x80, 0xd0, 0xb5, 0xd0, 0xb4, 0xd0, 0xb8, 0xd1, 0x82, 0xd0, 0xbe, 0xd0, 0xb2,
  0xd0, 0xb0, 0xd0, 0xbd, 0xd0, 0xbd, 0xd0, 0xbe, 0xd0, 0xb3, 0xd0, 0xbe, 0x20,
  0xd0, 0xbf, 0xd1, 0x80, 0xd0, 0xb5, 0xd0, 0xb4, 0xd1, 0x81, 0xd1, 0x82, 0xd0,
  0xb0, 0xd0, 0xb2, 0xd0, 0xb8, 0xd1, 0x82, 0xd0, 0xb5, 0xd0, 0xbb, 0xd1, 0x8c,
  0xd1, 0x81, 0xd1, 0x82, 0xd0, 0xb2, 0xd0, 0xb0, 0x29, 0x20, 0xd0, 0xb8, 0xd0,
  0xbd, 0xd0, 0xbe, 0xd1, 0x81, 0xd1, 0x82, 0xd1, 0x80, 0xd0, 0xb0, 0xd0, 0xbd,
  0xd0, 0xbd, 0xd0, 0xbe, 0xd0, 0xb3, 0xd0, 0xbe, 0x20, 0xd1, 0x8e, 0xd1, 0x80,
  0xd0, 0xb8, 0xd0, 0xb4, 0xd0, 0xb8, 0xd1, 0x87, 0xd0, 0xb5, 0xd1, 0x81, 0xd0,
  0xba, 0xd0, 0xbe, 0xd0, 0xb3, 0xd0, 0xbe, 0x20, 0xd0, 0xbb, 0xd0, 0xb8, 0xd1,
  0x86, 0xd0, 0xb0, 0x29, 0x29, 0x3c, 0x2f, 0x78, 0x73, 0x3a, 0x64, 0x6f, 0x63,
  0x75, 0x6d, 0x65, 0x6e, 0x74, 0x61, 0x74, 0x69, 0x6f, 0x6e, 0x3e, 0x0d, 0x0a,
  0x09, 0x09, 0x3c, 0x2f, 0x78, 0x73, 0x3a, 0x61, 0x6e, 0x6e, 0x6f, 0x74, 0x61,
  0x74, 0x69, 0x6f, 0x6e, 0x3e, 0x0d, 0x0a, 0x09, 0x09, 0x3c, 0x78, 0x73, 0x3a,
  0x73, 0x65, 0x71, 0x75, 0x65, 0x6e, 0x63, 0x65, 0x3e, 0x0d, 0x0a, 0x09, 0x09,
  0x09, 0x3c, 0x78, 0x73, 0x3a, 0x65, 0x6c, 0x65, 0x6d, 0x65, 0x6e, 0x74, 0x20,
  0x6e, 0x61, 0x6d, 0x65, 0x3d, 0x22, 0xd0, 0x94, 0xd0, 0xbe, 0xd0, 0xba, 0xd0,
  0x9f, 0xd0, 0xb4, 0xd1, 0x82, 0xd0, 0xb2, 0x22, 0x20, 0x74, 0x79, 0x70, 0x65,
  0x3d, 0x22, 0xd0, 0x94, 0xd0, 0xbe, 0xd0, 0xba, 0xd0, 0x9f, 0xd0, 0xb4, 0xd1,
  0x82, 0xd0, 0xb2, 0xd0, 0xa2, 0xd0, 0xb8, 0xd0, 0xbf, 0x22, 0x20, 0x6d, 0x69,
  0x6e, 0x4f, 0x63, 0x63, 0x75, 0x72, 0x73, 0x3d, 0x22, 0x30, 0x22, 0x3e, 0x0d,
  0x0a, 0x09, 0x09, 0x09, 0x09, 0x3c, 0x78, 0x73, 0x3a, 0x61, 0x6e, 0x6e, 0x6f,
  0x74, 0x61, 0x74, 0x69, 0x6f, 0x6e, 0x3e, 0x0d, 0x0a, 0x09, 0x09, 0x09, 0x09,
  0x09, 0x3c, 0x78, 0x73, 0x3a, 0x64, 0x6f, 0x63, 0x75, 0x6d, 0x65, 0x6e, 0x74,
  0x61, 0x74, 0x69, 0x6f, 0x6e, 0x3e, 0xd0, 0x94, 0xd0, 0xbe, 0xd0, 0xba, 0xd1,
  0x83, 0xd0, 0xbc, 0xd0, 0xb5, 0xd0, 0xbd, 0xd1, 0x82, 0x2c, 0x20, 0xd0, 0xbf,
  0xd0, 0xbe, 0xd0, 0xb4, 0xd1, 0x82, 0xd0, 0xb2, 0xd0, 0xb5, 0xd1, 0x80, 0xd0,
  0xb6, 0xd0, 0xb4, 0xd0, 0xb0, 0xd1, 0x8e, 0xd1, 0x89, 0xd0, 0xb8, 0xd0, 0xb9,
  0x20, 0xd0, 0xbf, 0xd0, 0xbe, 0xd0, 0xbb, 0xd0, 0xbd, 0xd0, 0xbe, 0xd0, 0xbc,
  0xd0, 0xbe, 0xd1, 0x87, 0xd0, 0xb8, 0xd1, 0x8f, 0x20, 0xd0, 0xbb, 0xd0, 0xb8,
  0xd1, 0x86, 0xd0, 0xb0, 0x2c, 0x20, 0xd0, 0xb4, 0xd0, 0xb5, 0xd0, 0xb9, 0xd1,
  0x81, 0xd1, 0x82, 0xd0, 0xb2, 0xd1, 0x83, 0xd1, 0x8e, 0xd1, 0x89, 0xd0, 0xb5,
  0xd0, 0xb3, 0xd0, 0xbe, 0x20, 0xd0, 0xb1, 0xd0, 0xb5, 0xd0, 0xb7, 0x20, 0xd0,
  0xb4, 0xd0, 0xbe, 0xd0, 0xb2, 0xd0, 0xb5, 0xd1, 0x80, 0xd0, 0xb5, 0xd0, 0xbd,
  0xd0, 0xbd, 0xd0, 0xbe, 0xd1, 0x81, 0xd1, 0x82, 0xd0, 0xb8, 0x20, 0x2f, 0x20,
  0xd1, 0x80, 0xd1, 0x83, 0xd0, 0xba, 0xd0, 0xbe, 0xd0, 0xb2, 0xd0, 0xbe, 0xd0,
  0xb4, 0xd0, 0xb8, 0xd1, 0x82, 0xd0, 0xb5, 0xd0, 0xbb, 0xd1, 0x8f, 0x20, 0xd0,
  0xb8, 0xd0, 0xbd, 0xd0, 0xbe, 0xd1, 0x81, 0xd1, 0x82, 0xd1, 0x80, 0xd0, 0xb0,
  0xd0, 0xbd, 0xd0, 0xbd, 0xd0, 0xbe, 0xd0, 0xb3, 0xd0, 0xbe, 0x20, 0xd1, 0x8e,
  0xd1, 0x80, 0xd0, 0xb8, 0xd0, 0xb4, 0xd0, 0xb8, 0xd1, 0x87, 0xd0, 0xb5, 0xd1,
  0x81, 0xd0, 0xba, 0xd0, 0xbe, 0xd0, 0xb3, 0xd0, 0xbe, 0x20, 0xd0, 0xbb, 0xd0,
  0xb8, 0xd1, 0x86, 0xd0, 0xb0, 0x20, 0x2f, 0x20, 0xd1, 0x80, 0xd1, 0x83, 0xd0,
  0xba, 0xd0, 0xbe, 0xd0, 0xb2, 0xd0, 0xbe, 0xd0, 0xb4, 0xd0, 0xb8, 0xd1, 0x82,
  0xd0, 0xb5, 0xd0, 0xbb, 0xd1, 0x8f, 0x20, 0xd1, 0x84, 0xd0, 0xb8, 0xd0, 0xbb,
  0xd0, 0xb8, 0xd0, 0xb0, 0xd0, 0xbb, 0xd0, 0xb0, 0x20, 0x28, 0xd0, 0xb0, 0xd0,
  0xba, 0xd0, 0xba, 0xd1, 0x80, 0xd0, 0xb5, 0xd0, 0xb4, 0xd0, 0xb8, 0xd1, 0x82,
  0xd0, 0xbe, 0xd0, 0xb2, 0xd0, 0xb0, 0xd0, 0xbd, 0xd0, 0xbd, 0xd0, 0xbe, 0xd0,
  0xb3, 0xd0, 0xbe, 0x20, 0xd0, 0xbf, 0xd1, 0x80, 0xd0, 0xb5, 0xd0, 0xb4, 0xd1,
  0x81, 0xd1, 0x82, 0xd0, 0xb0, 0xd0, 0xb2, 0xd0, 0xb8, 0xd1, 0x82, 0xd0, 0xb5,
  0xd0, 0xbb, 0xd1, 0x8c, 0xd1, 0x81, 0xd1, 0x82, 0xd0, 0xb2, 0xd0, 0xb0, 0x29,
  0x20, 0xd0, 0xb8, 0xd0, 0xbd, 0xd0, 0xbe, 0xd1, 0x81, 0xd1, 0x82, 0xd1, 0x80,
  0xd0, 0xb0, 0xd0, 0xbd, 0xd0, 0xbd, 0xd0, 0xbe, 0xd0, 0xb3, 0xd0, 0xbe, 0x20,
  0xd1, 0x8e, 0xd1, 0x80, 0xd0, 0xb8, 0xd0, 0xb4, 0xd0, 0xb8, 0xd1, 0x87, 0xd0,
  0xb5, 0xd1, 0x81, 0xd0, 0xba, 0xd0, 0xbe, 0xd0, 0xb3, 0xd0, 0xbe, 0x20, 0xd0,
  0xbb, 0xd0, 0xb8, 0xd1, 0x86, 0xd0, 0xb0, 0x20, 0x2f, 0x20, 0xd1, 0x80, 0xd1,
  0x83, 0xd0, 0xba, 0xd0, 0xbe, 0xd0, 0xb2, 0xd0, 0xbe, 0xd0, 0xb4, 0xd0, 0xb8,
  0xd1, 0x82, 0xd0, 0xb5, 0xd0, 0xbb, 0xd1, 0x8f, 0x20, 0xd1, 0x84, 0xd0, 0xb8,
  0xd0, 0xbb, 0xd0, 0xb8, 0xd0, 0xb0, 0xd0, 0xbb, 0xd0, 0xb0, 0x20, 0x28, 0xd0,
  0xbe, 0xd0, 0xb1, 0xd0, 0xbe, 0xd1, 0x81, 0xd0, 0xbe, 0xd0, 0xb1, 0xd0, 0xbb,
  0xd0, 0xb5, 0xd0, 0xbd, 0xd0, 0xbd, 0xd0, 0xbe, 0xd0, 0xb3, 0xd0, 0xbe, 0x20,
  0xd0, 0xbf, 0xd0, 0xbe, 0xd0, 0xb4, 0xd1, 0x80, 0xd0, 0xb0, 0xd0, 0xb7, 0xd0,
  0xb4, 0xd0, 0xb5, 0xd0, 0xbb, 0xd0, 0xb5, 0xd0, 0xbd, 0xd0, 0xb8, 0xd1, 0x8f,
  0x29, 0x20, 0xd1, 0x8e, 0xd1, 0x80, 0xd0, 0xb8, 0xd0, 0xb4, 0xd0, 0xb8, 0xd1,
  0x87, 0xd0, 0xb5, 0xd1, 0x81, 0xd0, 0xba, 0xd0, 0xbe, 0xd0, 0xb3, 0xd0, 0xbe,
  0x20, 0xd0, 0xbb, 0xd0, 0xb8, 0xd1, 0x86, 0xd0, 0xb0, 0x3c, 0x2f, 0x78, 0x73,
  0x3a, 0x64, 0x6f, 0x63, 0x75, 0x6d, 0x65, 0x6e, 0x74, 0x61, 0x74, 0x69, 0x6f,
  0x6e, 0x3e, 0x0d, 0x0a, 0x09, 0x09, 0x09, 0x09, 0x3c, 0x2f, 0x78, 0x73, 0x3a,
  0x61, 0x6e, 0x6e, 0x6f, 0x74, 0x61, 0x74, 0x69, 0x6f, 0x6e, 0x3e, 0x0d, 0x0a,
  0x09, 0x09, 0x09, 0x3c, 0x2f, 0x78, 0x73, 0x3a, 0x65, 0x6c, 0x65, 0x6d, 0x65,
  0x6e, 0x74, 0x3e, 0x0d, 0x0a, 0x09, 0x09, 0x09, 0x3c, 0x78, 0x73, 0x3a, 0x65,
  0x6c, 0x65, 0x6d, 0x65, 0x6e, 0x74, 0x20, 0x6e, 0x61, 0x6d, 0x65, 0x3d, 0x22,
  0xd0, 0xa1, 0xd0, 0xb2, 0xd0, 0xb5, 0xd0, 0xb4, 0xd0, 0xa4, 0xd0, 0x9b, 0x22,
  0x20, 0x74, 0x79, 0x70, 0x65, 0x3d, 0x22, 0xd0, 0xa1, 0xd0, 0xb2, 0xd0, 0xb5,
  0xd0, 0xb4, 0xd0, 0xa4, 0xd0, 0x9b, 0xd0, 0xa2, 0xd0, 0xb8, 0xd0, 0xbf, 0x22,
  0x3e, 0x0d, 0x0a, 0x09, 0x09, 0x09, 0x09, 0x3c, 0x78, 0x73, 0x3a, 0x61, 0x6e,
  0x6e, 0x6f, 0x74, 0x61, 0x74, 0x69, 0x6f, 0x6e, 0x3e, 0x0d, 0x0a, 0x09, 0x09,
  0x09, 0x09, 0x09, 0x3c, 0x78, 0x73, 0x3a, 0x64, 0x6f, 0x63, 0x75, 0x6d, 0x65,
  0x6e, 0x74, 0x61, 0x74, 0x69, 0x6f, 0x6e, 0x3e, 0xd0, 0xa1, 0xd0, 0xb2, 0xd0,
  0xb5, 0xd0, 0xb4, 0xd0, 0xb5, 0xd0, 0xbd, 0xd0, 0xb8, 0xd1, 0x8f, 0x20, 0xd0,
  0xbe, 0x20, 0xd1, 0x84, 0xd0, 0xb8, 0xd0, 0xb7, 0xd0, 0xb8, 0xd1, 0x87, 0xd0,
  0xb5, 0xd1, 0x81, 0xd0, 0xba, 0xd0, 0xbe, 0xd0, 0xbc, 0x20, 0xd0, 0xbb, 0xd0,
  0xb8, 0xd1, 0x86, 0xd0, 0xb5, 0x3c, 0x2f, 0x78, 0x73, 0x3a, 0x64, 0x6f, 0x63,
  0x75, 0x6d, 0x65, 0x6e, 0x74, 0x61, 0x74, 0x69, 0x6f, 0x6e, 0x3e, 0x0d, 0x0a,
  0x09, 0x09, 0x09, 0x09, 0x3c, 0x2f, 0x78, 0x73, 0x3a, 0x61, 0x6e, 0x6e, 0x6f,
  0x74, 0x61, 0x74, 0x69, 0x6f, 0x6e, 0x3e, 0x0d, 0x0a, 0x09, 0x09, 0x09, 0x3c,
  0x2f, 0x78, 0x73, 0x3a, 0x65, 0x6c, 0x65, 0x6d, 0x65, 0x6e, 0x74, 0x3e, 0x0d,
  0x0a, 0x09, 0x09, 0x3c, 0x2f, 0x78, 0x73, 0x3a, 0x73, 0x65, 0x71, 0x75, 0x65,
  0x6e, 0x63, 0x65, 0x3e, 0x0d, 0x0a, 0x09, 0x09, 0x3c, 0x78, 0x73, 0x3a, 0x61,
  0x74, 0x74, 0x72, 0x69, 0x62, 0x75, 0x74, 0x65, 0x20, 0x6e, 0x61, 0x6d, 0x65,
  0x3d, 0x22, 0xd0, 0xa1, 0xd1, 0x82, 0xd0, 0xa3, 0xd1, 0x87, 0xd0, 0x9d, 0xd0,
  0x94, 0x22, 0x20, 0x75, 0x73, 0x65, 0x3d, 0x22, 0x6f, 0x70, 0x74, 0x69, 0x6f,
  0x6e, 0x61, 0x6c, 0x22, 0x3e, 0x0d, 0x0a, 0x09, 0x09, 0x09, 0x3c, 0x78, 0x73,
  0x3a, 0x61, 0x6e, 0x6e, 0x6f, 0x74, 0x61, 0x74, 0x69, 0x6f, 0x6e, 0x3e, 0x0d,
  0x0a, 0x09, 0x09, 0x09, 0x09, 0x3c, 0x78, 0x73, 0x3a, 0x64, 0x6f, 0x63, 0x75,
  0x6d, 0x65, 0x6e, 0x74, 0x61, 0x74, 0x69, 0x6f, 0x6e, 0x3e, 0xd0, 0xa1, 0xd1,
  0x82, 0xd0, 0xb0, 0xd1, 0x82, 0xd1, 0x83, 0xd1, 0x81, 0x20, 0xd1, 0x83, 0xd1,
  0x87, 0xd0, 0xb0, 0xd1, 0x81, 0xd1, 0x82, 0xd0, 0xbd, 0xd0, 0xb8, 0xd0, 0xba,
  0xd0, 0xb0, 0x20, 0xd0, 0xbd, 0xd0, 0xbe, 0xd1, 0x82, 0xd0, 0xb0, 0xd1, 0x80,
  0xd0, 0xb8, 0xd0, 0xb0, 0xd0, 0xbb, 0xd1, 0x8c, 0xd0, 0xbd, 0xd0, 0xbe, 0xd0,
  0xb3, 0xd0, 0xbe, 0x20, 0xd0, 0xb4, 0xd0, 0xb5, 0xd0, 0xb9, 0xd1, 0x81, 0xd1,
  0x82, 0xd0, 0xb2, 0xd0, 0xb8, 0xd1, 0x8f, 0x3c, 0x2f, 0x78, 0x73, 0x3a, 0x64,
  0x6f, 0x63, 0x75, 0x6d, 0x65, 0x6e, 0x74, 0x61, 0x74, 0x69, 0x6f, 0x6e, 0x3e,
  0x0d, 0x0a, 0x09, 0x09, 0x09, 0x3c, 0x2f, 0x78, 0x73, 0x3a, 0x61, 0x6e, 0x6e,
  0x6f, 0x74, 0x61, 0x74, 0x69, 0x6f, 0x6e, 0x3e, 0x0d, 0x0a, 0x09, 0x09, 0x09,
  0x3c, 0x78, 0x73, 0x3a, 0x73, 0x69, 0x6d, 0x70, 0x6c, 0x65, 0x54, 0x79, 0x70,
  0x65, 0x3e, 0x0d, 0x0a, 0x09, 0x09, 0x09, 0x09, 0x3c, 0x78, 0x73, 0x3a, 0x72,
  0x65, 0x73, 0x74, 0x72, 0x69, 0x63, 0x74, 0x69, 0x6f, 0x6e, 0x20, 0x62, 0x61,
  0x73, 0x65, 0x3d, 0x22, 0x78, 0x73, 0x3a, 0x73, 0x74, 0x72, 0x69, 0x6e, 0x67,
  0x22, 0x3e, 0x0d, 0x0a, 0x09, 0x09, 0x09, 0x09, 0x09, 0x3c, 0x78, 0x73, 0x3a,
  0x6c, 0x65, 0x6e, 0x67, 0x74, 0x68, 0x20, 0x76, 0x61, 0x6c, 0x75, 0x65, 0x3d,
  0x22, 0x33, 0x22, 0x2f, 0x3e, 0x0d, 0x0a, 0x09, 0x09, 0x09, 0x09, 0x09, 0x3c,
  0x78, 0x73, 0x3a, 0x65, 0x6e, 0x75, 0x6d, 0x65, 0x72, 0x61, 0x74, 0x69, 0x6f,
  0x6e, 0x20, 0x76, 0x61, 0x6c, 0x75, 0x65, 0x3d, 0x22, 0x31, 0x30, 0x31, 0x22,
  0x2f, 0x3e, 0x0d, 0x0a, 0x09, 0x09, 0x09, 0x09, 0x09, 0x3c, 0x78, 0x73, 0x3a,
  0x65, 0x6e, 0x75, 0x6d, 0x65, 0x72, 0x61, 0x74, 0x69, 0x6f, 0x6e, 0x20, 0x76,
  0x61, 0x6c, 0x75, 0x65, 0x3d, 0x22, 0x31, 0x30, 0x32, 0x22, 0x2f, 0x3e, 0x0d,
  0x0a, 0x09, 0x09, 0x09, 0x09, 0x09, 0x3c, 0x78, 0x73, 0x3a, 0x65, 0x6e, 0x75,
  0x6d, 0x65, 0x72, 0x61, 0x74, 0x69, 0x6f, 0x6e, 0x20, 0x76, 0x61, 0x6c, 0x75,
  0x65, 0x3d, 0x22, 0x32, 0x39, 0x39, 0x22, 0x2f, 0x3e, 0x0d, 0x0a, 0x09, 0x09,
  0x09, 0x09, 0x09, 0x3c, 0x78, 0x73, 0x3a, 0x65, 0x6e, 0x75, 0x6d, 0x65, 0x72,
  0x61, 0x74, 0x69, 0x6f, 0x6e, 0x20, 0x76, 0x61, 0x6c, 0x75, 0x65, 0x3d, 0x22,
  0x33, 0x30, 0x31, 0x22, 0x2f, 0x3e, 0x0d, 0x0a, 0x09, 0x09, 0x09, 0x09, 0x09,
  0x3c, 0x78, 0x73, 0x3a, 0x65, 0x6e, 0x75, 0x6d, 0x65, 0x72, 0x61, 0x74, 0x69,
  0x6f, 0x6e, 0x20, 0x76, 0x61, 0x6c, 0x75, 0x65, 0x3d, 0x22, 0x33, 0x30, 0x33,
  0x22, 0x2f, 0x3e, 0x0d, 0x0a, 0x09, 0x09, 0x09, 0x09, 0x09, 0x3c, 0x78, 0x73,
  0x3a, 0x65, 0x6e, 0x75, 0x6d, 0x65, 0x72, 0x61, 0x74, 0x69, 0x6f, 0x6e, 0x20,
  0x76, 0x61, 0x6c, 0x75, 0x65, 0x3d, 0x22, 0x33, 0x39, 0x39, 0x22, 0x2f, 0x3e,
  0x0d, 0x0a, 0x09, 0x09, 0x09, 0x09, 0x3c, 0x2f, 0x78, 0x73, 0x3a, 0x72, 0x65,
  0x73, 0x74, 0x72, 0x69, 0x63, 0x74, 0x69, 0x6f, 0x6e, 0x3e, 0x0d, 0x0a, 0x09,
  0x09, 0x09, 0x3c, 0x2f, 0x78, 0x73, 0x3a, 0x73, 0x69, 0x6d, 0x70, 0x6c, 0x65,
  0x54, 0x79, 0x70, 0x65, 0x3e, 0x0d, 0x0a, 0x09, 0x09, 0x3c, 0x2f, 0x78, 0x73,
  0x3a, 0x61, 0x74, 0x74, 0x72, 0x69, 0x62, 0x75, 0x74, 0x65, 0x3e, 0x0d, 0x0a,
  0x09, 0x09, 0x3c, 0x78, 0x73, 0x3a, 0x61, 0x74, 0x74, 0x72, 0x69, 0x62, 0x75,
  0x74, 0x65, 0x20, 0x6e, 0x61, 0x6d, 0x65, 0x3d, 0x22, 0xd0, 0x98, 0xd0, 0x9d,
  0xd0, 0x9d, 0xd0, 0xa4, 0xd0, 0x9b, 0x22, 0x20, 0x74, 0x79, 0x70, 0x65, 0x3d,
  0x22, 0xd0, 0x98, 0xd0, 0x9d, 0xd0, 0x9d, 0xd0, 0xa4, 0xd0, 0x9b, 0xd0, 0xa2,
  0xd0, 0xb8, 0xd0, 0xbf, 0x22, 0x20, 0x75, 0x73, 0x65, 0x3d, 0x22, 0x6f, 0x70,
  0x74, 0x69, 0x6f, 0x6e, 0x61, 0x6c, 0x22, 0x3e, 0x0d, 0x0a, 0x09, 0x09, 0x09,
  0x3c, 0x78, 0x73, 0x3a, 0x61, 0x6e, 0x6e, 0x6f, 0x74, 0x61, 0x74, 0x69, 0x6f,
  0x6e, 0x3e, 0x0d, 0x0a, 0x09, 0x09, 0x09, 0x09, 0x3c, 0x78, 0x73, 0x3a, 0x64,
  0x6f, 0x63, 0x75, 0x6d, 0x65, 0x6e, 0x74, 0x61, 0x74, 0x69, 0x6f, 0x6e, 0x3e,
  0xd0, 0x98, 0xd0, 0x9d, 0xd0, 0x9d, 0x20, 0xd1, 0x84, 0xd0, 0xb8, 0xd0, 0xb7,
  0xd0, 0xb8, 0xd1, 0x87, 0xd0, 0xb5, 0xd1, 0x81, 0xd0, 0xba, 0xd0, 0xbe, 0xd0,
  0xb3, 0xd0, 0xbe, 0x20, 0xd0, 0xbb, 0xd0, 0xb8, 0xd1, 0x86, 0xd0, 0xb0, 0x3c,
  0x2f, 0x78, 0x73, 0x3a, 0x64, 0x6f, 0x63, 0x75, 0x6d, 0x65, 0x6e, 0x74, 0x61,
  0x74, 0x69, 0x6f, 0x6e, 0x3e, 0x0d, 0x0a, 0x09, 0x09, 0x09, 0x3c, 0x2f, 0x78,
  0x73, 0x3a, 0x61, 0x6e, 0x6e, 0x6f, 0x74, 0x61, 0x74, 0x69, 0x6f, 0x6e, 0x3e,
  0x0d, 0x0a, 0x09, 0x09, 0x3c, 0x2f, 0x78, 0x73, 0x3a, 0x61, 0x74, 0x74, 0x72,
  0x69, 0x62, 0x75, 0x74, 0x65, 0x3e, 0x0d, 0x0a, 0x09, 0x09, 0x3c, 0x78, 0x73,
  0x3a, 0x61, 0x74, 0x74, 0x72, 0x69, 0x62, 0x75, 0x74, 0x65, 0x20, 0x6e, 0x61,
  0x6d, 0x65, 0x3d, 0x22, 0xd0, 0xa1, 0xd0, 0x9d, 0xd0, 0x98, 0xd0, 0x9b, 0xd0,
  0xa1, 0x22, 0x20, 0x74, 0x79, 0x70, 0x65, 0x3d, 0x22, 0xd0, 0xa1, 0xd0, 0x9d,
  0xd0, 0x98, 0xd0, 0x9b, 0xd0, 0xa1, 0xd0, 0xa2, 0xd0, 0xb8, 0xd0, 0xbf, 0x22,
  0x20, 0x75, 0x73, 0x65, 0x3d, 0x22, 0x6f, 0x70, 0x74, 0x69, 0x6f, 0x6e, 0x61,
  0x6c, 0x22, 0x3e, 0x0d, 0x0a, 0x09, 0x09, 0x09, 0x3c, 0x78, 0x73, 0x3a, 0x61,
  0x6e, 0x6e, 0x6f, 0x74, 0x61, 0x74, 0x69, 0x6f, 0x6e, 0x3e, 0x0d, 0x0a, 0x09,
  0x09, 0x09, 0x09, 0x3c, 0x78, 0x73, 0x3a, 0x64, 0x6f, 0x63, 0x75, 0x6d, 0x65,
  0x6e, 0x74, 0x61, 0x74, 0x69, 0x6f, 0x6e, 0x3e, 0xd0, 0xa1, 0xd0, 0x9d, 0xd0,
  0x98, 0xd0, 0x9b, 0xd0, 0xa1, 0x3c, 0x2f, 0x78, 0x73, 0x3a, 0x64, 0x6f, 0x63,
  0x75, 0x6d, 0x65, 0x6e, 0x74, 0x61, 0x74, 0x69, 0x6f, 0x6e, 0x3e, 0x0d, 0x0a,
  0x09, 0x09, 0x09, 0x3c, 0x2f, 0x78, 0x73, 0x3a, 0x61, 0x6e, 0x6e, 0x6f, 0x74,
  0x61, 0x74, 0x69, 0x6f, 0x6e, 0x3e, 0x0d, 0x0a, 0x09, 0x09, 0x3c, 0x2f, 0x78,
  0x73, 0x3a, 0x61, 0x74, 0x74, 0x72, 0x69, 0x62, 0x75, 0x74, 0x65, 0x3e, 0x0d,
  0x0a, 0x09, 0x09, 0x3c, 0x78, 0x73, 0x3a, 0x61, 0x74, 0x74, 0x72, 0x69, 0x62,
  0x75, 0x74, 0x65, 0x20, 0x6e, 0x61, 0x6d, 0x65, 0x3d, 0x22, 0xd0, 0x94, 0xd0,
  0xbe, 0xd0, 0xbb, 0xd0, 0xb6, 0xd0, 0xbd, 0xd0, 0xbe, 0xd1, 0x81, 0xd1, 0x82,
  0xd1, 0x8c, 0x22, 0x20, 0x75, 0x73, 0x65, 0x3d, 0x22, 0x6f, 0x70, 0x74, 0x69,
  0x6f, 0x6e, 0x61, 0x6c, 0x22, 0x3e, 0x0d, 0x0a, 0x09, 0x09, 0x09, 0x3c, 0x78,
  0x73, 0x3a, 0x61, 0x6e, 0x6e, 0x6f, 0x74, 0x61, 0x74, 0x69, 0x6f, 0x6e, 0x3e,
  0x0d, 0x0a, 0x09, 0x09, 0x09, 0x09, 0x3c, 0x78, 0x73, 0x3a, 0x64, 0x6f, 0x63,
  0x75, 0x6d, 0x65, 0x6e, 0x74, 0x61, 0x74, 0x69, 0x6f, 0x6e, 0x3e, 0xd0, 0x94,
  0xd0, 0xbe, 0xd0, 0xbb, 0xd0, 0xb6, 0xd0, 0xbd, 0xd0, 0xbe, 0xd1, 0x81, 0xd1,
  0x82, 0xd1, 0x8c, 0x3c, 0x2f, 0x78, 0x73, 0x3a, 0x64, 0x6f, 0x63, 0x75, 0x6d,
  0x65, 0x6e, 0x74, 0x61, 0x74, 0x69, 0x6f, 0x6e, 0x3e, 0x0d, 0x0a, 0x09, 0x09,
  0x09, 0x3c, 0x2f, 0x78, 0x73, 0x3a, 0x61, 0x6e, 0x6e, 0x6f, 0x74, 0x61, 0x74,
  0x69, 0x6f, 0x6e, 0x3e, 0x0d, 0x0a, 0x09, 0x09, 0x09, 0x3c, 0x78, 0x73, 0x3a,
  0x73, 0x69, 0x6d, 0x70, 0x6c, 0x65, 0x54, 0x79, 0x70, 0x65, 0x3e, 0x0d, 0x0a,
  0x09, 0x09, 0x09, 0x09, 0x3c, 0x78, 0x73, 0x3a, 0x72, 0x65, 0x73, 0x74, 0x72,
  0x69, 0x63, 0x74, 0x69, 0x6f, 0x6e, 0x20, 0x62, 0x61, 0x73, 0x65, 0x3d, 0x22,
  0x78, 0x73, 0x3a, 0x73, 0x74, 0x72, 0x69, 0x6e, 0x67, 0x22, 0x3e, 0x0d, 0x0a,
  0x09, 0x09, 0x09, 0x09, 0x09, 0x3c, 0x78, 0x73, 0x3a, 0x6d, 0x69, 0x6e, 0x4c,
  0x65, 0x6e, 0x67, 0x74, 0x68, 0x20, 0x76, 0x61, 0x6c, 0x75, 0x65, 0x3d, 0x22,
  0x31, 0x22, 0x2f, 0x3e, 0x0d, 0x0a, 0x09, 0x09, 0x09, 0x09, 0x09, 0x3c, 0x78,
  0x73, 0x3a, 0x6d, 0x61, 0x78, 0x4c, 0x65, 0x6e, 0x67, 0x74, 0x68, 0x20, 0x76,
  0x61, 0x6c, 0x75, 0x65, 0x3d, 0x22, 0x32, 0x35, 0x35, 0x22, 0x2f, 0x3e, 0x0d,
  0x0a, 0x09, 0x09, 0x09, 0x09, 0x3c, 0x2f, 0x78, 0x73, 0x3a, 0x72, 0x65, 0x73,
  0x74, 0x72, 0x69, 0x63, 0x74, 0x69, 0x6f, 0x6e, 0x3e, 0x0d, 0x0a, 0x09, 0x09,
  0x09, 0x3c, 0x2f, 0x78, 0x73, 0x3a, 0x73, 0x69, 0x6d, 0x70, 0x6c, 0x65, 0x54,
  0x79, 0x70, 0x65, 0x3e, 0x0d, 0x0a, 0x09, 0x09, 0x3c, 0x2f, 0x78, 0x73, 0x3a,
  0x61, 0x74, 0x74, 0x72, 0x69, 0x62, 0x75, 0x74, 0x65, 0x3e, 0x0d, 0x0a, 0x09,
  0x3c, 0x2f, 0x78, 0x73, 0x3a, 0x63, 0x6f, 0x6d, 0x70, 0x6c, 0x65, 0x78, 0x54,
  0x79, 0x70, 0x65, 0x3e, 0x0d, 0x0a, 0x09, 0x3c, 0x78, 0x73, 0x3a, 0x63, 0x6f,
  0x6d, 0x70, 0x6c, 0x65, 0x78, 0x54, 0x79, 0x70, 0x65, 0x20, 0x6e, 0x61, 0x6d,
  0x65, 0x3d, 0x22, 0xd0, 0x98, 0xd0, 0xbd, 0xd0, 0x9e, 0xd1, 0x80, 0xd0, 0xb3,
  0xd0, 0x94, 0xd0, 0xbe, 0xd0, 0xb2, 0xd0, 0xb5, 0xd1, 0x80, 0xd0, 0xa2, 0xd0,
  0xb8, 0xd0, 0xbf, 0x22, 0x3e, 0x0d, 0x0a, 0x09, 0x09, 0x3c, 0x78, 0x73, 0x3a,
  0x61, 0x6e, 0x6e, 0x6f, 0x74, 0x61, 0x74, 0x69, 0x6f, 0x6e, 0x3e, 0x0d, 0x0a,
  0x09, 0x09, 0x09, 0x3c, 0x78, 0x73, 0x3a, 0x64, 0x6f, 0x63, 0x75, 0x6d, 0x65,
  0x6e, 0x74, 0x61, 0x74, 0x69, 0x6f, 0x6e, 0x3e, 0xd0, 0xa1, 0xd0, 0xb2, 0xd0,
  0xb5, 0xd0, 0xb4, 0xd0, 0xb5, 0xd0, 0xbd, 0xd0, 0xb8, 0xd1, 0x8f, 0x20, 0xd0,
  0xbe, 0xd0, 0xb1, 0x20, 0xd0, 0xb8, 0xd0, 0xbd, 0xd0, 0xbe, 0xd1, 0x81, 0xd1,
  0x82, 0xd1, 0x80, 0xd0, 0xb0, 0xd0, 0xbd, 0xd0, 0xbd, 0xd0, 0xbe, 0xd0, 0xbc,
  0x20, 0xd1, 0x8e, 0xd1, 0x80, 0xd0, 0xb8, 0xd0, 0xb4, 0xd0, 0xb8, 0xd1, 0x87,
  0xd0, 0xb5, 0xd1, 0x81, 0xd0, 0xba, 0xd0, 0xbe, 0xd0, 0xbc, 0x20, 0xd0, 0xbb,
  0xd0, 0xb8, 0xd1, 0x86, 0xd0, 0xb5, 0x20, 0x28, 0xd0, 0xb8, 0xd0, 0xbb, 0xd0,
  0xb8, 0x20, 0xd1, 0x84, 0xd0, 0xb8, 0xd0, 0xbb, 0xd0, 0xb8, 0xd0, 0xb0, 0xd0,
  0xbb, 0xd0, 0xb5, 0x20, 0x28, 0xd0, 0xb0, 0xd0, 0xba, 0xd0, 0xba, 0xd1, 0x80,
  0xd0, 0xb5, 0xd0, 0xb4, 0xd0, 0xb8, 0xd1, 0x82, 0xd0, 0xbe, 0xd0, 0xb2, 0xd0,
  0xb0, 0xd0, 0xbd, 0xd0, 0xbd, 0xd0, 0xbe, 0xd0, 0xbc, 0x20, 0xd0, 0xbf, 0xd1,
  0x80, 0xd0, 0xb5, 0xd0, 0xb4, 0xd1, 0x81, 0xd1, 0x82, 0xd0, 0xb0, 0xd0, 0xb2,
  0xd0, 0xb8, 0xd1, 0x82, 0xd0, 0xb5, 0xd0, 0xbb, 0xd1, 0x8c, 0xd1, 0x81, 0xd1,
  0x82, 0xd0, 0xb2, 0xd0, 0xb5, 0x29, 0x20, 0xd0, 0xb8, 0xd0, 0xbd, 0xd0, 0xbe,
  0xd1, 0x81, 0xd1, 0x82, 0xd1, 0x80, 0xd0, 0xb0, 0xd0, 0xbd, 0xd0, 0xbd, 0xd0,
  0xbe, 0xd0, 0xb3, 0xd0, 0xbe, 0x20, 0xd1, 0x8e, 0xd1, 0x80, 0xd0, 0xb8, 0xd0,
  0xb4, 0xd0, 0xb8, 0xd1, 0x87, 0xd0, 0xb5, 0xd1, 0x81, 0xd0, 0xba, 0xd0, 0xbe,
  0xd0, 0xb3, 0xd0, 0xbe, 0x20, 0xd0, 0xbb, 0xd0, 0xb8, 0xd1, 0x86, 0xd0, 0xb0,
  0x29, 0x3c, 0x2f, 0x78, 0x73, 0x3a, 0x64, 0x6f, 0x63, 0x75, 0x6d, 0x65, 0x6e,
  0x74, 0x61, 0x74, 0x69, 0x6f, 0x6e, 0x3e, 0x0d, 0x0a, 0x09, 0x09, 0x3c, 0x2f,
  0x78, 0x73, 0x3a, 0x61, 0x6e, 0x6e, 0x6f, 0x74, 0x61, 0x74, 0x69, 0x6f, 0x6e,
  0x3e, 0x0d, 0x0a, 0x09, 0x09, 0x3c, 0x78, 0x73, 0x3a, 0x73, 0x65, 0x71, 0x75,
  0x65, 0x6e, 0x63, 0x65, 0x3e, 0x0d, 0x0a, 0x09, 0x09, 0x09, 0x3c, 0x78, 0x73,
  0x3a, 0x65, 0x6c, 0x65, 0x6d, 0x65, 0x6e, 0x74, 0x20, 0x6e, 0x61, 0x6d, 0x65,
  0x3d, 0x22, 0xd0, 0xa1, 0xd0, 0xb2, 0xd0, 0x98, 0xd0, 0xbd, 0xd0, 0x9e, 0xd1,
  0x80, 0xd0, 0xb3, 0x22, 0x20, 0x74, 0x79, 0x70, 0x65, 0x3d, 0x22, 0xd0, 0xa1,
  0xd0, 0xb2, 0xd0, 0x98, 0xd0, 0xbd, 0xd0, 0x9e, 0xd1, 0x80, 0xd0, 0xb3, 0xd0,
  0xa2, 0xd0, 0xb8, 0xd0, 0xbf, 0x22, 0x3e, 0x0d, 0x0a, 0x09, 0x09, 0x09, 0x09,
  0x3c, 0x78, 0x73, 0x3a, 0x61, 0x6e, 0x6e, 0x6f, 0x74, 0x61, 0x74, 0x69, 0x6f,
  0x6e, 0x3e, 0x0d, 0x0a, 0x09, 0x09, 0x09, 0x09, 0x09, 0x3c, 0x78, 0x73, 0x3a,
  0x64, 0x6f, 0x63, 0x75, 0x6d, 0x65, 0x6e, 0x74, 0x61, 0x74, 0x69, 0x6f, 0x6e,
  0x3e, 0xd0, 0xa1, 0xd0, 0xb2, 0xd0, 0xb5, 0xd0, 0xb4, 0xd0, 0xb5, 0xd0, 0xbd,
  0xd0, 0xb8, 0xd1, 0x8f, 0x20, 0xd0, 0xbe, 0xd0, 0xb1, 0x20, 0xd0, 0xb8, 0xd0,
  0xbd, 0xd0, 0xbe, 0xd1, 0x81, 0xd1, 0x82, 0xd1, 0x80, 0xd0, 0xb0, 0xd0, 0xbd,
  0xd0, 0xbd, 0xd0, 0xbe, 0xd0, 0xbc, 0x20, 0xd1, 0x8e, 0xd1, 0x80, 0xd0, 0xb8,
  0xd0, 0xb4, 0xd0, 0xb8, 0xd1, 0x87, 0xd0, 0xb5, 0xd1, 0x81, 0xd0, 0xba, 0xd0,
  0xbe, 0xd0, 0xbc, 0x20, 0xd0, 0xbb, 0xd0, 0xb8, 0xd1, 0x86, 0xd0, 0xb5, 0x20,
  0x2f, 0x20, 0xd0, 0xa1, 0xd0, 0xb2, 0xd0, 0xb5, 0xd0, 0xb4, 0xd0, 0xb5, 0xd0,
  0xbd, 0xd0, 0xb8, 0xd1, 0x8f, 0x20, 0xd0, 0xbe, 0x20, 0xd1, 0x84, 0xd0, 0xb8,
  0xd0, 0xbb, 0xd0, 0xb8, 0xd0, 0xb0, 0xd0, 0xbb, 0xd0, 0xb5, 0x20, 0x28, 0xd0,
  0xb0, 0xd0, 0xba, 0xd0, 0xba, 0xd1, 0x80, 0xd0, 0xb5, 0xd0, 0xb4, 0xd0, 0xb8,
  0xd1, 0x82, 0xd0, 0xbe, 0xd0, 0xb2, 0xd0, 0xb0, 0xd0, 0xbd, 0xd0, 0xbd, 0xd0,
  0xbe, 0xd0, 0xbc, 0x20, 0xd0, 0xbf, 0xd1, 0x80, 0xd0, 0xb5, 0xd0, 0xb4, 0xd1,
  0x81, 0xd1, 0x82, 0xd0, 0xb0, 0xd0, 0xb2, 0xd0, 0xb8, 0xd1, 0x82, 0xd0, 0xb5,
  0xd0, 0xbb, 0xd1, 0x8c, 0xd1, 0x81, 0xd1, 0x82, 0xd0, 0xb2, 0xd0, 0xb5, 0x29,
  0x20, 0xd0, 0xb8, 0xd0, 0xbd, 0xd0, 0xbe, 0xd1, 0x81, 0xd1, 0x82, 0xd1, 0x80,
  0xd0, 0xb0, 0xd0, 0xbd, 0xd0, 0xbd, 0xd0, 0xbe, 0xd0, 0xb3, 0xd0, 0xbe, 0x20,
  0xd1, 0x8e, 0xd1, 0x80, 0xd0, 0xb8, 0xd0, 0xb4, 0xd0, 0xb8, 0xd1, 0x87, 0xd0,
  0xb5, 0xd1, 0x81, 0xd0, 0xba, 0xd0, 0xbe, 0xd0, 0xb3, 0xd0, 0xbe, 0x20, 0xd0,
  0xbb, 0xd0, 0xb8, 0xd1, 0x86, 0xd0, 0xb0, 0x3c, 0x2f, 0x78, 0x73, 0x3a, 0x64,
  0x6f, 0x63, 0x75, 0x6d, 0x65, 0x6e, 0x74, 0x61, 0x74, 0x69, 0x6f, 0x6e, 0x3e,
  0x0d, 0x0a, 0x09, 0x09, 0x09, 0x09, 0x3c, 0x2f, 0x78, 0x73, 0x3a, 0x61, 0x6e,
  0x6e, 0x6f, 0x74, 0x61, 0x74, 0x69, 0x6f, 0x6e, 0x3e, 0x0d, 0x0a, 0x09, 0x09,
  0x09, 0x3c, 0x2f, 0x78, 0x73, 0x3a, 0x65, 0x6c, 0x65, 0x6d, 0x65, 0x6e, 0x74,
  0x3e, 0x0d, 0x0a, 0x09, 0x09, 0x09, 0x3c, 0x78, 0x73, 0x3a, 0x65, 0x6c, 0x65,
  0x6d, 0x65, 0x6e, 0x74, 0x20, 0x6e, 0x61, 0x6d, 0x65, 0x3d, 0x22, 0xd0, 0xa1,
  0xd0, 0xb2, 0xd0, 0xa0, 0xd1, 0x83, 0xd0, 0xba, 0xd0, 0x9e, 0xd0, 0x9f, 0x22,
  0x20, 0x74, 0x79, 0x70, 0x65, 0x3d, 0x22, 0xd0, 0xa1, 0xd0, 0xb2, 0xd0, 0xa4,
  0xd0, 0x9b, 0xd0, 0xa2, 0xd0, 0xb8, 0xd0, 0xbf, 0x22, 0x20, 0x6d, 0x61, 0x78,
  0x4f, 0x63, 0x63, 0x75, 0x72, 0x73, 0x3d, 0x22, 0x75, 0x6e, 0x62, 0x6f, 0x75,
  0x6e, 0x64, 0x65, 0x64, 0x22, 0x3e, 0x0d, 0x0a, 0x09, 0x09, 0x09, 0x09, 0x3c,
  0x78, 0x73, 0x3a, 0x61, 0x6e, 0x6e, 0x6f, 0x74, 0x61, 0x74, 0x69, 0x6f, 0x6e,
  0x3e, 0x0d, 0x0a, 0x09, 0x09, 0x09, 0x09, 0x09, 0x3c, 0x78, 0x73, 0x3a, 0x64,
  0x6f, 0x63, 0x75, 0x6d, 0x65, 0x6e, 0x74, 0x61, 0x74, 0x69, 0x6f, 0x6e, 0x3e,
  0xd0, 0xa1, 0xd0, 0xb2, 0xd0, 0xb5, 0xd0, 0xb4, 0xd0, 0xb5, 0xd0, 0xbd, 0xd0,
  0xb8, 0xd1, 0x8f, 0x20, 0xd0, 0xbe, 0x20, 0xd1, 0x80, 0xd1, 0x83, 0xd0, 0xba,
  0xd0, 0xbe, 0xd0, 0xb2, 0xd0, 0xbe, 0xd0, 0xb4, 0xd0, 0xb8, 0xd1, 0x82, 0xd0,
  0xb5, 0xd0, 0xbb, 0xd0, 0xb5, 0x20, 0xd0, 0xb8, 0xd0, 0xbd, 0xd0, 0xbe, 0xd1,
  0x81, 0xd1, 0x82, 0xd1, 0x80, 0xd0, 0xb0, 0xd0, 0xbd, 0xd0, 0xbd, 0xd0, 0xbe,
  0xd0, 0xb3, 0xd0, 0xbe, 0x20, 0xd1, 0x8e, 0xd1, 0x80, 0xd0, 0xb8, 0xd0, 0xb4,
  0xd0, 0xb8, 0xd1, 0x87, 0xd0, 0xb5, 0xd1, 0x81, 0xd0, 0xba, 0xd0, 0xbe, 0xd0,
  0xb3, 0xd0, 0xbe, 0x20, 0xd0, 0xbb, 0xd0, 0xb8, 0xd1, 0x86, 0xd0, 0xb0, 0x20,
  0x2f, 0x20, 0xd0, 0xa1, 0xd0, 0xb2, 0xd0, 0xb5, 0xd0, 0xb4, 0xd0, 0xb5, 0xd0,
  0xbd, 0xd0, 0xb8, 0xd1, 0x8f, 0x20, 0xd0, 0xbe, 0x20, 0xd1, 0x80, 0xd1, 0x83,
  0xd0, 0xba, 0xd0, 0xbe, 0xd0, 0xb2, 0xd0, 0xbe, 0xd0, 0xb4, 0xd0, 0xb8, 0xd1,
  0x82, 0xd0, 0xb5, 0xd0, 0xbb, 0xd0, 0xb5, 0x20, 0xd1, 0x84, 0xd0, 0xb8, 0xd0,
  0xbb, 0xd0, 0xb8, 0xd0, 0xb0, 0xd0, 0xbb, 0xd0, 0xb0, 0x20, 0x28, 0xd0, 0xb0,
  0xd0, 0xba, 0xd0, 0xba, 0xd1, 0x80, 0xd0, 0xb5, 0xd0, 0xb4, 0xd0, 0xb8, 0xd1,
  0x82, 0xd0, 0xbe, 0xd0, 0xb2, 0xd0, 0xb0, 0xd0, 0xbd, 0xd0, 0xbd, 0xd0, 0xbe,
  0xd0, 0xb3, 0xd0, 0xbe, 0x20, 0xd0, 0xbf, 0xd1, 0x80, 0xd0, 0xb5, 0xd0, 0xb4,
  0xd1, 0x81, 0xd1, 0x82, 0xd0, 0xb0, 0xd0, 0xb2, 0xd0, 0xb8, 0xd1, 0x82, 0xd0,
  0xb5, 0xd0, 0xbb, 0xd1, 0x8c, 0xd1, 0x81, 0xd1, 0x82, 0xd0, 0xb2, 0xd0, 0xb0,
  0x29, 0x20, 0xd0, 0xb8, 0xd0, 0xbd, 0xd0, 0xbe, 0xd1, 0x81, 0xd1, 0x82, 0xd1,
  0x80, 0xd0, 0xb0, 0xd0, 0xbd, 0xd0, 0xbd, 0xd0, 0xbe, 0xd0, 0xb3, 0xd0, 0xbe,
  0x20, 0xd1, 0x8e, 0xd1, 0x80, 0xd0, 0xb8, 0xd0, 0xb4, 0xd0, 0xb8, 0xd1, 0x87,
  0xd0, 0xb5, 0xd1, 0x81, 0xd0, 0xba, 0xd0, 0xbe, 0xd0, 0xb3, 0xd0, 0xbe, 0x20,
  0xd0, 0xbb, 0xd0, 0xb8, 0xd1, 0x86, 0xd0, 0xb0, 0x3c, 0x2f, 0x78, 0x73, 0x3a,
  0x64, 0x6f, 0x63, 0x75, 0x6d, 0x65, 0x6e, 0x74, 0x61, 0x74, 0x69, 0x6f, 0x6e,
  0x3e, 0x0d, 0x0a, 0x09, 0x09, 0x09, 0x09, 0x3c, 0x2f, 0x78, 0x73, 0x3a, 0x61,
  0x6e, 0x6e, 0x6f, 0x74, 0x61, 0x74, 0x69, 0x6f, 0x6e, 0x3e, 0x0d, 0x0a, 0x09,
  0x09, 0x09, 0x3c, 0x2f, 0x78, 0x73, 0x3a, 0x65, 0x6c, 0x65, 0x6d, 0x65, 0x6e,
  0x74, 0x3e, 0x0d, 0x0a, 0x09, 0x09, 0x3c, 0x2f, 0x78, 0x73, 0x3a, 0x73, 0x65,
  0x71, 0x75, 0x65, 0x6e, 0x63, 0x65, 0x3e, 0x0d, 0x0a, 0x09, 0x3c, 0x2f, 0x78,
  0x73, 0x3a, 0x63, 0x6f, 0x6d, 0x70, 0x6c, 0x65, 0x78, 0x54, 0x79, 0x70, 0x65,
  0x3e, 0x0d, 0x0a, 0x09, 0x3c, 0x78, 0x73, 0x3a, 0x63, 0x6f, 0x6d, 0x70, 0x6c,
  0x65, 0x78, 0x54, 0x79, 0x70, 0x65, 0x20, 0x6e, 0x61, 0x6d, 0x65, 0x3d, 0x22,
  0xd0, 0xa1, 0xd0, 0xb2, 0xd0, 0xb5, 0xd0, 0xb4, 0xd0, 0x98, 0xd0, 0x9f, 0xd0,
  0xa2, 0xd0, 0xb8, 0xd0, 0xbf, 0x22, 0x3e, 0x0d, 0x0a, 0x09, 0x09, 0x3c, 0x78,
  0x73, 0x3a, 0x61, 0x6e, 0x6e, 0x6f, 0x74, 0x61, 0x74, 0x69, 0x6f, 0x6e, 0x3e,
  0x0d, 0x0a, 0x09, 0x09, 0x09, 0x3c, 0x78, 0x73, 0x3a, 0x64, 0x6f, 0x63, 0x75,
  0x6d, 0x65, 0x6e, 0x74, 0x61, 0x74, 0x69, 0x6f, 0x6e, 0x3e, 0xd0, 0xa1, 0xd0,
  0xb2, 0xd0, 0xb5, 0xd0, 0xb4, 0xd0, 0xb5, 0xd0, 0xbd, 0xd0, 0xb8, 0xd1, 0x8f,
  0x20, 0xd0, 0xbe, 0xd0, 0xb1, 0x20, 0xd0, 0xb8, 0xd0, 0xbd, 0xd0, 0xb4, 0xd0,
  0xb8, 0xd0, 0xb2, 0xd0, 0xb8, 0xd0, 0xb4, 0xd1, 0x83, 0xd0, 0xb0, 0xd0, 0xbb,
  0xd1, 0x8c, 0xd0, 0xbd, 0xd0, 0xbe, 0xd0, 0xbc, 0x20, 0xd0, 0xbf, 0xd1, 0x80,
  0xd0, 0xb5, 0xd0, 0xb4, 0xd0, 0xbf, 0xd1, 0x80, 0xd0, 0xb8, 0xd0, 0xbd, 0xd0,
  0xb8, 0xd0, 0xbc, 0xd0, 0xb0, 0xd1, 0x82, 0xd0, 0xb5, 0xd0, 0xbb, 0xd0, 0xb5,
  0x3c, 0x2f, 0x78, 0x73, 0x3a, 0x64, 0x6f, 0x63, 0x75, 0x6d, 0x65, 0x6e, 0x74,
  0x61, 0x74, 0x69, 0x6f, 0x6e, 0x3e, 0x0d, 0x0a, 0x09, 0x09, 0x3c, 0x2f, 0x78,
  0x73, 0x3a, 0x61, 0x6e, 0x6e, 0x6f, 0x74, 0x61, 0x74, 0x69, 0x6f, 0x6e, 0x3e,
  0x0d, 0x0a, 0x09, 0x09, 0x3c, 0x78, 0x73, 0x3a, 0x73, 0x65, 0x71, 0x75, 0x65,
  0x6e, 0x63, 0x65, 0x3e, 0x0d, 0x0a, 0x09, 0x09, 0x09, 0x3c, 0x78, 0x73, 0x3a,
  0x65, 0x6c, 0x65, 0x6d, 0x65, 0x6e, 0x74, 0x20, 0x6e, 0x61, 0x6d, 0x65, 0x3d,
  0x22, 0xd0, 0x94, 0xd0, 0xbe, 0xd0, 0xba, 0xd0, 0x9f, 0xd0, 0xb4, 0xd1, 0x82,
  0xd0, 0xb2, 0x22, 0x20, 0x74, 0x79, 0x70, 0x65, 0x3d, 0x22, 0xd0, 0x94, 0xd0,
  0xbe, 0xd0, 0xba, 0xd0, 0x9f, 0xd0, 0xb4, 0xd1, 0x82, 0xd0, 0xb2, 0xd0, 0xa2,
  0xd0, 0xb8, 0xd0, 0xbf, 0x22, 0x20, 0x6d, 0x69, 0x6e, 0x4f, 0x63, 0x63, 0x75,
  0x72, 0x73, 0x3d, 0x22, 0x30, 0x22, 0x3e, 0x0d, 0x0a, 0x09, 0x09, 0x09, 0x09,
  0x3c, 0x78, 0x73, 0x3a, 0x61, 0x6e, 0x6e, 0x6f, 0x74, 0x61, 0x74, 0x69, 0x6f,
  0x6e, 0x3e, 0x0d, 0x0a, 0x09, 0x09, 0x09, 0x09, 0x09, 0x3c, 0x78, 0x73, 0x3a,
  0x64, 0x6f, 0x63, 0x75, 0x6d, 0x65, 0x6e, 0x74, 0x61, 0x74, 0x69, 0x6f, 0x6e,
  0x3e, 0xd0, 0x94, 0xd0, 0xbe, 0xd0, 0xba, 0xd1, 0x83, 0xd0, 0xbc, 0xd0, 0xb5,
  0xd0, 0xbd, 0xd1, 0x82, 0x2c, 0x20, 0xd0, 0xbf, 0xd0, 0xbe, 0xd0, 0xb4, 0xd1,
  0x82, 0xd0, 0xb2, 0xd0, 0xb5, 0xd1, 0x80, 0xd0, 0xb6, 0xd0, 0xb4, 0xd0, 0xb0,
  0xd1, 0x8e, 0xd1, 0x89, 0xd0, 0xb8, 0xd0, 0xb9, 0x20, 0xd0, 0xbf, 0xd0, 0xbe,
  0xd0, 0xbb, 0xd0, 0xbd, 0xd0, 0xbe, 0xd0, 0xbc, 0xd0, 0xbe, 0xd1, 0x87, 0xd0,
  0xb8, 0xd1, 0x8f, 0x20, 0xd0, 0xb5, 0xd0, 0xb4, 0xd0, 0xb8, 0xd0, 0xbd, 0xd0,
  0xbe, 0xd0, 0xbb, 0xd0, 0xb8, 0xd1, 0x87, 0xd0, 0xbd, 0xd0, 0xbe, 0xd0, 0xb3,
  0xd0, 0xbe, 0x20, 0xd0, 0xb8, 0xd1, 0x81, 0xd0, 0xbf, 0xd0, 0xbe, 0xd0, 0xbb,
  0xd0, 0xbd, 0xd0, 0xb8, 0xd1, 0x82, 0xd0, 0xb5, 0xd0, 0xbb, 0xd1, 0x8c, 0xd0,
  0xbd, 0xd0, 0xbe, 0xd0, 0xb3, 0xd0, 0xbe, 0x20, 0xd0, 0xbe, 0xd1, 0x80, 0xd0,
  0xb3, 0xd0, 0xb0, 0xd0, 0xbd, 0xd0, 0xb0, 0x3c, 0x2f, 0x78, 0x73, 0x3a, 0x64,
  0x6f, 0x63, 0x75, 0x6d, 0x65, 0x6e, 0x74, 0x61, 0x74, 0x69, 0x6f, 0x6e, 0x3e,
  0x0d, 0x0a, 0x09, 0x09, 0x09, 0x09, 0x3c, 0x2f, 0x78, 0x73, 0x3a, 0x61, 0x6e,
  0x6e, 0x6f, 0x74, 0x61, 0x74, 0x69, 0x6f, 0x6e, 0x3e, 0x0d, 0x0a, 0x09, 0x09,
  0x09, 0x3c, 0x2f, 0x78, 0x73, 0x3a, 0x65, 0x6c, 0x65, 0x6d, 0x65, 0x6e, 0x74,
  0x3e, 0x0d, 0x0a, 0x09, 0x09, 0x09, 0x3c, 0x78, 0x73, 0x3a, 0x65, 0x6c, 0x65,
  0x6d, 0x65, 0x6e, 0x74, 0x20, 0x6e, 0x61, 0x6d, 0x65, 0x3d, 0x22, 0xd0, 0xa1,
  0xd0, 0xb2, 0xd0, 0xb5, 0xd0, 0xb4, 0xd0, 0xa4, 0xd0, 0x9b, 0x22, 0x20, 0x74,
  0x79, 0x70, 0x65, 0x3d, 0x22, 0xd0, 0xa1, 0xd0, 0xb2, 0xd0, 0xb5, 0xd0, 0xb4,
  0xd0, 0xa4, 0xd0, 0x9b, 0xd0, 0xa2, 0xd0, 0xb8, 0xd0, 0xbf, 0x22, 0x3e, 0x0d,
  0x0a, 0x09, 0x09, 0x09, 0x09, 0x3c, 0x78, 0x73, 0x3a, 0x61, 0x6e, 0x6e, 0x6f,
  0x74, 0x61, 0x74, 0x69, 0x6f, 0x6e, 0x3e, 0x0d, 0x0a, 0x09, 0x09, 0x09, 0x09,
  0x09, 0x3c, 0x78, 0x73, 0x3a, 0x64, 0x6f, 0x63, 0x75, 0x6d, 0x65, 0x6e, 0x74,
  0x61, 0x74, 0x69, 0x6f, 0x6e, 0x3e, 0xd0, 0xa1, 0xd0, 0xb2, 0xd0, 0xb5, 0xd0,
  0xb4, 0xd0, 0xb5, 0xd0, 0xbd, 0xd0, 0xb8, 0xd1, 0x8f, 0x20, 0xd0, 0xbe, 0x20,
  0xd1, 0x84, 0xd0, 0xb8, 0xd0, 0xb7, 0xd0, 0xb8, 0xd1, 0x87, 0xd0, 0xb5, 0xd1,
  0x81, 0xd0, 0xba, 0xd0, 0xbe, 0xd0, 0xbc, 0x20, 0xd0, 0xbb, 0xd0, 0xb8, 0xd1,
  0x86, 0xd0, 0xb5, 0x3c, 0x2f, 0x78, 0x73, 0x3a, 0x64, 0x6f, 0x63, 0x75, 0x6d,
  0x65, 0x6e, 0x74, 0x61, 0x74, 0x69, 0x6f, 0x6e, 0x3e, 0x0d, 0x0a, 0x09, 0x09,
  0x09, 0x09, 0x3c, 0x2f, 0x78, 0x73, 0x3a, 0x61, 0x6e, 0x6e, 0x6f, 0x74, 0x61,
  0x74, 0x69, 0x6f, 0x6e, 0x3e, 0x0d, 0x0a, 0x09, 0x09, 0x09, 0x3c, 0x2f, 0x78,
  0x73, 0x3a, 0x65, 0x6c, 0x65, 0x6d, 0x65, 0x6e, 0x74, 0x3e, 0x0d, 0x0a, 0x09,
  0x09, 0x3c, 0x2f, 0x78, 0x73, 0x3a, 0x73, 0x65, 0x71, 0x75, 0x65, 0x6e, 0x63,
  0x65, 0x3e, 0x0d, 0x0a, 0x09, 0x09, 0x3c, 0x78, 0x73, 0x3a, 0x61, 0x74, 0x74,
  0x72, 0x69, 0x62, 0x75, 0x74, 0x65, 0x20, 0x6e, 0x61, 0x6d, 0x65, 0x3d, 0x22,
  0xd0, 0xa1, 0xd1, 0x82, 0xd0, 0xa3, 0xd1, 0x87, 0xd0, 0x9d, 0xd0, 0x94, 0x22,
  0x20, 0x75, 0x73, 0x65, 0x3d, 0x22, 0x6f, 0x70, 0x74, 0x69, 0x6f, 0x6e, 0x61,
  0x6c, 0x22, 0x3e, 0x0d, 0x0a, 0x09, 0x09, 0x09, 0x3c, 0x78, 0x73, 0x3a, 0x61,
  0x6e, 0x6e, 0x6f, 0x74, 0x61, 0x74, 0x69, 0x6f, 0x6e, 0x3e, 0x0d, 0x0a, 0x09,
  0x09, 0x09, 0x09, 0x3c, 0x78, 0x73, 0x3a, 0x64, 0x6f, 0x63, 0x75, 0x6d, 0x65,
  0x6e, 0x74, 0x61, 0x74, 0x69, 0x6f, 0x6e, 0x3e, 0xd0, 0xa1, 0xd1, 0x82, 0xd0,
  0xb0, 0xd1, 0x82, 0xd1, 0x83, 0xd1, 0x81, 0x20, 0xd1, 0x83, 0xd1, 0x87, 0xd0,
  0xb0, 0xd1, 0x81, 0xd1, 0x82, 0xd0, 0xbd, 0xd0, 0xb8, 0xd0, 0xba, 0xd0, 0xb0,
  0x20, 0xd0, 0xbd, 0xd0, 0xbe, 0xd1, 0x82, 0xd0, 0xb0, 0xd1, 0x80, 0xd0, 0xb8,
  0xd0, 0xb0, 0xd0, 0xbb, 0xd1, 0x8c, 0xd0, 0xbd, 0xd0, 0xbe, 0xd0, 0xb3, 0xd0,
  0xbe, 0x20, 0xd0, 0xb4, 0xd0, 0xb5, 0xd0, 0xb9, 0xd1, 0x81, 0xd1, 0x82, 0xd0,
  0xb2, 0xd0, 0xb8, 0xd1, 0x8f, 0x3c, 0x2f, 0x78, 0x73, 0x3a, 0x64, 0x6f, 0x63,
  0x75, 0x6d, 0x65, 0x6e, 0x74, 0x61, 0x74, 0x69, 0x6f, 0x6e, 0x3e, 0x0d, 0x0a,
  0x09, 0x09, 0x09, 0x3c, 0x2f, 0x78, 0x73, 0x3a, 0x61, 0x6e, 0x6e, 0x6f, 0x74,
  0x61, 0x74, 0x69, 0x6f, 0x6e, 0x3e, 0x0d, 0x0a, 0x09, 0x09, 0x09, 0x3c, 0x78,
  0x73, 0x3a, 0x73, 0x69, 0x6d, 0x70, 0x6c, 0x65, 0x54, 0x79, 0x70, 0x65, 0x3e,
  0x0d, 0x0a, 0x09, 0x09, 0x09, 0x09, 0x3c, 0x78, 0x73, 0x3a, 0x72, 0x65, 0x73,
  0x74, 0x72, 0x69, 0x63, 0x74, 0x69, 0x6f, 0x6e, 0x20, 0x62, 0x61, 0x73, 0x65,
  0x3d, 0x22, 0x78, 0x73, 0x3a, 0x73, 0x74, 0x72, 0x69, 0x6e, 0x67, 0x22, 0x3e,
  0x0d, 0x0a, 0x09, 0x09, 0x09, 0x09, 0x09, 0x3c, 0x78, 0x73, 0x3a, 0x6c, 0x65,
  0x6e, 0x67, 0x74, 0x68, 0x20, 0x76, 0x61, 0x6c, 0x75, 0x65, 0x3d, 0x22, 0x33,
  0x22, 0x2f, 0x3e, 0x0d, 0x0a, 0x09, 0x09, 0x09, 0x09, 0x09, 0x3c, 0x78, 0x73,
  0x3a, 0x65, 0x6e, 0x75, 0x6d, 0x65, 0x72, 0x61, 0x74, 0x69, 0x6f, 0x6e, 0x20,
  0x76, 0x61, 0x6c, 0x75, 0x65, 0x3d, 0x22, 0x31, 0x30, 0x31, 0x22, 0x2f, 0x3e,
  0x0d, 0x0a, 0x09, 0x09, 0x09, 0x09, 0x09, 0x3c, 0x78, 0x73, 0x3a, 0x65, 0x6e,
  0x75, 0x6d, 0x65, 0x72, 0x61, 0x74, 0x69, 0x6f, 0x6e, 0x20, 0x76, 0x61, 0x6c,
  0x75, 0x65, 0x3d, 0x22, 0x31, 0x30, 0x32, 0x22, 0x2f, 0x3e, 0x0d, 0x0a, 0x09,
  0x09, 0x09, 0x09, 0x09, 0x3c, 0x78, 0x73, 0x3a, 0x65, 0x6e, 0x75, 0x6d, 0x65,
  0x72, 0x61, 0x74, 0x69, 0x6f, 0x6e, 0x20, 0x76, 0x61, 0x6c, 0x75, 0x65, 0x3d,
  0x22, 0x32, 0x39, 0x39, 0x22, 0x2f, 0x3e, 0x0d, 0x0a, 0x09, 0x09, 0x09, 0x09,
  0x09, 0x3c, 0x78, 0x73, 0x3a, 0x65, 0x6e, 0x75, 0x6d, 0x65, 0x72, 0x61, 0x74,
  0x69, 0x6f, 0x6e, 0x20, 0x76, 0x61, 0x6c, 0x75, 0x65, 0x3d, 0x22, 0x33, 0x30,
  0x31, 0x22, 0x2f, 0x3e, 0x0d, 0x0a, 0x09, 0x09, 0x09, 0x09, 0x09, 0x3c, 0x78,
  0x73, 0x3a, 0x65, 0x6e, 0x75, 0x6d, 0x65, 0x72, 0x61, 0x74, 0x69, 0x6f, 0x6e,
  0x20, 0x76, 0x61, 0x6c, 0x75, 0x65, 0x3d, 0x22, 0x33, 0x30, 0x33, 0x22, 0x2f,
  0x3e, 0x0d, 0x0a, 0x09, 0x09, 0x09, 0x09, 0x09, 0x3c, 0x78, 0x73, 0x3a, 0x65,
  0x6e, 0x75, 0x6d, 0x65, 0x72, 0x61, 0x74, 0x69, 0x6f, 0x6e, 0x20, 0x76, 0x61,
  0x6c, 0x75, 0x65, 0x3d, 0x22, 0x33, 0x39, 0x39, 0x22, 0x2f, 0x3e, 0x0d, 0x0a,
  0x09, 0x09, 0x09, 0x09, 0x3c, 0x2f, 0x78, 0x73, 0x3a, 0x72, 0x65, 0x73, 0x74,
  0x72, 0x69, 0x63, 0x74, 0x69, 0x6f, 0x6e, 0x3e, 0x0d, 0x0a, 0x09, 0x09, 0x09,
  0x3c, 0x2f, 0x78, 0x73, 0x3a, 0x73, 0x69, 0x6d, 0x70, 0x6c, 0x65, 0x54, 0x79,
  0x70, 0x65, 0x3e, 0x0d, 0x0a, 0x09, 0x09, 0x3c, 0x2f, 0x78, 0x73, 0x3a, 0x61,
  0x74, 0x74, 0x72, 0x69, 0x62, 0x75, 0x74, 0x65, 0x3e, 0x0d, 0x0a, 0x09, 0x09,
  0x3c, 0x78, 0x73, 0x3a, 0x61, 0x74, 0x74, 0x72, 0x69, 0x62, 0x75, 0x74, 0x65,
  0x20, 0x6e, 0x61, 0x6d, 0x65, 0x3d, 0x22, 0xd0, 0x9d, 0xd0, 0xb0, 0xd0, 0xb8,
  0xd0, 0xbc, 0xd0, 0x98, 0xd0, 0x9f, 0x22, 0x20, 0x75, 0x73, 0x65, 0x3d, 0x22,
  0x6f, 0x70, 0x74, 0x69, 0x6f, 0x6e, 0x61, 0x6c, 0x22, 0x3e, 0x0d, 0x0a, 0x09,
  0x09, 0x09, 0x3c, 0x78, 0x73, 0x3a, 0x61, 0x6e, 0x6e, 0x6f, 0x74, 0x61, 0x74,
  0x69, 0x6f, 0x6e, 0x3e, 0x0d, 0x0a, 0x09, 0x09, 0x09, 0x09, 0x3c, 0x78, 0x73,
  0x3a, 0x64, 0x6f, 0x63, 0x75, 0x6d, 0x65, 0x6e, 0x74, 0x61, 0x74, 0x69, 0x6f,
  0x6e, 0x3e, 0xd0, 0x9d, 0xd0, 0xb0, 0xd0, 0xb8, 0xd0, 0xbc, 0xd0, 0xb5, 0xd0,
  0xbd, 0xd0, 0xbe, 0xd0, 0xb2, 0xd0, 0xb0, 0xd0, 0xbd, 0xd0, 0xb8, 0xd0, 0xb5,
  0x20, 0xd0, 0xb8, 0xd0, 0xbd, 0xd0, 0xb4, 0xd0, 0xb8, 0xd0, 0xb2, 0xd0, 0xb8,
  0xd0, 0xb4, 0xd1, 0x83, 0xd0, 0xb0, 0xd0, 0xbb, 0xd1, 0x8c, 0xd0, 0xbd, 0xd0,
  0xbe, 0xd0, 0xb3, 0xd0, 0xbe, 0x20, 0xd0, 0xbf, 0xd1, 0x80, 0xd0, 0xb5, 0xd0,
  0xb4, 0xd0, 0xbf, 0xd1, 0x80, 0xd0, 0xb8, 0xd0, 0xbd, 0xd0, 0xb8, 0xd0, 0xbc,
  0xd0, 0xb0, 0xd1, 0x82, 0xd0, 0xb5, 0xd0, 0xbb, 0xd1, 0x8f, 0x3c, 0x2f, 0x78,
  0x73, 0x3a, 0x64, 0x6f, 0x63, 0x75, 0x6d, 0x65, 0x6e, 0x74, 0x61, 0x74, 0x69,
  0x6f, 0x6e, 0x3e, 0x0d, 0x0a, 0x09, 0x09, 0x09, 0x3c, 0x2f, 0x78, 0x73, 0x3a,
  0x61, 0x6e, 0x6e, 0x6f, 0x74, 0x61, 0x74, 0x69, 0x6f, 0x6e, 0x3e, 0x0d, 0x0a,
  0x09, 0x09, 0x09, 0x3c, 0x78, 0x73, 0x3a, 0x73, 0x69, 0x6d, 0x70, 0x6c, 0x65,
  0x54, 0x79, 0x70, 0x65, 0x3e, 0x0d, 0x0a, 0x09, 0x09, 0x09, 0x09, 0x3c, 0x78,
  0x73, 0x3a, 0x72, 0x65, 0x73, 0x74, 0x72, 0x69, 0x63, 0x74, 0x69, 0x6f, 0x6e,
  0x20, 0x62, 0x61, 0x73, 0x65, 0x3d, 0x22, 0x78, 0x73, 0x3a, 0x73, 0x74, 0x72,
  0x69, 0x6e, 0x67, 0x22, 0x3e, 0x0d, 0x0a, 0x09, 0x09, 0x09, 0x09, 0x09, 0x3c,
  0x78, 0x73, 0x3a, 0x6d, 0x69, 0x6e, 0x4c, 0x65, 0x6e, 0x67, 0x74, 0x68, 0x20,
  0x76, 0x61, 0x6c, 0x75, 0x65, 0x3d, 0x22, 0x31, 0x22, 0x2f, 0x3e, 0x0d, 0x0a,
  0x09, 0x09, 0x09, 0x09, 0x09, 0x3c, 0x78, 0x73, 0x3a, 0x6d, 0x61, 0x78, 0x4c,
  0x65, 0x6e, 0x67, 0x74, 0x68, 0x20, 0x76, 0x61, 0x6c, 0x75, 0x65, 0x3d, 0x22,
  0x31, 0x30, 0x30, 0x30, 0x22, 0x2f, 0x3e, 0x0d, 0x0a, 0x09, 0x09, 0x09, 0x09,
  0x3c, 0x2f, 0x78, 0x73, 0x3a, 0x72, 0x65, 0x73, 0x74, 0x72, 0x69, 0x63, 0x74,
  0x69, 0x6f, 0x6e, 0x3e, 0x0d, 0x0a, 0x09, 0x09, 0x09, 0x3c, 0x2f, 0x78, 0x73,
  0x3a, 0x73, 0x69, 0x6d, 0x70, 0x6c, 0x65, 0x54, 0x79, 0x70, 0x65, 0x3e, 0x0d,
  0x0a, 0x09, 0x09, 0x3c, 0x2f, 0x78, 0x73, 0x3a, 0x61, 0x74, 0x74, 0x72, 0x69,
  0x62, 0x75, 0x74, 0x65, 0x3e, 0x0d, 0x0a, 0x09, 0x09, 0x3c, 0x78, 0x73, 0x3a,
  0x61, 0x74, 0x74, 0x72, 0x69, 0x62, 0x75, 0x74, 0x65, 0x20, 0x6e, 0x61, 0x6d,
  0x65, 0x3d, 0x22, 0xd0, 0x9e, 0xd0, 0x93, 0xd0, 0xa0, 0xd0, 0x9d, 0xd0, 0x98,
  0xd0, 0x9f, 0x22, 0x20, 0x74, 0x79, 0x70, 0x65, 0x3d, 0x22, 0xd0, 0x9e, 0xd0,
  0x93, 0xd0, 0xa0, 0xd0, 0x9d, 0xd0, 0x98, 0xd0, 0x9f, 0xd0, 0xa2, 0xd0, 0xb8,
  0xd0, 0xbf, 0x22, 0x20, 0x75, 0x73, 0x65, 0x3d, 0x22, 0x72, 0x65, 0x71, 0x75,
  0x69, 0x72, 0x65, 0x64, 0x22, 0x3e, 0x0d, 0x0a, 0x09, 0x09, 0x09, 0x3c, 0x78,
  0x73, 0x3a, 0x61, 0x6e, 0x6e, 0x6f, 0x74, 0x61, 0x74, 0x69, 0x6f, 0x6e, 0x3e,
  0x0d, 0x0a, 0x09, 0x09, 0x09, 0x09, 0x3c, 0x78, 0x73, 0x3a, 0x64, 0x6f, 0x63,
  0x75, 0x6d, 0x65, 0x6e, 0x74, 0x61, 0x74, 0x69, 0x6f, 0x6e, 0x3e, 0xd0, 0x9e,
  0xd0, 0x93, 0xd0, 0xa0, 0xd0, 0x9d, 0xd0, 0x98, 0xd0, 0x9f, 0x20, 0x3c, 0x2f,
  0x78, 0x73, 0x3a, 0x64, 0x6f, 0x63, 0x75, 0x6d, 0x65, 0x6e, 0x74, 0x61, 0x74,
  0x69, 0x6f, 0x6e, 0x3e, 0x0d, 0x0a, 0x09, 0x09, 0x09, 0x3c, 0x2f, 0x78, 0x73,
  0x3a, 0x61, 0x6e, 0x6e, 0x6f, 0x74, 0x61, 0x74, 0x69, 0x6f, 0x6e, 0x3e, 0x0d,
  0x0a, 0x09, 0x09, 0x3c, 0x2f, 0x78, 0x73, 0x3a, 0x61, 0x74, 0x74, 0x72, 0x69,
  0x62, 0x75, 0x74, 0x65, 0x3e, 0x0d, 0x0a, 0x09, 0x09, 0x3c, 0x78, 0x73, 0x3a,
  0x61, 0x74, 0x74, 0x72, 0x69, 0x62, 0x75, 0x74, 0x65, 0x20, 0x6e, 0x61, 0x6d,
  0x65, 0x3d, 0x22, 0xd0, 0x98, 0xd0, 0x9d, 0xd0, 0x9d, 0xd0, 0xa4, 0xd0, 0x9b,
  0x22, 0x20, 0x74, 0x79, 0x70, 0x65, 0x3d, 0x22, 0xd0, 0x98, 0xd0, 0x9d, 0xd0,
  0x9d, 0xd0, 0xa4, 0xd0, 0x9b, 0xd0, 0xa2, 0xd0, 0xb8, 0xd0, 0xbf, 0x22, 0x20,
  0x75, 0x73, 0x65, 0x3d, 0x22, 0x72, 0x65, 0x71, 0x75, 0x69, 0x72, 0x65, 0x64,
  0x22, 0x3e, 0x0d, 0x0a, 0x09, 0x09, 0x09, 0x3c, 0x78, 0x73, 0x3a, 0x61, 0x6e,
  0x6e, 0x6f, 0x74, 0x61, 0x74, 0x69, 0x6f, 0x6e, 0x3e, 0x0d, 0x0a, 0x09, 0x09,
  0x09, 0x09, 0x3c, 0x78, 0x73, 0x3a, 0x64, 0x6f, 0x63, 0x75, 0x6d, 0x65, 0x6e,
  0x74, 0x61, 0x74, 0x69, 0x6f, 0x6e, 0x3e, 0xd0, 0x98, 0xd0, 0x9d, 0xd0, 0x9d,
  0x20, 0xd0, 0xb8, 0xd0, 0xbd, 0xd0, 0xb4, 0xd0, 0xb8, 0xd0, 0xb2, 0xd0, 0xb8,
  0xd0, 0xb4, 0xd1, 0x83, 0xd0, 0xb0, 0xd0, 0xbb, 0xd1, 0x8c, 0xd0, 0xbd, 0xd0,
  0xbe, 0xd0, 0xb3, 0xd0, 0xbe, 0x20, 0xd0, 0xbf, 0xd1, 0x80, 0xd0, 0xb5, 0xd0,
  0xb4, 0xd0, 0xbf, 0xd1, 0x80, 0xd0, 0xb8, 0xd0, 0xbd, 0xd0, 0xb8, 0xd0, 0xbc,
  0xd0, 0xb0, 0xd1, 0x82, 0xd0, 0xb5, 0xd0, 0xbb, 0xd1, 0x8f, 0x3c, 0x2f, 0x78,
  0x73, 0x3a, 0x64, 0x6f, 0x63, 0x75, 0x6d, 0x65, 0x6e, 0x74, 0x61, 0x74, 0x69,
  0x6f, 0x6e, 0x3e, 0x0d, 0x0a, 0x09, 0x09, 0x09, 0x3c, 0x2f, 0x78, 0x73, 0x3a,
  0x61, 0x6e, 0x6e, 0x6f, 0x74, 0x61, 0x74, 0x69, 0x6f, 0x6e, 0x3e, 0x0d, 0x0a,
  0x09, 0x09, 0x3c, 0x2f, 0x78, 0x73, 0x3a, 0x61, 0x74, 0x74, 0x72, 0x69, 0x62,
  0x75, 0x74, 0x65, 0x3e, 0x0d, 0x0a, 0x09, 0x09, 0x3c, 0x78, 0x73, 0x3a, 0x61,
  0x74, 0x74, 0x72, 0x69, 0x62, 0x75, 0x74, 0x65, 0x20, 0x6e, 0x61, 0x6d, 0x65,
  0x3d, 0x22, 0xd0, 0xa1, 0xd0, 0x9d, 0xd0, 0x98, 0xd0, 0x9b, 0xd0, 0xa1, 0x22,
  0x20, 0x74, 0x79, 0x70, 0x65, 0x3d, 0x22, 0xd0, 0xa1, 0xd0, 0x9d, 0xd0, 0x98,
  0xd0, 0x9b, 0xd0, 0xa1, 0xd0, 0xa2, 0xd0, 0xb8, 0xd0, 0xbf, 0x22, 0x20, 0x75,
  0x73, 0x65, 0x3d, 0x22, 0x72, 0x65, 0x71, 0x75, 0x69, 0x72, 0x65, 0x64, 0x22,
  0x3e, 0x0d, 0x0a, 0x09, 0x09, 0x09, 0x3c, 0x78, 0x73, 0x3a, 0x61, 0x6e, 0x6e,
  0x6f, 0x74, 0x61, 0x74, 0x69, 0x6f, 0x6e, 0x3e, 0x0d, 0x0a, 0x09, 0x09, 0x09,
  0x09, 0x3c, 0x78, 0x73, 0x3a, 0x64, 0x6f, 0x63, 0x75, 0x6d, 0x65, 0x6e, 0x74,
  0x61, 0x74, 0x69, 0x6f, 0x6e, 0x3e, 0xd0, 0xa1, 0xd0, 0x9d, 0xd0, 0x98, 0xd0,
  0x9b, 0xd0, 0xa1, 0x3c, 0x2f, 0x78, 0x73, 0x3a, 0x64, 0x6f, 0x63, 0x75, 0x6d,
  0x65, 0x6e, 0x74, 0x61, 0x74, 0x69, 0x6f, 0x6e, 0x3e, 0x0d, 0x0a, 0x09, 0x09,
  0x09, 0x3c, 0x2f, 0x78, 0x73, 0x3a, 0x61, 0x6e, 0x6e, 0x6f, 0x74, 0x61, 0x74,
  0x69, 0x6f, 0x6e, 0x3e, 0x0d, 0x0a, 0x09, 0x09, 0x3c, 0x2f, 0x78, 0x73, 0x3a,
  0x61, 0x74, 0x74, 0x72, 0x69, 0x62, 0x75, 0x74, 0x65, 0x3e, 0x0d, 0x0a, 0x09,
  0x3c, 0x2f, 0x78, 0x73, 0x3a, 0x63, 0x6f, 0x6d, 0x70, 0x6c, 0x65, 0x78, 0x54,
  0x79, 0x70, 0x65, 0x3e, 0x0d, 0x0a, 0x09, 0x3c, 0x78, 0x73, 0x3a, 0x63, 0x6f,
  0x6d, 0x70, 0x6c, 0x65, 0x78, 0x54, 0x79, 0x70, 0x65, 0x20, 0x6e, 0x61, 0x6d,
  0x65, 0x3d, 0x22, 0xd0, 0xa1, 0xd0, 0xb2, 0xd0, 0x9f, 0xd0, 0xb5, 0xd1, 0x80,
  0xd0, 0xb2, 0xd0, 0x94, 0xd0, 0xbe, 0xd0, 0xb2, 0xd0, 0xb5, 0xd1, 0x80, 0xd0,
  0xa2, 0xd0, 0xb8, 0xd0, 0xbf, 0x22, 0x3e, 0x0d, 0x0a, 0x09, 0x09, 0x3c, 0x78,
  0x73, 0x3a, 0x61, 0x6e, 0x6e, 0x6f, 0x74, 0x61, 0x74, 0x69, 0x6f, 0x6e, 0x3e,
  0x0d, 0x0a, 0x09, 0x09, 0x09, 0x3c, 0x78, 0x73, 0x3a, 0x64, 0x6f, 0x63, 0x75,
  0x6d, 0x65, 0x6e, 0x74, 0x61, 0x74, 0x69, 0x6f, 0x6e, 0x3e, 0xd0, 0xa1, 0xd0,
  0xb2, 0xd0, 0xb5, 0xd0, 0xb4, 0xd0, 0xb5, 0xd0, 0xbd, 0xd0, 0xb8, 0xd1, 0x8f,
  0x20, 0xd0, 0xbe, 0x20, 0xd0, 0xbf, 0xd0, 0xb5, 0xd1, 0x80, 0xd0, 0xb2, 0xd0,
  0xbe, 0xd0, 0xbd, 0xd0, 0xb0, 0xd1, 0x87, 0xd0, 0xb0, 0xd0, 0xbb, 0xd1, 0x8c,
  0xd0, 0xbd, 0xd0, 0xbe, 0xd0, 0xb9, 0x20, 0xd0, 0xb4, 0xd0, 0xbe, 0xd0, 0xb2,
  0xd0, 0xb5, 0xd1, 0x80, 0xd0, 0xb5, 0xd0, 0xbd, 0xd0, 0xbd, 0xd0, 0xbe, 0xd1,
  0x81, 0xd1, 0x82, 0xd0, 0xb8, 0x20, 0x28, 0xd0, 0xb8, 0xd0, 0xbb, 0xd0, 0xb8,
  0x20, 0xd0, 0xb4, 0xd0, 0xbe, 0xd0, 0xb2, 0xd0, 0xb5, 0xd1, 0x80, 0xd0, 0xb5,
  0xd0, 0xbd, 0xd0, 0xbd, 0xd0, 0xbe, 0xd1, 0x81, 0xd1, 0x82, 0xd0, 0xb8, 0x2c,
  0x20, 0xd0, 0xbd, 0xd0, 0xb0, 0x20, 0xd0, 0xbe, 0xd1, 0x81, 0xd0, 0xbd, 0xd0,
  0xbe, 0xd0, 0xb2, 0xd0, 0xb0, 0xd0, 0xbd, 0xd0, 0xb8, 0xd0, 0xb8, 0x20, 0xd0,
  0xba, 0xd0, 0xbe, 0xd1, 0x82, 0xd0, 0xbe, 0xd1, 0x80, 0xd0, 0xbe, 0xd0, 0xb9,
  0x20, 0xd0, 0xbe, 0xd1, 0x81, 0xd1, 0x83, 0xd1, 0x89, 0xd0, 0xb5, 0xd1, 0x81,
  0xd1, 0x82, 0xd0, 0xb2, 0xd0, 0xbb, 0xd1, 0x8f, 0xd0, 0xb5, 0xd1, 0x82, 0xd1,
  0x81, 0xd1, 0x8f, 0x20, 0xd0, 0xbf, 0xd0, 0xb5, 0xd1, 0x80, 0xd0, 0xb5, 0xd0,
  0xb4, 0xd0, 0xbe, 0xd0, 0xb2, 0xd0, 0xb5, 0xd1, 0x80, 0xd0, 0xb8, 0xd0, 0xb5,
  0x29, 0x3c, 0x2f, 0x78, 0x73, 0x3a, 0x64, 0x6f, 0x63, 0x75, 0x6d, 0x65, 0x6e,
  0x74, 0x61, 0x74, 0x69, 0x6f, 0x6e, 0x3e, 0x0d, 0x0a, 0x09, 0x09, 0x3c, 0x2f,
  0x78, 0x73, 0x3a, 0x61, 0x6e, 0x6e, 0x6f, 0x74, 0x61, 0x74, 0x69, 0x6f, 0x6e,
  0x3e, 0x0d, 0x0a, 0x09, 0x09, 0x3c, 0x78, 0x73, 0x3a, 0x73, 0x65, 0x71, 0x75,
  0x65, 0x6e, 0x63, 0x65, 0x3e, 0x0d, 0x0a, 0x09, 0x09, 0x09, 0x3c, 0x78, 0x73,
  0x3a, 0x65, 0x6c, 0x65, 0x6d, 0x65, 0x6e, 0x74, 0x20, 0x6e, 0x61, 0x6d, 0x65,
  0x3d, 0x22, 0xd0, 0xa1, 0xd0, 0xb2, 0xd0, 0x94, 0xd0, 0xbe, 0xd0, 0xb2, 0xd0,
  0xb5, 0xd1, 0x80, 0xd0, 0x9f, 0xd0, 0xb5, 0xd1, 0x80, 0xd0, 0xb2, 0x22, 0x20,
  0x6d, 0x69, 0x6e, 0x4f, 0x63, 0x63, 0x75, 0x72, 0x73, 0x3d, 0x22, 0x30, 0x22,
  0x20, 0x6d, 0x61, 0x78, 0x4f, 0x63, 0x63, 0x75, 0x72, 0x73, 0x3d, 0x22, 0x75,
  0x6e, 0x62, 0x6f, 0x75, 0x6e, 0x64, 0x65, 0x64, 0x22, 0x3e, 0x0d, 0x0a, 0x09,
  0x09, 0x09, 0x09, 0x3c, 0x78, 0x73, 0x3a, 0x61, 0x6e, 0x6e, 0x6f, 0x74, 0x61,
  0x74, 0x69, 0x6f, 0x6e, 0x3e, 0x0d, 0x0a, 0x09, 0x09, 0x09, 0x09, 0x09, 0x3c,
  0x78, 0x73, 0x3a, 0x64, 0x6f, 0x63, 0x75, 0x6d, 0x65, 0x6e, 0x74, 0x61, 0x74,
  0x69, 0x6f, 0x6e, 0x3e, 0xd0, 0xa1, 0xd0, 0xb2, 0xd0, 0xb5, 0xd0, 0xb4, 0xd0,
  0xb5, 0xd0, 0xbd, 0xd0, 0xb8, 0xd1, 0x8f, 0x20, 0xd0, 0xbe, 0x20, 0xd0, 0xb4,
  0xd0, 0xbe, 0xd0, 0xb2, 0xd0, 0xb5, 0xd1, 0x80, 0xd0, 0xb8, 0xd1, 0x82, 0xd0,
  0xb5, 0xd0, 0xbb, 0xd0, 0xb5, 0x20, 0x28, 0xd0, 0xb4, 0xd0, 0xbe, 0xd0, 0xb2,
  0xd0, 0xb5, 0xd1, 0x80, 0xd0, 0xb8, 0xd1, 0x82, 0xd0, 0xb5, 0xd0, 0xbb, 0xd1,
  0x8f, 0xd1, 0x85, 0x29, 0x20, 0xd0, 0xbf, 0xd0, 0xb5, 0xd1, 0x80, 0xd0, 0xb2,
  0xd0, 0xbe, 0xd0, 0xbd, 0xd0, 0xb0, 0xd1, 0x87, 0xd0, 0xb0, 0xd0, 0xbb, 0xd1,
  0x8c, 0xd0, 0xbd, 0xd0, 0xbe, 0xd0, 0xb9, 0x20, 0xd0, 0xb4, 0xd0, 0xbe, 0xd0,
  0xb2, 0xd0, 0xb5, 0xd1, 0x80, 0xd0, 0xb5, 0xd0, 0xbd, 0xd0, 0xbd, 0xd0, 0xbe,
  0xd1, 0x81, 0xd1, 0x82, 0xd0, 0xb8, 0x3c, 0x2f, 0x78, 0x73, 0x3a, 0x64, 0x6f,
  0x63, 0x75, 0x6d, 0x65, 0x6e, 0x74, 0x61, 0x74, 0x69, 0x6f, 0x6e, 0x3e, 0x0d,
  0x0a, 0x09, 0x09, 0x09, 0x09, 0x3c, 0x2f, 0x78, 0x73, 0x3a, 0x61, 0x6e, 0x6e,
  0x6f, 0x74, 0x61, 0x74, 0x69, 0x6f, 0x6e, 0x3e, 0x0d, 0x0a, 0x09, 0x09, 0x09,
  0x09, 0x3c, 0x78, 0x73, 0x3a, 0x63, 0x6f, 0x6d, 0x70, 0x6c, 0x65, 0x78, 0x54,
  0x79, 0x70, 0x65, 0x3e, 0x0d, 0x0a, 0x09, 0x09, 0x09, 0x09, 0x09, 0x3c, 0x78,
  0x73, 0x3a, 0x73, 0x65, 0x71, 0x75, 0x65, 0x6e, 0x63, 0x65, 0x3e, 0x0d, 0x0a,
  0x09, 0x09, 0x09, 0x09, 0x09, 0x09, 0x3c, 0x78, 0x73, 0x3a, 0x65, 0x6c, 0x65,
  0x6d, 0x65, 0x6e, 0x74, 0x20, 0x6e, 0x61, 0x6d, 0x65, 0x3d, 0x22, 0xd0, 0x94,
  0xd0, 0xbe, 0xd0, 0xb2, 0xd0, 0xb5, 0xd1, 0x80, 0xd0, 0xb8, 0xd1, 0x82, 0xd0,
  0x9f, 0xd0, 0xb5, 0xd1, 0x80, 0xd0, 0xb2, 0x22, 0x3e, 0x0d, 0x0a, 0x09, 0x09,
  0x09, 0x09, 0x09, 0x09, 0x09, 0x3c, 0x78, 0x73, 0x3a, 0x61, 0x6e, 0x6e, 0x6f,
  0x74, 0x61, 0x74, 0x69, 0x6f, 0x6e, 0x3e, 0x0d, 0x0a, 0x09, 0x09, 0x09, 0x09,
  0x09, 0x09, 0x09, 0x09, 0x3c, 0x78, 0x73, 0x3a, 0x64, 0x6f, 0x63, 0x75, 0x6d,
  0x65, 0x6e, 0x74, 0x61, 0x74, 0x69, 0x6f, 0x6e, 0x3e, 0xd0, 0xa1, 0xd0, 0xb2,
  0xd0, 0xb5, 0xd0, 0xb4, 0xd0, 0xb5, 0xd0, 0xbd, 0xd0, 0xb8, 0xd1, 0x8f, 0x20,
  0xd0, 0xbe, 0x20, 0xd0, 0xb4, 0xd0, 0xbe, 0xd0, 0xb2, 0xd0, 0xb5, 0xd1, 0x80,
  0xd0, 0xb8, 0xd1, 0x82, 0xd0, 0xb5, 0xd0, 0xbb, 0xd0, 0xb5, 0x20, 0xd0, 0xbf,
  0xd0, 0xb5, 0xd1, 0x80, 0xd0, 0xb2, 0xd0, 0xbe, 0xd0, 0xbd, 0xd0, 0xb0, 0xd1,
  0x87, 0xd0, 0xb0, 0xd0, 0xbb, 0xd1, 0x8c, 0xd0, 0xbd, 0xd0, 0xbe, 0xd0, 0xb9,
  0x20, 0xd0, 0xb4, 0xd0, 0xbe, 0xd0, 0xb2, 0xd0, 0xb5, 0xd1, 0x80, 0xd0, 0xb5,
  0xd0, 0xbd, 0xd0, 0xbd, 0xd0, 0xbe, 0xd1, 0x81, 0xd1, 0x82, 0xd0, 0xb8, 0x3c,
  0x2f, 0x78, 0x73, 0x3a, 0x64, 0x6f, 0x63, 0x75, 0x6d, 0x65, 0x6e, 0x74, 0x61,
  0x74, 0x69, 0x6f, 0x6e, 0x3e, 0x0d, 0x0a, 0x09, 0x09, 0x09, 0x09, 0x09, 0x09,
  0x09, 0x3c, 0x2f, 0x78, 0x73, 0x3a, 0x61, 0x6e, 0x6e, 0x6f, 0x74, 0x61, 0x74,
  0x69, 0x6f, 0x6e, 0x3e, 0x0d, 0x0a, 0x09, 0x09, 0x09, 0x09, 0x09, 0x09, 0x09,
  0x3c, 0x78, 0x73, 0x3a, 0x63, 0x6f, 0x6d, 0x70, 0x6c, 0x65, 0x78, 0x54, 0x79,
  0x70, 0x65, 0x3e, 0x0d, 0x0a, 0x09, 0x09, 0x09, 0x09, 0x09, 0x09, 0x09, 0x09,
  0x3c, 0x78, 0x73, 0x3a, 0x73, 0x65, 0x71, 0x75, 0x65, 0x6e, 0x63, 0x65, 0x3e,
  0x0d, 0x0a, 0x09, 0x09, 0x09, 0x09, 0x09, 0x09, 0x09, 0x09, 0x09, 0x3c, 0x78,
  0x73, 0x3a, 0x65, 0x6c, 0x65, 0x6d, 0x65, 0x6e, 0x74, 0x20, 0x6e, 0x61, 0x6d,
  0x65, 0x3d, 0x22, 0xd0, 0xa0, 0xd0, 0xbe, 0xd1, 0x81, 0xd0, 0x9e, 0xd1, 0x80,
  0xd0, 0xb3, 0xd0, 0x94, 0xd0, 0xbe, 0xd0, 0xb2, 0xd0, 0xb5, 0xd1, 0x80, 0x22,
  0x20, 0x74, 0x79, 0x70, 0x65, 0x3d, 0x22, 0xd0, 0xa1, 0xd0, 0xb2, 0xd0, 0x9e,
  0xd1, 0x80, 0xd0, 0xb3, 0xd0, 0xa2, 0xd0, 0xb8, 0xd0, 0xbf, 0x22, 0x20, 0x6d,
  0x69, 0x6e, 0x4f, 0x63, 0x63, 0x75, 0x72, 0x73, 0x3d, 0x22, 0x30, 0x22, 0x3e,
  0x0d, 0x0a, 0x09, 0x09, 0x09, 0x09, 0x09, 0x09, 0x09, 0x09, 0x09, 0x09, 0x3c,
  0x78, 0x73, 0x3a, 0x61, 0x6e, 0x6e, 0x6f, 0x74, 0x61, 0x74, 0x69, 0x6f, 0x6e,
  0x3e, 0x0d, 0x0a, 0x09, 0x09, 0x09, 0x09, 0x09, 0x09, 0x09, 0x09, 0x09, 0x09,
  0x09, 0x3c, 0x78, 0x73, 0x3a, 0x64, 0x6f, 0x63, 0x75, 0x6d, 0x65, 0x6e, 0x74,
  0x61, 0x74, 0x69, 0x6f, 0x6e, 0x3e, 0xd0, 0xa1, 0xd0, 0xb2, 0xd0, 0xb5, 0xd0,
  0xb4, 0xd0, 0xb5, 0xd0, 0xbd, 0xd0, 0xb8, 0xd1, 0x8f, 0x20, 0xd0, 0xbe, 0x20,
  0xd1, 0x8e, 0xd1, 0x80, 0xd0, 0xb8, 0xd0, 0xb4, 0xd0, 0xb8, 0xd1, 0x87, 0xd0,
  0xb5, 0xd1, 0x81, 0xd0, 0xba, 0xd0, 0xbe, 0xd0, 0xbc, 0x20, 0xd0, 0xbb, 0xd0,
  0xb8, 0xd1, 0x86, 0xd0, 0xb5, 0x3c, 0x2f, 0x78, 0x73, 0x3a, 0x64, 0x6f, 0x63,
  0x75, 0x6d, 0x65, 0x6e, 0x74, 0x61, 0x74, 0x69, 0x6f, 0x6e, 0x3e, 0x0d, 0x0a,
  0x09, 0x09, 0x09, 0x09, 0x09, 0x09, 0x09, 0x09, 0x09, 0x09, 0x3c, 0x2f, 0x78,
  0x73, 0x3a, 0x61, 0x6e, 0x6e, 0x6f, 0x74, 0x61, 0x74, 0x69, 0x6f, 0x6e, 0x3e,
  0x0d, 0x0a, 0x09, 0x09, 0x09, 0x09, 0x09, 0x09, 0x09, 0x09, 0x09, 0x3c, 0x2f,
  0x78, 0x73, 0x3a, 0x65, 0x6c, 0x65, 0x6d, 0x65, 0x6e, 0x74, 0x3e, 0x0d, 0x0a,
  0x09, 0x09, 0x09, 0x09, 0x09, 0x09, 0x09, 0x09, 0x09, 0x3c, 0x78, 0x73, 0x3a,
  0x65, 0x6c, 0x65, 0x6d, 0x65, 0x6e, 0x74, 0x20, 0x6e, 0x61, 0x6d, 0x65, 0x3d,
  0x22, 0xd0, 0x98, 0xd0, 0xbd, 0xd0, 0x9e, 0xd1, 0x80, 0xd0, 0xb3, 0xd0, 0x94,
  0xd0, 0xbe, 0xd0, 0xb2, 0xd0, 0xb5, 0xd1, 0x80, 0x22, 0x20, 0x74, 0x79, 0x70,
  0x65, 0x3d, 0x22, 0xd0, 0xa1, 0xd0, 0xb2, 0xd0, 0x98, 0xd0, 0xbd, 0xd0, 0x9e,
  0xd1, 0x80, 0xd0, 0xb3, 0xd0, 0xa2, 0xd0, 0xb8, 0xd0, 0xbf, 0x22, 0x20, 0x6d,
  0x69, 0x6e, 0x4f, 0x63, 0x63, 0x75, 0x72, 0x73, 0x3d, 0x22, 0x30, 0x22, 0x3e,
  0x0d, 0x0a, 0x09, 0x09, 0x09, 0x09, 0x09, 0x09, 0x09, 0x09, 0x09, 0x09, 0x3c,
  0x78, 0x73, 0x3a, 0x61, 0x6e, 0x6e, 0x6f, 0x74, 0x61, 0x74, 0x69, 0x6f, 0x6e,
  0x3e, 0x0d, 0x0a, 0x09, 0x09, 0x09, 0x09, 0x09, 0x09, 0x09, 0x09, 0x09, 0x09,
  0x09, 0x3c, 0x78, 0x73, 0x3a, 0x64, 0x6f, 0x63, 0x75, 0x6d, 0x65, 0x6e, 0x74,
  0x61, 0x74, 0x69, 0x6f, 0x6e, 0x3e, 0xd0, 0xa1, 0xd0, 0xb2, 0xd0, 0xb5, 0xd0,
  0xb4, 0xd0, 0xb5, 0xd0, 0xbd, 0xd0, 0xb8, 0xd1, 0x8f, 0x20, 0xd0, 0xbe, 0xd0,
  0xb1, 0x20, 0xd0, 0xb8, 0xd0, 0xbd, 0xd0, 0xbe, 0xd1, 0x81, 0xd1, 0x82, 0xd1,
  0x80, 0xd0, 0xb0, 0xd0, 0xbd, 0xd0, 0xbd, 0xd0, 0xbe, 0xd0, 0xbc, 0x20, 0xd1,
  0x8e, 0xd1, 0x80, 0xd0, 0xb8, 0xd0, 0xb4, 0xd0, 0xb8, 0xd1, 0x87, 0xd0, 0xb5,
  0xd1, 0x81, 0xd0, 0xba, 0xd0, 0xbe, 0xd0, 0xbc, 0x20, 0xd0, 0xbb, 0xd0, 0xb8,
  0xd1, 0x86, 0xd0, 0xb5, 0x3c, 0x2f, 0x78, 0x73, 0x3a, 0x64, 0x6f, 0x63, 0x75,
  0x6d, 0x65, 0x6e, 0x74, 0x61, 0x74, 0x69, 0x6f, 0x6e, 0x3e, 0x0d, 0x0a, 0x09,
  0x09, 0x09, 0x09, 0x09, 0x09, 0x09, 0x09, 0x09, 0x09, 0x3c, 0x2f, 0x78, 0x73,
  0x3a, 0x61, 0x6e, 0x6e, 0x6f, 0x74, 0x61, 0x74, 0x69, 0x6f, 0x6e, 0x3e, 0x0d,
  0x0a, 0x09, 0x09, 0x09, 0x09, 0x09, 0x09, 0x09, 0x09, 0x09, 0x3c, 0x2f, 0x78,
  0x73, 0x3a, 0x65, 0x6c, 0x65, 0x6d, 0x65, 0x6e, 0x74, 0x3e, 0x0d, 0x0a, 0x09,
  0x09, 0x09, 0x09, 0x09, 0x09, 0x09, 0x09, 0x09, 0x3c, 0x78, 0x73, 0x3a, 0x65,
  0x6c, 0x65, 0x6d, 0x65, 0x6e, 0x74, 0x20, 0x6e, 0x61, 0x6d, 0x65, 0x3d, 0x22,
  0xd0, 0x98, 0xd0, 0x9f, 0xd0, 0x94, 0xd0, 0xbe, 0xd0, 0xb2, 0xd0, 0xb5, 0xd1,
  0x80, 0x22, 0x20, 0x74, 0x79, 0x70, 0x65, 0x3d, 0x22, 0xd0, 0xa1, 0xd0, 0xb2,
  0xd0, 0xb5, 0xd0, 0xb4, 0xd0, 0x98, 0xd0, 0x9f, 0xd0, 0xa2, 0xd0, 0xb8, 0xd0,
  0xbf, 0x22, 0x20, 0x6d, 0x69, 0x6e, 0x4f, 0x63, 0x63, 0x75, 0x72, 0x73, 0x3d,
  0x22, 0x30, 0x22, 0x3e, 0x0d, 0x0a, 0x09, 0x09, 0x09, 0x09, 0x09, 0x09, 0x09,
  0x09, 0x09, 0x09, 0x3c, 0x78, 0x73, 0x3a, 0x61, 0x6e, 0x6e, 0x6f, 0x74, 0x61,
  0x74, 0x69, 0x6f, 0x6e, 0x3e, 0x0d, 0x0a, 0x09, 0x09, 0x09, 0x09, 0x09, 0x09,
  0x09, 0x09, 0x09, 0x09, 0x09, 0x3c, 0x78, 0x73, 0x3a, 0x64, 0x6f, 0x63, 0x75,
  0x6d, 0x65, 0x6e, 0x74, 0x61, 0x74, 0x69, 0x6f, 0x6e, 0x3e, 0xd0, 0xa1, 0xd0,
  0xb2, 0xd0, 0xb5, 0xd0, 0xb4, 0xd0, 0xb5, 0xd0, 0xbd, 0xd0, 0xb8, 0xd1, 0x8f,
  0x20, 0xd0, 0xbe, 0xd0, 0xb1, 0x20, 0xd0, 0xb8, 0xd0, 0xbd, 0xd0, 0xb4, 0xd0,
  0xb8, 0xd0, 0xb2, 0xd0, 0xb8, 0xd0, 0xb4, 0xd1, 0x83, 0xd0, 0xb0, 0xd0, 0xbb,
  0xd1, 0x8c, 0xd0, 0xbd, 0xd0, 0xbe, 0xd0, 0xbc, 0x20, 0xd0, 0xbf, 0xd1, 0x80,
  0xd0, 0xb5, 0xd0, 0xb4, 0xd0, 0xbf, 0xd1, 0x80, 0xd0, 0xb8, 0xd0, 0xbd, 0xd0,
  0xb8, 0xd0, 0xbc, 0xd0, 0xb0, 0xd1, 0x82, 0xd0, 0xb5, 0xd0, 0xbb, 0xd0, 0xb5,
  0x3c, 0x2f, 0x78, 0x73, 0x3a, 0x64, 0x6f, 0x63, 0x75, 0x6d, 0x65, 0x6e, 0x74,
  0x61, 0x74, 0x69, 0x6f, 0x6e, 0x3e, 0x0d, 0x0a, 0x09, 0x09, 0x09, 0x09, 0x09,
  0x09, 0x09, 0x09, 0x09, 0x09, 0x3c, 0x2f, 0x78, 0x73, 0x3a, 0x61, 0x6e, 0x6e,
  0x6f, 0x74, 0x61, 0x74, 0x69, 0x6f, 0x6e, 0x3e, 0x0d, 0x0a, 0x09, 0x09, 0x09,
  0x09, 0x09, 0x09, 0x09, 0x09, 0x09, 0x3c, 0x2f, 0x78, 0x73, 0x3a, 0x65, 0x6c,
  0x65, 0x6d, 0x65, 0x6e, 0x74, 0x3e, 0x0d, 0x0a, 0x09, 0x09, 0x09, 0x09, 0x09,
  0x09, 0x09, 0x09, 0x09, 0x3c, 0x78, 0x73, 0x3a, 0x65, 0x6c, 0x65, 0x6d, 0x65,
  0x6e, 0x74, 0x20, 0x6e, 0x61, 0x6d, 0x65, 0x3d, 0x22, 0xd0, 0xa4, 0xd0, 0x9b,
  0xd0, 0x94, 0xd0, 0xbe, 0xd0, 0xb2, 0xd0, 0xb5, 0xd1, 0x80, 0x22, 0x20, 0x74,
  0x79, 0x70, 0x65, 0x3d, 0x22, 0xd0, 0xa4, 0xd0, 0x9b, 0xd0, 0x94, 0xd0, 0xbe,
  0xd0, 0xb2, 0xd0, 0xb5, 0xd1, 0x80, 0xd0, 0xa2, 0xd0, 0xb8, 0xd0, 0xbf, 0x22,
  0x20, 0x6d, 0x69, 0x6e, 0x4f, 0x63, 0x63, 0x75, 0x72, 0x73, 0x3d, 0x22, 0x30,
  0x22, 0x3e, 0x0d, 0x0a, 0x09, 0x09, 0x09, 0x09, 0x09, 0x09, 0x09, 0x09, 0x09,
  0x09, 0x3c, 0x78, 0x73, 0x3a, 0x61, 0x6e, 0x6e, 0x6f, 0x74, 0x61, 0x74, 0x69,
  0x6f, 0x6e, 0x3e, 0x0d, 0x0a, 0x09, 0x09, 0x09, 0x09, 0x09, 0x09, 0x09, 0x09,
  0x09, 0x09, 0x09, 0x3c, 0x78, 0x73, 0x3a, 0x64, 0x6f, 0x63, 0x75, 0x6d, 0x65,
  0x6e, 0x74, 0x61, 0x74, 0x69, 0x6f, 0x6e, 0x3e, 0xd0, 0xa1, 0xd0, 0xb2, 0xd0,
  0xb5, 0xd0, 0xb4, 0xd0, 0xb5, 0xd0, 0xbd, 0xd0, 0xb8, 0xd1, 0x8f, 0x20, 0xd0,
  0xbe, 0x20, 0xd1, 0x84, 0xd0, 0xb8, 0xd0, 0xb7, 0xd0, 0xb8, 0xd1, 0x87, 0xd0,
  0xb5, 0xd1, 0x81, 0xd0, 0xba, 0xd0, 0xbe, 0xd0, 0xbc, 0x20, 0xd0, 0xbb, 0xd0,
  0xb8, 0xd1, 0x86, 0xd0, 0xb5, 0x3c, 0x2f, 0x78, 0x73, 0x3a, 0x64, 0x6f, 0x63,
  0x75, 0x6d, 0x65, 0x6e, 0x74, 0x61, 0x74, 0x69, 0x6f, 0x6e, 0x3e, 0x0d, 0x0a,
  0x09, 0x09, 0x09, 0x09, 0x09, 0x09, 0x09, 0x09, 0x09, 0x09, 0x3c, 0x2f, 0x78,
  0x73, 0x3a, 0x61, 0x6e, 0x6e, 0x6f, 0x74, 0x61, 0x74, 0x69, 0x6f, 0x6e, 0x3e,
  0x0d, 0x0a, 0x09, 0x09, 0x09, 0x09, 0x09, 0x09, 0x09, 0x09, 0x09, 0x3c, 0x2f,
  0x78, 0x73, 0x3a, 0x65, 0x6c, 0x65, 0x6d, 0x65, 0x6e, 0x74, 0x3e, 0x0d, 0x0a,
  0x09, 0x09, 0x09, 0x09, 0x09, 0x09, 0x09, 0x09, 0x3c, 0x2f, 0x78, 0x73, 0x3a,
  0x73, 0x65, 0x71, 0x75, 0x65, 0x6e, 0x63, 0x65, 0x3e, 0x0d, 0x0a, 0x09, 0x09,
  0x09, 0x09, 0x09, 0x09, 0x09, 0x3c, 0x2f, 0x78, 0x73, 0x3a, 0x63, 0x6f, 0x6d,
  0x70, 0x6c, 0x65, 0x78, 0x54, 0x79, 0x70, 0x65, 0x3e, 0x0d, 0x0a, 0x09, 0x09,
  0x09, 0x09, 0x09, 0x09, 0x3c, 0x2f, 0x78, 0x73, 0x3a, 0x65, 0x6c, 0x65, 0x6d,
  0x65, 0x6e, 0x74, 0x3e, 0x0d, 0x0a, 0x09, 0x09, 0x09, 0x09, 0x09, 0x3c, 0x2f,
  0x78, 0x73, 0x3a, 0x73, 0x65, 0x71, 0x75, 0x65, 0x6e, 0x63, 0x65, 0x3e, 0x0d,
  0x0a, 0x09, 0x09, 0x09, 0x09, 0x09, 0x3c, 0x78, 0x73, 0x3a, 0x61, 0x74, 0x74,
  0x72, 0x69, 0x62, 0x75, 0x74, 0x65, 0x20, 0x6e, 0x61, 0x6d, 0x65, 0x3d, 0x22,
  0xd0, 0xa2, 0xd0, 0xb8, 0xd0, 0xbf, 0xd0, 0x94, 0xd0, 0xbe, 0xd0, 0xb2, 0xd0,
  0xb5, 0xd1, 0x80, 0xd0, 0xb8, 0xd1, 0x82, 0x22, 0x20, 0x75, 0x73, 0x65, 0x3d,
  0x22, 0x72, 0x65, 0x71, 0x75, 0x69, 0x72, 0x65, 0x64, 0x22, 0x3e, 0x0d, 0x0a,
  0x09, 0x09, 0x09, 0x09, 0x09, 0x09, 0x3c, 0x78, 0x73, 0x3a, 0x61, 0x6e, 0x6e,
  0x6f, 0x74, 0x61, 0x74, 0x69, 0x6f, 0x6e, 0x3e, 0x0d, 0x0a, 0x09, 0x09, 0x09,
  0x09, 0x09, 0x09, 0x09, 0x3c, 0x78, 0x73, 0x3a, 0x64, 0x6f, 0x63, 0x75, 0x6d,
  0x65, 0x6e, 0x74, 0x61, 0x74, 0x69, 0x6f, 0x6e, 0x3e, 0xd0, 0xa2, 0xd0, 0xb8,
  0xd0, 0xbf, 0x20, 0xd0, 0xb4, 0xd0, 0xbe, 0xd0, 0xb2, 0xd0, 0xb5, 0xd1, 0x80,
  0xd0, 0xb8, 0xd1, 0x82, 0xd0, 0xb5, 0xd0, 0xbb, 0xd1, 0x8f, 0x3c, 0x2f, 0x78,
  0x73, 0x3a, 0x64, 0x6f, 0x63, 0x75, 0x6d, 0x65, 0x6e, 0x74, 0x61, 0x74, 0x69,
  0x6f, 0x6e, 0x3e, 0x0d, 0x0a, 0x09, 0x09, 0x09, 0x09, 0x09, 0x09, 0x3c, 0x2f,
  0x78, 0x73, 0x3a, 0x61, 0x6e, 0x6e, 0x6f, 0x74, 0x61, 0x74, 0x69, 0x6f, 0x6e,
  0x3e, 0x0d, 0x0a, 0x09, 0x09, 0x09, 0x09, 0x09, 0x09, 0x3c, 0x78, 0x73, 0x3a,
  0x73, 0x69, 0x6d, 0x70, 0x6c, 0x65, 0x54, 0x79, 0x70, 0x65, 0x3e, 0x0d, 0x0a,
  0x09, 0x09, 0x09, 0x09, 0x09, 0x09, 0x09, 0x3c, 0x78, 0x73, 0x3a, 0x72, 0x65,
  0x73, 0x74, 0x72, 0x69, 0x63, 0x74, 0x69, 0x6f, 0x6e, 0x20, 0x62, 0x61, 0x73,
  0x65, 0x3d, 0x22, 0x78, 0x73, 0x3a, 0x73, 0x74, 0x72, 0x69, 0x6e, 0x67, 0x22,
  0x3e, 0x0d, 0x0a, 0x09, 0x09, 0x09, 0x09, 0x09, 0x09, 0x09, 0x09, 0x3c, 0x78,
  0x73, 0x3a, 0x6c, 0x65, 0x6e, 0x67, 0x74, 0x68, 0x20, 0x76, 0x61, 0x6c, 0x75,
  0x65, 0x3d, 0x22, 0x31, 0x22, 0x2f, 0x3e, 0x0d, 0x0a, 0x09, 0x09, 0x09, 0x09,
  0x09, 0x09, 0x09, 0x09, 0x3c, 0x78, 0x73, 0x3a, 0x65, 0x6e, 0x75, 0x6d, 0x65,
  0x72, 0x61, 0x74, 0x69, 0x6f, 0x6e, 0x20, 0x76, 0x61, 0x6c, 0x75, 0x65, 0x3d,
  0x22, 0x31, 0x22, 0x2f, 0x3e, 0x0d, 0x0a, 0x09, 0x09, 0x09, 0x09, 0x09, 0x09,
  0x09, 0x09, 0x3c, 0x78, 0x73, 0x3a, 0x65, 0x6e, 0x75, 0x6d, 0x65, 0x72, 0x61,
  0x74, 0x69, 0x6f, 0x6e, 0x20, 0x76, 0x61, 0x6c, 0x75, 0x65, 0x3d, 0x22, 0x32,
  0x22, 0x2f, 0x3e, 0x0d, 0x0a, 0x09, 0x09, 0x09, 0x09, 0x09, 0x09, 0x09, 0x09,
  0x3c, 0x78, 0x73, 0x3a, 0x65, 0x6e, 0x75, 0x6d, 0x65, 0x72, 0x61, 0x74, 0x69,
  0x6f, 0x6e, 0x20, 0x76, 0x61, 0x6c, 0x75, 0x65, 0x3d, 0x22, 0x33, 0x22, 0x2f,
  0x3e, 0x0d, 0x0a, 0x09, 0x09, 0x09, 0x09, 0x09, 0x09, 0x09, 0x09, 0x3c, 0x78,
  0x73, 0x3a, 0x65, 0x6e, 0x75, 0x6d, 0x65, 0x72, 0x61, 0x74, 0x69, 0x6f, 0x6e,
  0x20, 0x76, 0x61, 0x6c, 0x75, 0x65, 0x3d, 0x22, 0x34, 0x22, 0x2f, 0x3e, 0x0d,
  0x0a, 0x09, 0x09, 0x09, 0x09, 0x09, 0x09, 0x09, 0x3c, 0x2f, 0x78, 0x73, 0x3a,
  0x72, 0x65, 0x73, 0x74, 0x72, 0x69, 0x63, 0x74, 0x69, 0x6f, 0x6e, 0x3e, 0x0d,
  0x0a, 0x09, 0x09, 0x09, 0x09, 0x09, 0x09, 0x3c, 0x2f, 0x78, 0x73, 0x3a, 0x73,
  0x69, 0x6d, 0x70, 0x6c, 0x65, 0x54, 0x79, 0x70, 0x65, 0x3e, 0x0d, 0x0a, 0x09,
  0x09, 0x09, 0x09, 0x09, 0x3c, 0x2f, 0x78, 0x73, 0x3a, 0x61, 0x74, 0x74, 0x72,
  0x69, 0x62, 0x75, 0x74, 0x65, 0x3e, 0x0d, 0x0a, 0x09, 0x09, 0x09, 0x09, 0x3c,
  0x2f, 0x78, 0x73, 0x3a, 0x63, 0x6f, 0x6d, 0x70, 0x6c, 0x65, 0x78, 0x54, 0x79,
  0x70, 0x65, 0x3e, 0x0d, 0x0a, 0x09, 0x09, 0x09, 0x3c, 0x2f, 0x78, 0x73, 0x3a,
  0x65, 0x6c, 0x65, 0x6d, 0x65, 0x6e, 0x74, 0x3e, 0x0d, 0x0a, 0x09, 0x09, 0x09,
  0x3c, 0x78, 0x73, 0x3a, 0x65, 0x6c, 0x65, 0x6d, 0x65, 0x6e, 0x74, 0x20, 0x6e,
  0x61, 0x6d, 0x65, 0x3d, 0x22, 0xd0, 0xa1, 0xd0, 0xb2, 0xd0, 0x9d, 0xd0, 0xbe,
  0xd1, 0x82, 0xd0, 0x94, 0xd0, 0xb5, 0xd0, 0xb9, 0xd1, 0x81, 0xd1, 0x82, 0xd0,
  0xb2, 0x22, 0x20, 0x74, 0x79, 0x70, 0x65, 0x3d, 0x22, 0xd0, 0xa1, 0xd0, 0xb2,
  0xd0, 0x9d, 0xd0, 0xbe, 0xd1, 0x82, 0xd0, 0x94, 0xd0, 0xb5, 0xd0, 0xb9, 0xd1,
  0x81, 0xd1, 0x82, 0xd0, 0xb2, 0xd0, 0xa2, 0xd0, 0xb8, 0xd0, 0xbf, 0x22, 0x20,
  0x6d, 0x69, 0x6e, 0x4f, 0x63, 0x63, 0x75, 0x72, 0x73, 0x3d, 0x22, 0x30, 0x22,
  0x3e, 0x0d, 0x0a, 0x09, 0x09, 0x09, 0x09, 0x3c, 0x78, 0x73, 0x3a, 0x61, 0x6e,
  0x6e, 0x6f, 0x74, 0x61, 0x74, 0x69, 0x6f, 0x6e, 0x3e, 0x0d, 0x0a, 0x09, 0x09,
  0x09, 0x09, 0x09, 0x3c, 0x78, 0x73, 0x3a, 0x64, 0x6f, 0x63, 0x75, 0x6d, 0x65,
  0x6e, 0x74, 0x61, 0x74, 0x69, 0x6f, 0x6e, 0x3e, 0xd0, 0xa1, 0xd0, 0xb2, 0xd0,
  0xb5, 0xd0, 0xb4, 0xd0, 0xb5, 0xd0, 0xbd, 0xd0, 0xb8, 0xd1, 0x8f, 0x20, 0xd0,
  0xbe, 0x20, 0xd0, 0xbd, 0xd0, 0xbe, 0xd1, 0x82, 0xd0, 0xb0, 0xd1, 0x80, 0xd0,
  0xb8, 0xd1, 0x83, 0xd1, 0x81, 0xd0, 0xb5, 0x2c, 0x20, 0xd1, 0x81, 0xd0, 0xbe,
  0xd0, 0xb2, 0xd0, 0xb5, 0xd1, 0x80, 0xd1, 0x88, 0xd0, 0xb8, 0xd0, 0xb2, 0xd1,
  0x88, 0xd0, 0xb5, 0xd0, 0xbc, 0x20, 0xd0, 0xbd, 0xd0, 0xbe, 0xd1, 0x82, 0xd0,
  0xb0, 0xd1, 0x80, 0xd0, 0xb8, 0xd0, 0xb0, 0xd0, 0xbb, 0xd1, 0x8c, 0xd0, 0xbd,
  0xd0, 0xbe, 0xd0, 0xb5, 0x20, 0xd0, 0xb4, 0xd0, 0xb5, 0xd0, 0xb9, 0xd1, 0x81,
  0xd1, 0x82, 0xd0, 0xb2, 0xd0, 0xb8, 0xd0, 0xb5, 0x3c, 0x2f, 0x78, 0x73, 0x3a,
  0x64, 0x6f, 0x63, 0x75, 0x6d, 0x65, 0x6e, 0x74, 0x61, 0x74, 0x69, 0x6f, 0x6e,
  0x3e, 0x0d, 0x0a, 0x09, 0x09, 0x09, 0x09, 0x3c, 0x2f, 0x78, 0x73, 0x3a, 0x61,
  0x6e, 0x6e, 0x6f, 0x74, 0x61, 0x74, 0x69, 0x6f, 0x6e, 0x3e, 0x0d, 0x0a, 0x09,
  0x09, 0x09, 0x3c, 0x2f, 0x78, 0x73, 0x3a, 0x65, 0x6c, 0x65, 0x6d, 0x65, 0x6e,
  0x74, 0x3e, 0x0d, 0x0a, 0x09, 0x09, 0x09, 0x3c, 0x78, 0x73, 0x3a, 0x65, 0x6c,
  0x65, 0x6d, 0x65, 0x6e, 0x74, 0x20, 0x6e, 0x61, 0x6d, 0x65, 0x3d, 0x22, 0xd0,
  0x92, 0xd1, 0x80, 0xd0, 0xb8, 0xd0, 0xbe, 0xd0, 0x9d, 0xd0, 0xbe, 0xd1, 0x82,
  0x22, 0x20, 0x74, 0x79, 0x70, 0x65, 0x3d, 0x22, 0xd0, 0x92, 0xd1, 0x80, 0xd0,
  0xb8, 0xd0, 0xbe, 0xd0, 0x9d, 0xd0, 0xbe, 0xd1, 0x82, 0xd0, 0xa2, 0xd0, 0xb8,
  0xd0, 0xbf, 0x22, 0x20, 0x6d, 0x69, 0x6e, 0x4f, 0x63, 0x63, 0x75, 0x72, 0x73,
  0x3d, 0x22, 0x30, 0x22, 0x3e, 0x0d, 0x0a, 0x09, 0x09, 0x09, 0x09, 0x3c, 0x78,
  0x73, 0x3a, 0x61, 0x6e, 0x6e, 0x6f, 0x74, 0x61, 0x74, 0x69, 0x6f, 0x6e, 0x3e,
  0x0d, 0x0a, 0x09, 0x09, 0x09, 0x09, 0x09, 0x3c, 0x78, 0x73, 0x3a, 0x64, 0x6f,
  0x63, 0x75, 0x6d, 0x65, 0x6e, 0x74, 0x61, 0x74, 0x69, 0x6f, 0x6e, 0x3e, 0xd0,
  0x92, 0xd0, 0xa0, 0xd0, 0x98, 0xd0, 0x9e, 0x20, 0xd0, 0xbd, 0xd0, 0xbe, 0xd1,
  0x82, 0xd0, 0xb0, 0xd1, 0x80, 0xd0, 0xb8, 0xd1, 0x83, 0xd1, 0x81, 0xd0, 0xb0,
  0x3c, 0x2f, 0x78, 0x73, 0x3a, 0x64, 0x6f, 0x63, 0x75, 0x6d, 0x65, 0x6e, 0x74,
  0x61, 0x74, 0x69, 0x6f, 0x6e, 0x3e, 0x0d, 0x0a, 0x09, 0x09, 0x09, 0x09, 0x3c,
  0x2f, 0x78, 0x73, 0x3a, 0x61, 0x6e, 0x6e, 0x6f, 0x74, 0x61, 0x74, 0x69, 0x6f,
  0x6e, 0x3e, 0x0d, 0x0a, 0x09, 0x09, 0x09, 0x3c, 0x2f, 0x78, 0x73, 0x3a, 0x65,
  0x6c, 0x65, 0x6d, 0x65, 0x6e, 0x74, 0x3e, 0x0d, 0x0a, 0x09, 0x09, 0x3c, 0x2f,
  0x78, 0x73, 0x3a, 0x73, 0x65, 0x71, 0x75, 0x65, 0x6e, 0x63, 0x65, 0x3e, 0x0d,
  0x0a, 0x09, 0x09, 0x3c, 0x78, 0x73, 0x3a, 0x61, 0x74, 0x74, 0x72, 0x69, 0x62,
  0x75, 0x74, 0x65, 0x20, 0x6e, 0x61, 0x6d, 0x65, 0x3d, 0x22, 0xd0, 0x9f, 0xd1,
  0x80, 0xd0, 0x94, 0xd0, 0xbe, 0xd0, 0xb2, 0xd0, 0xb5, 0xd1, 0x80, 0x22, 0x20,
  0x75, 0x73, 0x65, 0x3d, 0x22, 0x72, 0x65, 0x71, 0x75, 0x69, 0x72, 0x65, 0x64,
  0x22, 0x3e, 0x0d, 0x0a, 0x09, 0x09, 0x09, 0x3c, 0x78, 0x73, 0x3a, 0x61, 0x6e,
  0x6e, 0x6f, 0x74, 0x61, 0x74, 0x69, 0x6f, 0x6e, 0x3e, 0x0d, 0x0a, 0x09, 0x09,
  0x09, 0x09, 0x3c, 0x78, 0x73, 0x3a, 0x64, 0x6f, 0x63, 0x75, 0x6d, 0x65, 0x6e,
  0x74, 0x61, 0x74, 0x69, 0x6f, 0x6e, 0x3e, 0xd0, 0x9f, 0xd1, 0x80, 0xd0, 0xb8,
  0xd0, 0xb7, 0xd0, 0xbd, 0xd0, 0xb0, 0xd0, 0xba, 0x20, 0xd0, 0xb4, 0xd0, 0xbe,
  0xd0, 0xb2, 0xd0, 0xb5, 0xd1, 0x80, 0xd0, 0xb5, 0xd0, 0xbd, 0xd0, 0xbd, 0xd0,
  0xbe, 0xd1, 0x81, 0xd1, 0x82, 0xd0, 0xb8, 0x3c, 0x2f, 0x78, 0x73, 0x3a, 0x64,
  0x6f, 0x63, 0x75, 0x6d, 0x65, 0x6e, 0x74, 0x61, 0x74, 0x69, 0x6f, 0x6e, 0x3e,
  0x0d, 0x0a, 0x09, 0x09, 0x09, 0x3c, 0x2f, 0x78, 0x73, 0x3a, 0x61, 0x6e, 0x6e,
  0x6f, 0x74, 0x61, 0x74, 0x69, 0x6f, 0x6e, 0x3e, 0x0d, 0x0a, 0x09, 0x09, 0x09,
  0x3c, 0x78, 0x73, 0x3a, 0x73, 0x69, 0x6d, 0x70, 0x6c, 0x65, 0x54, 0x79, 0x70,
  0x65, 0x3e, 0x0d, 0x0a, 0x09, 0x09, 0x09, 0x09, 0x3c, 0x78, 0x73, 0x3a, 0x72,
  0x65, 0x73, 0x74, 0x72, 0x69, 0x63, 0x74, 0x69, 0x6f, 0x6e, 0x20, 0x62, 0x61,
  0x73, 0x65, 0x3d, 0x22, 0x78, 0x73, 0x3a, 0x73, 0x74, 0x72, 0x69, 0x6e, 0x67,
  0x22, 0x3e, 0x0d, 0x0a, 0x09, 0x09, 0x09, 0x09, 0x09, 0x3c, 0x78, 0x73, 0x3a,
  0x6c, 0x65, 0x6e, 0x67, 0x74, 0x68, 0x20, 0x76, 0x61, 0x6c, 0x75, 0x65, 0x3d,
  0x22, 0x31, 0x22, 0x2f, 0x3e, 0x0d, 0x0a, 0x09, 0x09, 0x09, 0x09, 0x09, 0x3c,
  0x78, 0x73, 0x3a, 0x65, 0x6e, 0x75, 0x6d, 0x65, 0x72, 0x61, 0x74, 0x69, 0x6f,
  0x6e, 0x20, 0x76, 0x61, 0x6c, 0x75, 0x65, 0x3d, 0x22, 0x31, 0x22, 0x2f, 0x3e,
  0x0d, 0x0a, 0x09, 0x09, 0x09, 0x09, 0x09, 0x3c, 0x78, 0x73, 0x3a, 0x65, 0x6e,
  0x75, 0x6d, 0x65, 0x72, 0x61, 0x74, 0x69, 0x6f, 0x6e, 0x20, 0x76, 0x61, 0x6c,
  0x75, 0x65, 0x3d, 0x22, 0x32, 0x22, 0x2f, 0x3e, 0x0d, 0x0a, 0x09, 0x09, 0x09,
  0x09, 0x3c, 0x2f, 0x78, 0x73, 0x3a, 0x72, 0x65, 0x73, 0x74, 0x72, 0x69, 0x63,
  0x74, 0x69, 0x6f, 0x6e, 0x3e, 0x0d, 0x0a, 0x09, 0x09, 0x09, 0x3c, 0x2f, 0x78,
  0x73, 0x3a, 0x73, 0x69, 0x6d, 0x70, 0x6c, 0x65, 0x54, 0x79, 0x70, 0x65, 0x3e,
  0x0d, 0x0a, 0x09, 0x09, 0x3c, 0x2f, 0x78, 0x73, 0x3a, 0x61, 0x74, 0x74, 0x72,
  0x69, 0x62, 0x75, 0x74, 0x65, 0x3e, 0x0d, 0x0a, 0x09, 0x09, 0x3c, 0x78, 0x73,
  0x3a, 0x61, 0x74, 0x74, 0x72, 0x69, 0x62, 0x75, 0x74, 0x65, 0x20, 0x6e, 0x61,
  0x6d, 0x65, 0x3d, 0x22, 0xd0, 0xa4, 0xd0, 0xbe, 0xd1, 0x80, 0xd0, 0xbc, 0xd0,
  0x94, 0xd0, 0xbe, 0xd0, 0xb2, 0xd0, 0xb5, 0xd1, 0x80, 0x22, 0x20, 0x75, 0x73,
  0x65, 0x3d, 0x22, 0x72, 0x65, 0x71, 0x75, 0x69, 0x72, 0x65, 0x64, 0x22, 0x3e,
  0x0d, 0x0a, 0x09, 0x09, 0x09, 0x3c, 0x78, 0x73, 0x3a, 0x61, 0x6e, 0x6e, 0x6f,
  0x74, 0x61, 0x74, 0x69, 0x6f, 0x6e, 0x3e, 0x0d, 0x0a, 0x09, 0x09, 0x09, 0x09,
  0x3c, 0x78, 0x73, 0x3a, 0x64, 0x6f, 0x63, 0x75, 0x6d, 0x65, 0x6e, 0x74, 0x61,
  0x74, 0x69, 0x6f, 0x6e, 0x3e, 0xd0, 0xa4, 0xd0, 0xbe, 0xd1, 0x80, 0xd0, 0xbc,
  0xd0, 0xb0, 0x20, 0xd0, 0xb4, 0xd0, 0xbe, 0xd0, 0xb2, 0xd0, 0xb5, 0xd1, 0x80,
  0xd0, 0xb5, 0xd0, 0xbd, 0xd0, 0xbd, 0xd0, 0xbe, 0xd1, 0x81, 0xd1, 0x82, 0xd0,
  0xb8, 0x3c, 0x2f, 0x78, 0x73, 0x3a, 0x64, 0x6f, 0x63, 0x75, 0x6d, 0x65, 0x6e,
  0x74, 0x61, 0x74, 0x69, 0x6f, 0x6e, 0x3e, 0x0d, 0x0a, 0x09, 0x09, 0x09, 0x3c,
  0x2f, 0x78, 0x73, 0x3a, 0x61, 0x6e, 0x6e, 0x6f, 0x74, 0x61, 0x74, 0x69, 0x6f,
  0x6e, 0x3e, 0x0d, 0x0a, 0x09, 0x09, 0x09, 0x3c, 0x78, 0x73, 0x3a, 0x73, 0x69,
  0x6d, 0x70, 0x6c, 0x65, 0x54, 0x79, 0x70, 0x65, 0x3e, 0x0d, 0x0a, 0x09, 0x09,
  0x09, 0x09, 0x3c, 0x78, 0x73, 0x3a, 0x72, 0x65, 0x73, 0x74, 0x72, 0x69, 0x63,
  0x74, 0x69, 0x6f, 0x6e, 0x20, 0x62, 0x61, 0x73, 0x65, 0x3d, 0x22, 0x78, 0x73,
  0x3a, 0x73, 0x74, 0x72, 0x69, 0x6e, 0x67, 0x22, 0x3e, 0x0d, 0x0a, 0x09, 0x09,
  0x09, 0x09, 0x09, 0x3c, 0x78, 0x73, 0x3a, 0x6c, 0x65, 0x6e, 0x67, 0x74, 0x68,
  0x20, 0x76, 0x61, 0x6c, 0x75, 0x65, 0x3d, 0x22, 0x31, 0x22, 0x2f, 0x3e, 0x0d,
  0x0a, 0x09, 0x09, 0x09, 0x09, 0x09, 0x3c, 0x78, 0x73, 0x3a, 0x65, 0x6e, 0x75,
  0x6d, 0x65, 0x72, 0x61, 0x74, 0x69, 0x6f, 0x6e, 0x20, 0x76, 0x61, 0x6c, 0x75,
  0x65, 0x3d, 0x22, 0x31, 0x22, 0x2f, 0x3e, 0x0d, 0x0a, 0x09, 0x09, 0x09, 0x09,
  0x09, 0x3c, 0x78, 0x73, 0x3a, 0x65, 0x6e, 0x75, 0x6d, 0x65, 0x72, 0x61, 0x74,
  0x69, 0x6f, 0x6e, 0x20, 0x76, 0x61, 0x6c, 0x75, 0x65, 0x3d, 0x22, 0x32, 0x22,
  0x2f, 0x3e, 0x0d, 0x0a, 0x09, 0x09, 0x09, 0x09, 0x3c, 0x2f, 0x78, 0x73, 0x3a,
  0x72, 0x65, 0x73, 0x74, 0x72, 0x69, 0x63, 0x74, 0x69, 0x6f, 0x6e, 0x3e, 0x0d,
  0x0a, 0x09, 0x09, 0x09, 0x3c, 0x2f, 0x78, 0x73, 0x3a, 0x73, 0x69, 0x6d, 0x70,
  0x6c, 0x65, 0x54, 0x79, 0x70, 0x65, 0x3e, 0x0d, 0x0a, 0x09, 0x09, 0x3c, 0x2f,
  0x78, 0x73, 0x3a, 0x61, 0x74, 0x74, 0x72, 0x69, 0x62, 0x75, 0x74, 0x65, 0x3e,
  0x0d, 0x0a, 0x09, 0x09, 0x3c, 0x78, 0x73, 0x3a, 0x61, 0x74, 0x74, 0x72, 0x69,
  0x62, 0x75, 0x74, 0x65, 0x20, 0x6e, 0x61, 0x6d, 0x65, 0x3d, 0x22, 0xd0, 0x94,
  0xd0, 0xb0, 0xd1, 0x82, 0xd0, 0xb0, 0xd0, 0x92, 0xd1, 0x8b, 0xd0, 0xb4, 0xd0,
  0x94, 0xd0, 0xbe, 0xd0, 0xb2, 0xd0, 0xb5, 0xd1, 0x80, 0x22, 0x20, 0x75, 0x73,
  0x65, 0x3d, 0x22, 0x72, 0x65, 0x71, 0x75, 0x69, 0x72, 0x65, 0x64, 0x22, 0x3e,
  0x0d, 0x0a, 0x09, 0x09, 0x09, 0x3c, 0x78, 0x73, 0x3a, 0x61, 0x6e, 0x6e, 0x6f,
  0x74, 0x61, 0x74, 0x69, 0x6f, 0x6e, 0x3e, 0x0d, 0x0a, 0x09, 0x09, 0x09, 0x09,
  0x3c, 0x78, 0x73, 0x3a, 0x64, 0x6f, 0x63, 0x75, 0x6d, 0x65, 0x6e, 0x74, 0x61,
  0x74, 0x69, 0x6f, 0x6e, 0x3e, 0xd0, 0x94, 0xd0, 0xb0, 0xd1, 0x82, 0xd0, 0xb0,
  0x20, 0xd1, 0x81, 0xd0, 0xbe, 0xd0, 0xb2, 0xd0, 0xb5, 0xd1, 0x80, 0xd1, 0x88,
  0xd0, 0xb5, 0xd0, 0xbd, 0xd0, 0xb8, 0xd1, 0x8f, 0x20, 0x28, 0xd0, 0xb2, 0xd1,
  0x8b, 0xd0, 0xb4, 0xd0, 0xb0, 0xd1, 0x87, 0xd0, 0xb8, 0x29, 0x20, 0xd0, 0xb4,
  0xd0, 0xbe, 0xd0, 0xb2, 0xd0, 0xb5, 0xd1, 0x80, 0xd0, 0xb5, 0xd0, 0xbd, 0xd0,
  0xbd, 0xd0, 0xbe, 0xd1, 0x81, 0xd1, 0x82, 0xd0, 0xb8, 0x3c, 0x2f, 0x78, 0x73,
  0x3a, 0x64, 0x6f, 0x63, 0x75, 0x6d, 0x65, 0x6e, 0x74, 0x61, 0x74, 0x69, 0x6f,
  0x6e, 0x3e, 0x0d, 0x0a, 0x09, 0x09, 0x09, 0x3c, 0x2f, 0x78, 0x73, 0x3a, 0x61,
  0x6e, 0x6e, 0x6f, 0x74, 0x61, 0x74, 0x69, 0x6f, 0x6e, 0x3e, 0x0d, 0x0a, 0x09,
  0x09, 0x09, 0x3c, 0x78, 0x73, 0x3a, 0x73, 0x69, 0x6d, 0x70, 0x6c, 0x65, 0x54,
  0x79, 0x70, 0x65, 0x3e, 0x0d, 0x0a, 0x09, 0x09, 0x09, 0x09, 0x3c, 0x78, 0x73,
  0x3a, 0x72, 0x65, 0x73, 0x74, 0x72, 0x69, 0x63, 0x74, 0x69, 0x6f, 0x6e, 0x20,
  0x62, 0x61, 0x73, 0x65, 0x3d, 0x22, 0x78, 0x73, 0x3a, 0x64, 0x61, 0x74, 0x65,
  0x22, 0x3e, 0x0d, 0x0a, 0x09, 0x09, 0x09, 0x09, 0x09, 0x3c, 0x78, 0x73, 0x3a,
  0x6d, 0x69, 0x6e, 0x49, 0x6e, 0x63, 0x6c, 0x75, 0x73, 0x69, 0x76, 0x65, 0x20,
  0x76, 0x61, 0x6c, 0x75, 0x65, 0x3d, 0x22, 0x31, 0x39, 0x30, 0x30, 0x2d, 0x30,
  0x31, 0x2d, 0x30, 0x31, 0x22, 0x2f, 0x3e, 0x0d, 0x0a, 0x09, 0x09, 0x09, 0x09,
  0x09, 0x3c, 0x78, 0x73, 0x3a, 0x6d, 0x61, 0x78, 0x49, 0x6e, 0x63, 0x6c, 0x75,
  0x73, 0x69, 0x76, 0x65, 0x20, 0x76, 0x61, 0x6c, 0x75, 0x65, 0x3d, 0x22, 0x32,
  0x31, 0x30, 0x30, 0x2d, 0x31, 0x32, 0x2d, 0x33, 0x31, 0x22, 0x2f, 0x3e, 0x0d,
  0x0a, 0x09, 0x09, 0x09, 0x09, 0x3c, 0x2f, 0x78, 0x73, 0x3a, 0x72, 0x65, 0x73,
  0x74, 0x72, 0x69, 0x63, 0x74, 0x69, 0x6f, 0x6e, 0x3e, 0x0d, 0x0a, 0x09, 0x09,
  0x09, 0x3c, 0x2f, 0x78, 0x73, 0x3a, 0x73, 0x69, 0x6d, 0x70, 0x6c, 0x65, 0x54,
  0x79, 0x70, 0x65, 0x3e, 0x0d, 0x0a, 0x09, 0x09, 0x3c, 0x2f, 0x78, 0x73, 0x3a,
  0x61, 0x74, 0x74, 0x72, 0x69, 0x62, 0x75, 0x74, 0x65, 0x3e, 0x0d, 0x0a, 0x09,
  0x09, 0x3c, 0x78, 0x73, 0x3a, 0x61, 0x74, 0x74, 0x72, 0x69, 0x62, 0x75, 0x74,
  0x65, 0x20, 0x6e, 0x61, 0x6d, 0x65, 0x3d, 0x22, 0xd0, 0xa1, 0xd1, 0x80, 0xd0,
  0xbe, 0xd0, 0xba, 0xd0, 0x94, 0xd0, 0xb5, 0xd0, 0xb9, 0xd1, 0x81, 0xd1, 0x82,
  0x22, 0x20, 0x75, 0x73, 0x65, 0x3d, 0x22, 0x72, 0x65, 0x71, 0x75, 0x69, 0x72,
  0x65, 0x64, 0x22, 0x3e, 0x0d, 0x0a, 0x09, 0x09, 0x09, 0x3c, 0x78, 0x73, 0x3a,
  0x61, 0x6e, 0x6e, 0x6f, 0x74, 0x61, 0x74, 0x69, 0x6f, 0x6e, 0x3e, 0x0d, 0x0a,
  0x09, 0x09, 0x09, 0x09, 0x3c, 0x78, 0x73, 0x3a, 0x64, 0x6f, 0x63, 0x75, 0x6d,
  0x65, 0x6e, 0x74, 0x61, 0x74, 0x69, 0x6f, 0x6e, 0x3e, 0xd0, 0xa1, 0xd1, 0x80,
  0xd0, 0xbe, 0xd0, 0xba, 0x20, 0xd0, 0xb4, 0xd0, 0xb5, 0xd0, 0xb9, 0xd1, 0x81,
  0xd1, 0x82, 0xd0, 0xb2, 0xd0, 0xb8, 0xd1, 0x8f, 0x20, 0xd0, 0xb4, 0xd0, 0xbe,
  0xd0, 0xb2, 0xd0, 0xb5, 0xd1, 0x80, 0xd0, 0xb5, 0xd0, 0xbd, 0xd0, 0xbd, 0xd0,
  0xbe, 0xd1, 0x81, 0xd1, 0x82, 0xd0, 0xb8, 0x3c, 0x2f, 0x78, 0x73, 0x3a, 0x64,
  0x6f, 0x63, 0x75, 0x6d, 0x65, 0x6e, 0x74, 0x61, 0x74, 0x69, 0x6f, 0x6e, 0x3e,
  0x0d, 0x0a, 0x09, 0x09, 0x09, 0x3c, 0x2f, 0x78, 0x73, 0x3a, 0x61, 0x6e, 0x6e,
  0x6f, 0x74, 0x61, 0x74, 0x69, 0x6f, 0x6e, 0x3e, 0x0d, 0x0a, 0x09, 0x09, 0x09,
  0x3c, 0x78, 0x73, 0x3a, 0x73, 0x69, 0x6d, 0x70, 0x6c, 0x65, 0x54, 0x79, 0x70,
  0x65, 0x3e, 0x0d, 0x0a, 0x09, 0x09, 0x09, 0x09, 0x3c, 0x78, 0x73, 0x3a, 0x72,
  0x65, 0x73, 0x74, 0x72, 0x69, 0x63, 0x74, 0x69, 0x6f, 0x6e, 0x20, 0x62, 0x61,
  0x73, 0x65, 0x3d, 0x22, 0x78, 0x73, 0x3a, 0x64, 0x61, 0x74, 0x65, 0x22, 0x3e,
  0x0d, 0x0a, 0x09, 0x09, 0x09, 0x09, 0x09, 0x3c, 0x78, 0x73, 0x3a, 0x6d, 0x69,
  0x6e, 0x49, 0x6e, 0x63, 0x6c, 0x75, 0x73, 0x69, 0x76, 0x65, 0x20, 0x76, 0x61,
  0x6c, 0x75, 0x65, 0x3d, 0x22, 0x31, 0x39, 0x30, 0x30, 0x2d, 0x30, 0x31, 0x2d,
  0x30, 0x31, 0x22, 0x2f, 0x3e, 0x0d, 0x0a, 0x09, 0x09, 0x09, 0x09, 0x09, 0x3c,
  0x78, 0x73, 0x3a, 0x6d, 0x61, 0x78, 0x49, 0x6e, 0x63, 0x6c, 0x75, 0x73, 0x69,
  0x76, 0x65, 0x20, 0x76, 0x61, 0x6c, 0x75, 0x65, 0x3d, 0x22, 0x32, 0x31, 0x30,
  0x30, 0x2d, 0x31, 0x32, 0x2d, 0x33, 0x31, 0x22, 0x2f, 0x3e, 0x0d, 0x0a, 0x09,
  0x09, 0x09, 0x09, 0x3c, 0x2f, 0x78, 0x73, 0x3a, 0x72, 0x65, 0x73, 0x74, 0x72,
  0x69, 0x63, 0x74, 0x69, 0x6f, 0x6e, 0x3e, 0x0d, 0x0a, 0x09, 0x09, 0x09, 0x3c,
  0x2f, 0x78, 0x73, 0x3a, 0x73, 0x69, 0x6d, 0x70, 0x6c, 0x65, 0x54, 0x79, 0x70,
  0x65, 0x3e, 0x0d, 0x0a, 0x09, 0x09, 0x3c, 0x2f, 0x78, 0x73, 0x3a, 0x61, 0x74,
  0x74, 0x72, 0x69, 0x62, 0x75, 0x74, 0x65, 0x3e, 0x0d, 0x0a, 0x09, 0x09, 0x3c,
  0x78, 0x73, 0x3a, 0x61, 0x74, 0x74, 0x72, 0x69, 0x62, 0x75, 0x74, 0x65, 0x20,
  0x6e, 0x61, 0x6d, 0x65, 0x3d, 0x22, 0xd0, 0x92, 0xd0, 0xbd, 0xd0, 0x9d, 0xd0,
  0xbe, 0xd0, 0xbc, 0xd0, 0x94, 0xd0, 0xbe, 0xd0, 0xb2, 0xd0, 0xb5, 0xd1, 0x80,
  0xd0, 0x9f, 0xd0, 0xb5, 0xd1, 0x80, 0xd0, 0xb2, 0x22, 0x20, 0x75, 0x73, 0x65,
  0x3d, 0x22, 0x6f, 0x70, 0x74, 0x69, 0x6f, 0x6e, 0x61, 0x6c, 0x22, 0x3e, 0x0d,
  0x0a, 0x09, 0x09, 0x09, 0x3c, 0x78, 0x73, 0x3a, 0x61, 0x6e, 0x6e, 0x6f, 0x74,
  0x61, 0x74, 0x69, 0x6f, 0x6e, 0x3e, 0x0d, 0x0a, 0x09, 0x09, 0x09, 0x09, 0x3c,
  0x78, 0x73, 0x3a, 0x64, 0x6f, 0x63, 0x75, 0x6d, 0x65, 0x6e, 0x74, 0x61, 0x74,
  0x69, 0x6f, 0x6e, 0x3e, 0xd0, 0x92, 0xd0, 0xbd, 0xd1, 0x83, 0xd1, 0x82, 0xd1,
  0x80, 0xd0, 0xb5, 0xd0, 0xbd, 0xd0, 0xbd, 0xd0, 0xb8, 0xd0, 0xb9, 0x20, 0xd0,
  0xbd, 0xd0, 0xbe, 0xd0, 0xbc, 0xd0, 0xb5, 0xd1, 0x80, 0x20, 0xd0, 0xbf, 0xd0,
  0xb5, 0xd1, 0x80, 0xd0, 0xb2, 0xd0, 0xbe, 0xd0, 0xbd, 0xd0, 0xb0, 0xd1, 0x87,
  0xd0, 0xb0, 0xd0, 0xbb, 0xd1, 0x8c, 0xd0, 0xbd, 0xd0, 0xbe, 0xd0, 0xb9, 0x20,
  0xd0, 0xb4, 0xd0, 0xbe, 0xd0, 0xb2, 0xd0, 0xb5, 0xd1, 0x80, 0xd0, 0xb5, 0xd0,
  0xbd, 0xd0, 0xbd, 0xd0, 0xbe, 0xd1, 0x81, 0xd1, 0x82, 0xd0, 0xb8, 0x3c, 0x2f,
  0x78, 0x73, 0x3a, 0x64, 0x6f, 0x63, 0x75, 0x6d, 0x65, 0x6e, 0x74, 0x61, 0x74,
  0x69, 0x6f, 0x6e, 0x3e, 0x0d, 0x0a, 0x09, 0x09, 0x09, 0x3c, 0x2f, 0x78, 0x73,
  0x3a, 0x61, 0x6e, 0x6e, 0x6f, 0x74, 0x61, 0x74, 0x69, 0x6f, 0x6e, 0x3e, 0x0d,
  0x0a, 0x09, 0x09, 0x09, 0x3c, 0x78, 0x73, 0x3a, 0x73, 0x69, 0x6d, 0x70, 0x6c,
  0x65, 0x54, 0x79, 0x70, 0x65, 0x3e, 0x0d, 0x0a, 0x09, 0x09, 0x09, 0x09, 0x3c,
  0x78, 0x73, 0x3a, 0x72, 0x65, 0x73, 0x74, 0x72, 0x69, 0x63, 0x74, 0x69, 0x6f,
  0x6e, 0x20, 0x62, 0x61, 0x73, 0x65, 0x3d, 0x22, 0x78, 0x73, 0x3a, 0x73, 0x74,
  0x72, 0x69, 0x6e, 0x67, 0x22, 0x3e, 0x0d, 0x0a, 0x09, 0x09, 0x09, 0x09, 0x09,
  0x3c, 0x78, 0x73, 0x3a, 0x6d, 0x69, 0x6e, 0x4c, 0x65, 0x6e, 0x67, 0x74, 0x68,
  0x20, 0x76, 0x61, 0x6c, 0x75, 0x65, 0x3d, 0x22, 0x31, 0x22, 0x2f, 0x3e, 0x0d,
  0x0a, 0x09, 0x09, 0x09, 0x09, 0x09, 0x3c, 0x78, 0x73, 0x3a, 0x6d, 0x61, 0x78,
  0x4c, 0x65, 0x6e, 0x67, 0x74, 0x68, 0x20, 0x76, 0x61, 0x6c, 0x75, 0x65, 0x3d,
  0x22, 0x35, 0x30, 0x22, 0x2f, 0x3e, 0x0d, 0x0a, 0x09, 0x09, 0x09, 0x09, 0x3c,
  0x2f, 0x78, 0x73, 0x3a, 0x72, 0x65, 0x73, 0x74, 0x72, 0x69, 0x63, 0x74, 0x69,
  0x6f, 0x6e, 0x3e, 0x0d, 0x0a, 0x09, 0x09, 0x09, 0x3c, 0x2f, 0x78, 0x73, 0x3a,
  0x73, 0x69, 0x6d, 0x70, 0x6c, 0x65, 0x54, 0x79, 0x70, 0x65, 0x3e, 0x0d, 0x0a,
  0x09, 0x09, 0x3c, 0x2f, 0x78, 0x73, 0x3a, 0x61, 0x74, 0x74, 0x72, 0x69, 0x62,
  0x75, 0x74, 0x65, 0x3e, 0x0d, 0x0a, 0x09, 0x09, 0x3c, 0x78, 0x73, 0x3a, 0x61,
  0x74, 0x74, 0x72, 0x69, 0x62, 0x75, 0x74, 0x65, 0x20, 0x6e, 0x61, 0x6d, 0x65,
  0x3d, 0x22, 0xd0, 0x92, 0xd0, 0xbd, 0xd0, 0x9d, 0xd0, 0xbe, 0xd0, 0xbc, 0xd0,
  0x94, 0xd0, 0xbe, 0xd0, 0xb2, 0xd0, 0xb5, 0xd1, 0x80, 0x4e, 0x22, 0x20, 0x75,
  0x73, 0x65, 0x3d, 0x22, 0x6f, 0x70, 0x74, 0x69, 0x6f, 0x6e, 0x61, 0x6c, 0x22,
  0x3e, 0x0d, 0x0a, 0x09, 0x09, 0x09, 0x3c, 0x78, 0x73, 0x3a, 0x61, 0x6e, 0x6e,
  0x6f, 0x74, 0x61, 0x74, 0x69, 0x6f, 0x6e, 0x3e, 0x0d, 0x0a, 0x09, 0x09, 0x09,
  0x09, 0x3c, 0x78, 0x73, 0x3a, 0x64, 0x6f, 0x63, 0x75, 0x6d, 0x65, 0x6e, 0x74,
  0x61, 0x74, 0x69, 0x6f, 0x6e, 0x3e, 0xd0, 0x92, 0xd0, 0xbd, 0xd1, 0x83, 0xd1,
  0x82, 0xd1, 0x80, 0xd0, 0xb5, 0xd0, 0xbd, 0xd0, 0xbd, 0xd0, 0xb8, 0xd0, 0xb9,
  0x20, 0xd0, 0xbd, 0xd0, 0xbe, 0xd0, 0xbc, 0xd0, 0xb5, 0xd1, 0x80, 0x20, 0xd0,
  0xb4, 0xd0, 0xbe, 0xd0, 0xb2, 0xd0, 0xb5, 0xd1, 0x80, 0xd0, 0xb5, 0xd0, 0xbd,
  0xd0, 0xbd, 0xd0, 0xbe, 0xd1, 0x81, 0xd1, 0x82, 0xd0, 0xb8, 0x2c, 0x20, 0xd0,
  0xbd, 0xd0, 0xb0, 0x20, 0xd0, 0xbe, 0xd1, 0x81, 0xd0, 0xbd, 0xd0, 0xbe, 0xd0,
  0xb2, 0xd0, 0xb0, 0xd0, 0xbd, 0xd0, 0xb8, 0xd0, 0xb8, 0x20, 0xd0, 0xba, 0xd0,
  0xbe, 0xd1, 0x82, 0xd0, 0xbe, 0xd1, 0x80, 0xd0, 0xbe, 0xd0, 0xb9, 0x20, 0xd0,
  0xbe, 0xd1, 0x81, 0xd1, 0x83, 0xd1, 0x89, 0xd0, 0xb5, 0xd1, 0x81, 0xd1, 0x82,
  0xd0, 0xb2, 0xd0, 0xbb, 0xd1, 0x8f, 0xd0, 0xb5, 0xd1, 0x82, 0xd1, 0x81, 0xd1,
  0x8f, 0x20, 0xd0, 0xbf, 0xd0, 0xb5, 0xd1, 0x80, 0xd0, 0xb5, 0xd0, 0xb4, 0xd0,
  0xbe, 0xd0, 0xb2, 0xd0, 0xb5, 0xd1, 0x80, 0xd0, 0xb8, 0xd0, 0xb5, 0x3c, 0x2f,
  0x78, 0x73, 0x3a, 0x64, 0x6f, 0x63, 0x75, 0x6d, 0x65, 0x6e, 0x74, 0x61, 0x74,
  0x69, 0x6f, 0x6e, 0x3e, 0x0d, 0x0a, 0x09, 0x09, 0x09, 0x3c, 0x2f, 0x78, 0x73,
  0x3a, 0x61, 0x6e, 0x6e, 0x6f, 0x74, 0x61, 0x74, 0x69, 0x6f, 0x6e, 0x3e, 0x0d,
  0x0a, 0x09, 0x09, 0x09, 0x3c, 0x78, 0x73, 0x3a, 0x73, 0x69, 0x6d, 0x70, 0x6c,
  0x65, 0x54, 0x79, 0x70, 0x65, 0x3e, 0x0d, 0x0a, 0x09, 0x09, 0x09, 0x09, 0x3c,
  0x78, 0x73, 0x3a, 0x72, 0x65, 0x73, 0x74, 0x72, 0x69, 0x63, 0x74, 0x69, 0x6f,
  0x6e, 0x20, 0x62, 0x61, 0x73, 0x65, 0x3d, 0x22, 0x78, 0x73, 0x3a, 0x73, 0x74,
  0x72, 0x69, 0x6e, 0x67, 0x22, 0x3e, 0x0d, 0x0a, 0x09, 0x09, 0x09, 0x09, 0x09,
  0x3c, 0x78, 0x73, 0x3a, 0x6d, 0x69, 0x6e, 0x4c, 0x65, 0x6e, 0x67, 0x74, 0x68,
  0x20, 0x76, 0x61, 0x6c, 0x75, 0x65, 0x3d, 0x22, 0x31, 0x22, 0x2f, 0x3e, 0x0d,
  0x0a, 0x09, 0x09, 0x09, 0x09, 0x09, 0x3c, 0x78, 0x73, 0x3a, 0x6d, 0x61, 0x78,
  0x4c, 0x65, 0x6e, 0x67, 0x74, 0x68, 0x20, 0x76, 0x61, 0x6c, 0x75, 0x65, 0x3d,
  0x22, 0x35, 0x30, 0x22, 0x2f, 0x3e, 0x0d, 0x0a, 0x09, 0x09, 0x09, 0x09, 0x3c,
  0x2f, 0x78, 0x73, 0x3a, 0x72, 0x65, 0x73, 0x74, 0x72, 0x69, 0x63, 0x74, 0x69,
  0x6f, 0x6e, 0x3e, 0x0d, 0x0a, 0x09, 0x09, 0x09, 0x3c, 0x2f, 0x78, 0x73, 0x3a,
  0x73, 0x69, 0x6d, 0x70, 0x6c, 0x65, 0x54, 0x79, 0x70, 0x65, 0x3e, 0x0d, 0x0a,
  0x09, 0x09, 0x3c, 0x2f, 0x78, 0x73, 0x3a, 0x61, 0x74, 0x74, 0x72, 0x69, 0x62,
  0x75, 0x74, 0x65, 0x3e, 0x0d, 0x0a, 0x09, 0x09, 0x3c, 0x78, 0x73, 0x3a, 0x61,
  0x74, 0x74, 0x72, 0x69, 0x62, 0x75, 0x74, 0x65, 0x20, 0x6e, 0x61, 0x6d, 0x65,
  0x3d, 0x22, 0xd0, 0x9d, 0xd0, 0xbe, 0xd0, 0xbc, 0xd0, 0x94, 0xd0, 0xbe, 0xd0,
  0xb2, 0xd0, 0xb5, 0xd1, 0x80, 0xd0, 0x9f, 0xd0, 0xb5, 0xd1, 0x80, 0xd0, 0xb2,
  0x22, 0x20, 0x75, 0x73, 0x65, 0x3d, 0x22, 0x6f, 0x70, 0x74, 0x69, 0x6f, 0x6e,
  0x61, 0x6c, 0x22, 0x3e, 0x0d, 0x0a, 0x09, 0x09, 0x09, 0x3c, 0x78, 0x73, 0x3a,
  0x61, 0x6e, 0x6e, 0x6f, 0x74, 0x61, 0x74, 0x69, 0x6f, 0x6e, 0x3e, 0x0d, 0x0a,
  0x09, 0x09, 0x09, 0x09, 0x3c, 0x78, 0x73, 0x3a, 0x64, 0x6f, 0x63, 0x75, 0x6d,
  0x65, 0x6e, 0x74, 0x61, 0x74, 0x69, 0x6f, 0x6e, 0x3e, 0xd0, 0x95, 0xd0, 0xb4,
  0xd0, 0xb8, 0xd0, 0xbd, 0xd1, 0x8b, 0xd0, 0xb9, 0x20, 0xd1, 0x80, 0xd0, 0xb5,
  0xd0, 0xb3, 0xd0, 0xb8, 0xd1, 0x81, 0xd1, 0x82, 0xd1, 0x80, 0xd0, 0xb0, 0xd1,
  0x86, 0xd0, 0xb8, 0xd0, 0xbe, 0xd0, 0xbd, 0xd0, 0xbd, 0xd1, 0x8b, 0xd0, 0xb9,
  0x20, 0xd0, 0xbd, 0xd0, 0xbe, 0xd0, 0xbc, 0xd0, 0xb5, 0xd1, 0x80, 0x20, 0xd0,
  0xbf, 0xd0, 0xb5, 0xd1, 0x80, 0xd0, 0xb2, 0xd0, 0xbe, 0xd0, 0xbd, 0xd0, 0xb0,
  0xd1, 0x87, 0xd0, 0xb0, 0xd0, 0xbb, 0xd1, 0x8c, 0xd0, 0xbd, 0xd0, 0xbe, 0xd0,
  0xb9, 0x20, 0xd0, 0xb4, 0xd0, 0xbe, 0xd0, 0xb2, 0xd0, 0xb5, 0xd1, 0x80, 0xd0,
  0xb5, 0xd0, 0xbd, 0xd0, 0xbd, 0xd0, 0xbe, 0xd1, 0x81, 0xd1, 0x82, 0xd0, 0xb8,
  0x3c, 0x2f, 0x78, 0x73, 0x3a, 0x64, 0x6f, 0x63, 0x75, 0x6d, 0x65, 0x6e, 0x74,
  0x61, 0x74, 0x69, 0x6f, 0x6e, 0x3e, 0x0d, 0x0a, 0x09, 0x09, 0x09, 0x3c, 0x2f,
  0x78, 0x73, 0x3a, 0x61, 0x6e, 0x6e, 0x6f, 0x74, 0x61, 0x74, 0x69, 0x6f, 0x6e,
  0x3e, 0x0d, 0x0a, 0x09, 0x09, 0x09, 0x3c, 0x78, 0x73, 0x3a, 0x73, 0x69, 0x6d,
  0x70, 0x6c, 0x65, 0x54, 0x79, 0x70, 0x65, 0x3e, 0x0d, 0x0a, 0x09, 0x09, 0x09,
  0x09, 0x3c, 0x78, 0x73, 0x3a, 0x72, 0x65, 0x73, 0x74, 0x72, 0x69, 0x63, 0x74,
  0x69, 0x6f, 0x6e, 0x20, 0x62, 0x61, 0x73, 0x65, 0x3d, 0x22, 0x78, 0x73, 0x3a,
  0x73, 0x74, 0x72, 0x69, 0x6e, 0x67, 0x22, 0x3e, 0x0d, 0x0a, 0x09, 0x09, 0x09,
  0x09, 0x09, 0x3c, 0x78, 0x73, 0x3a, 0x6c, 0x65, 0x6e, 0x67, 0x74, 0x68, 0x20,
  0x76, 0x61, 0x6c, 0x75, 0x65, 0x3d, 0x22, 0x33, 0x36, 0x22, 0x2f, 0x3e, 0x0d,
  0x0a, 0x09, 0x09, 0x09, 0x09, 0x09, 0x3c, 0x78, 0x73, 0x3a, 0x70, 0x61, 0x74,
  0x74, 0x65, 0x72, 0x6e, 0x20, 0x76, 0x61, 0x6c, 0x75, 0x65, 0x3d, 0x22, 0x5b,
  0x5c, 0x64, 0x61, 0x2d, 0x66, 0x41, 0x2d, 0x46, 0x5d, 0x7b, 0x38, 0x7d, 0x2d,
  0x5b, 0x5c, 0x64, 0x61, 0x2d, 0x66, 0x41, 0x2d, 0x46, 0x5d, 0x7b, 0x34, 0x7d,
  0x2d, 0x5b, 0x5c, 0x64, 0x61, 0x2d, 0x66, 0x41, 0x2d, 0x46, 0x5d, 0x7b, 0x34,
  0x7d, 0x2d, 0x5b, 0x5c, 0x64, 0x61, 0x2d, 0x66, 0x41, 0x2d, 0x46, 0x5d, 0x7b,
  0x34, 0x7d, 0x2d, 0x5b, 0x5c, 0x64, 0x61, 0x2d, 0x66, 0x41, 0x2d, 0x46, 0x5d,
  0x7b, 0x31, 0x32, 0x7d, 0x22, 0x2f, 0x3e, 0x0d, 0x0a, 0x09, 0x09, 0x09, 0x09,
  0x3c, 0x2f, 0x78, 0x73, 0x3a, 0x72, 0x65, 0x73, 0x74, 0x72, 0x69, 0x63, 0x74,
  0x69, 0x6f, 0x6e, 0x3e, 0x0d, 0x0a, 0x09, 0x09, 0x09, 0x3c, 0x2f, 0x78, 0x73,
  0x3a, 0x73, 0x69, 0x6d, 0x70, 0x6c, 0x65, 0x54, 0x79, 0x70, 0x65, 0x3e, 0x0d,
  0x0a, 0x09, 0x09, 0x3c, 0x2f, 0x78, 0x73, 0x3a, 0x61, 0x74, 0x74, 0x72, 0x69,
  0x62, 0x75, 0x74, 0x65, 0x3e, 0x0d, 0x0a, 0x09, 0x09, 0x3c, 0x78, 0x73, 0x3a,
  0x61, 0x74, 0x74, 0x72, 0x69, 0x62, 0x75, 0x74, 0x65, 0x20, 0x6e, 0x61, 0x6d,
  0x65, 0x3d, 0x22, 0xd0, 0x9d, 0xd0, 0xbe, 0xd0, 0xbc, 0xd0, 0x94, 0xd0, 0xbe,
  0xd0, 0xb2, 0xd0, 0xb5, 0xd1, 0x80, 0x4e, 0x22, 0x20, 0x75, 0x73, 0x65, 0x3d,
  0x22, 0x6f, 0x70, 0x74, 0x69, 0x6f, 0x6e, 0x61, 0x6c, 0x22, 0x3e, 0x0d, 0x0a,
  0x09, 0x09, 0x09, 0x3c, 0x78, 0x73, 0x3a, 0x61, 0x6e, 0x6e, 0x6f, 0x74, 0x61,
  0x74, 0x69, 0x6f, 0x6e, 0x3e, 0x0d, 0x0a, 0x09, 0x09, 0x09, 0x09, 0x3c, 0x78,
  0x73, 0x3a, 0x64, 0x6f, 0x63, 0x75, 0x6d, 0x65, 0x6e, 0x74, 0x61, 0x74, 0x69,
  0x6f, 0x6e, 0x3e, 0xd0, 0x95, 0xd0, 0xb4, 0xd0, 0xb8, 0xd0, 0xbd, 0xd1, 0x8b,
  0xd0, 0xb9, 0x20, 0xd1, 0x80, 0xd0, 0xb5, 0xd0, 0xb3, 0xd0, 0xb8, 0xd1, 0x81,
  0xd1, 0x82, 0xd1, 0x80, 0xd0, 0xb0, 0xd1, 0x86, 0xd0, 0xb8, 0xd0, 0xbe, 0xd0,
  0xbd, 0xd0, 0xbd, 0xd1, 0x8b, 0xd0, 0xb9, 0x20, 0xd0, 0xbd, 0xd0, 0xbe, 0xd0,
  0xbc, 0xd0, 0xb5, 0xd1, 0x80, 0x20, 0xd0, 0xb4, 0xd0, 0xbe, 0xd0, 0xb2, 0xd0,
  0xb5, 0xd1, 0x80, 0xd0, 0xb5, 0xd0, 0xbd, 0xd0, 0xbd, 0xd0, 0xbe, 0xd1, 0x81,
  0xd1, 0x82, 0xd0, 0xb8, 0x2c, 0x20, 0xd0, 0xbd, 0xd0, 0xb0, 0x20, 0xd0, 0xbe,
  0xd1, 0x81, 0xd0, 0xbd, 0xd0, 0xbe, 0xd0, 0xb2, 0xd0, 0xb0, 0xd0, 0xbd, 0xd0,
  0xb8, 0xd0, 0xb8, 0x20, 0xd0, 0xba, 0xd0, 0xbe, 0xd1, 0x82, 0xd0, 0xbe, 0xd1,
  0x80, 0xd0, 0xbe, 0xd0, 0xb9, 0x20, 0xd0, 0xbe, 0xd1, 0x81, 0xd1, 0x83, 0xd1,
  0x89, 0xd0, 0xb5, 0xd1, 0x81, 0xd1, 0x82, 0xd0, 0xb2, 0xd0, 0xbb, 0xd1, 0x8f,
  0xd0, 0xb5, 0xd1, 0x82, 0xd1, 0x81, 0xd1, 0x8f, 0x20, 0xd0, 0xbf, 0xd0, 0xb5,
  0xd1, 0x80, 0xd0, 0xb5, 0xd0, 0xb4, 0xd0, 0xbe, 0xd0, 0xb2, 0xd0, 0xb5, 0xd1,
  0x80, 0xd0, 0xb8, 0xd0, 0xb5, 0x3c, 0x2f, 0x78, 0x73, 0x3a, 0x64, 0x6f, 0x63,
  0x75, 0x6d, 0x65, 0x6e, 0x74, 0x61, 0x74, 0x69, 0x6f, 0x6e, 0x3e, 0x0d, 0x0a,
  0x09, 0x09, 0x09, 0x3c, 0x2f, 0x78, 0x73, 0x3a, 0x61, 0x6e, 0x6e, 0x6f, 0x74,
  0x61, 0x74, 0x69, 0x6f, 0x6e, 0x3e, 0x0d, 0x0a, 0x09, 0x09, 0x09, 0x3c, 0x78,
  0x73, 0x3a, 0x73, 0x69, 0x6d, 0x70, 0x6c, 0x65, 0x54, 0x79, 0x70, 0x65, 0x3e,
  0x0d, 0x0a, 0x09, 0x09, 0x09, 0x09, 0x3c, 0x78, 0x73, 0x3a, 0x72, 0x65, 0x73,
  0x74, 0x72, 0x69, 0x63, 0x74, 0x69, 0x6f, 0x6e, 0x20, 0x62, 0x61, 0x73, 0x65,
  0x3d, 0x22, 0x78, 0x73, 0x3a, 0x73, 0x74, 0x72, 0x69, 0x6e, 0x67, 0x22, 0x3e,
  0x0d, 0x0a, 0x09, 0x09, 0x09, 0x09, 0x09, 0x3c, 0x78, 0x73, 0x3a, 0x6c, 0x65,
  0x6e, 0x67, 0x74, 0x68, 0x20, 0x76, 0x61, 0x6c, 0x75, 0x65, 0x3d, 0x22, 0x33,
  0x36, 0x22, 0x2f, 0x3e, 0x0d, 0x0a, 0x09, 0x09, 0x09, 0x09, 0x09, 0x3c, 0x78,
  0x73, 0x3a, 0x70, 0x61, 0x74, 0x74, 0x65, 0x72, 0x6e, 0x20, 0x76, 0x61, 0x6c,
  0x75, 0x65, 0x3d, 0x22, 0x5b, 0x5c, 0x64, 0x61, 0x2d, 0x66, 0x41, 0x2d, 0x46,
  0x5d, 0x7b, 0x38, 0x7d, 0x2d, 0x5b, 0x5c, 0x64, 0x61, 0x2d, 0x66, 0x41, 0x2d,
  0x46, 0x5d, 0x7b, 0x34, 0x7d, 0x2d, 0x5b, 0x5c, 0x64, 0x61, 0x2d, 0x66, 0x41,
  0x2d, 0x46, 0x5d, 0x7b, 0x34, 0x7d, 0x2d, 0x5b, 0x5c, 0x64, 0x61, 0x2d, 0x66,
  0x41, 0x2d, 0x46, 0x5d, 0x7b, 0x34, 0x7d, 0x2d, 0x5b, 0x5c, 0x64, 0x61, 0x2d,
  0x66, 0x41, 0x2d, 0x46, 0x5d, 0x7b, 0x31, 0x32, 0x7d, 0x22, 0x2f, 0x3e, 0x0d,
  0x0a, 0x09, 0x09, 0x09, 0x09, 0x3c, 0x2f, 0x78, 0x73, 0x3a, 0x72, 0x65, 0x73,
  0x74, 0x72, 0x69, 0x63, 0x74, 0x69, 0x6f, 0x6e, 0x3e, 0x0d, 0x0a, 0x09, 0x09,
  0x09, 0x3c, 0x2f, 0x78, 0x73, 0x3a, 0x73, 0x69, 0x6d, 0x70, 0x6c, 0x65, 0x54,
  0x79, 0x70, 0x65, 0x3e, 0x0d, 0x0a, 0x09, 0x09, 0x3c, 0x2f, 0x78, 0x73, 0x3a,
  0x61, 0x74, 0x74, 0x72, 0x69, 0x62, 0x75, 0x74, 0x65, 0x3e, 0x0d, 0x0a, 0x09,
  0x09, 0x3c, 0x78, 0x73, 0x3a, 0x61, 0x74, 0x74, 0x72, 0x69, 0x62, 0x75, 0x74,
  0x65, 0x20, 0x6e, 0x61, 0x6d, 0x65, 0x3d, 0x22, 0xd0, 0x9d, 0xd0, 0xbe, 0xd0,
  0xbc, 0xd0, 0xa0, 0xd0, 0x9d, 0xd0, 0x94, 0xd0, 0x9f, 0xd0, 0xb5, 0xd1, 0x80,
  0xd0, 0xb2, 0x22, 0x20, 0x75, 0x73, 0x65, 0x3d, 0x22, 0x6f, 0x70, 0x74, 0x69,
  0x6f, 0x6e, 0x61, 0x6c, 0x22, 0x3e, 0x0d, 0x0a, 0x09, 0x09, 0x09, 0x3c, 0x78,
  0x73, 0x3a, 0x61, 0x6e, 0x6e, 0x6f, 0x74, 0x61, 0x74, 0x69, 0x6f, 0x6e, 0x3e,
  0x0d, 0x0a, 0x09, 0x09, 0x09, 0x09, 0x3c, 0x78, 0x73, 0x3a, 0x64, 0x6f, 0x63,
  0x75, 0x6d, 0x65, 0x6e, 0x74, 0x61, 0x74, 0x69, 0x6f, 0x6e, 0x3e, 0xd0, 0xa0,
  0xd0, 0xb5, 0xd0, 0xb3, 0xd0, 0xb8, 0xd1, 0x81, 0xd1, 0x82, 0xd1, 0x80, 0xd0,
  0xb0, 0xd1, 0x86, 0xd0, 0xb8, 0xd0, 0xbe, 0xd0, 0xbd, 0xd0, 0xbd, 0xd1, 0x8b,
  0xd0, 0xb9, 0x20, 0xd0, 0xbd, 0xd0, 0xbe, 0xd0, 0xbc, 0xd0, 0xb5, 0xd1, 0x80,
  0x20, 0xd0, 0xbf, 0xd0, 0xb5, 0xd1, 0x80, 0xd0, 0xb2, 0xd0, 0xbe, 0xd0, 0xbd,
  0xd0, 0xb0, 0xd1, 0x87, 0xd0, 0xb0, 0xd0, 0xbb, 0xd1, 0x8c, 0xd0, 0xbd, 0xd0,
  0xbe, 0xd0, 0xb9, 0x20, 0xd0, 0xb4, 0xd0, 0xbe, 0xd0, 0xb2, 0xd0, 0xb5, 0xd1,
  0x80, 0xd0, 0xb5, 0xd0, 0xbd, 0xd0, 0xbd, 0xd0, 0xbe, 0xd1, 0x81, 0xd1, 0x82,
  0xd0, 0xb8, 0x20, 0xd0, 0xb2, 0x20, 0xd1, 0x80, 0xd0, 0xb5, 0xd0, 0xb5, 0xd1,
  0x81, 0xd1, 0x82, 0xd1, 0x80, 0xd0, 0xb5, 0x20, 0xd0, 0xbd, 0xd0, 0xbe, 0xd1,
  0x82, 0xd0, 0xb0, 0xd1, 0x80, 0xd0, 0xb8, 0xd0, 0xb0, 0xd0, 0xbb, 0xd1, 0x8c,
  0xd0, 0xbd, 0xd1, 0x8b, 0xd1, 0x85, 0x20, 0xd0, 0xb4, 0xd0, 0xb5, 0xd0, 0xb9,
  0xd1, 0x81, 0xd1, 0x82, 0xd0, 0xb2, 0xd0, 0xb8, 0xd0, 0xb9, 0x3c, 0x2f, 0x78,
  0x73, 0x3a, 0x64, 0x6f, 0x63, 0x75, 0x6d, 0x65, 0x6e, 0x74, 0x61, 0x74, 0x69,
  0x6f, 0x6e, 0x3e, 0x0d, 0x0a, 0x09, 0x09, 0x09, 0x3c, 0x2f, 0x78, 0x73, 0x3a,
  0x61, 0x6e, 0x6e, 0x6f, 0x74, 0x61, 0x74, 0x69, 0x6f, 0x6e, 0x3e, 0x0d, 0x0a,
  0x09, 0x09, 0x09, 0x3c, 0x78, 0x73, 0x3a, 0x73, 0x69, 0x6d, 0x70, 0x6c, 0x65,
  0x54, 0x79, 0x70, 0x65, 0x3e, 0x0d, 0x0a, 0x09, 0x09, 0x09, 0x09, 0x3c, 0x78,
  0x73, 0x3a, 0x72, 0x65, 0x73, 0x74, 0x72, 0x69, 0x63, 0x74, 0x69, 0x6f, 0x6e,
  0x20, 0x62, 0x61, 0x73, 0x65, 0x3d, 0x22, 0x78, 0x73, 0x3a, 0x73, 0x74, 0x72,
  0x69, 0x6e, 0x67, 0x22, 0x3e, 0x0d, 0x0a, 0x09, 0x09, 0x09, 0x09, 0x09, 0x3c,
  0x78, 0x73, 0x3a, 0x6d, 0x69, 0x6e, 0x4c, 0x65, 0x6e, 0x67, 0x74, 0x68, 0x20,
  0x76, 0x61, 0x6c, 0x75, 0x65, 0x3d, 0x22, 0x31, 0x22, 0x2f, 0x3e, 0x0d, 0x0a,
  0x09, 0x09, 0x09, 0x09, 0x09, 0x3c, 0x78, 0x73, 0x3a, 0x6d, 0x61, 0x78, 0x4c,
  0x65, 0x6e, 0x67, 0x74, 0x68, 0x20, 0x76, 0x61, 0x6c, 0x75, 0x65, 0x3d, 0x22,
  0x32, 0x38, 0x22, 0x2f, 0x3e, 0x0d, 0x0a, 0x09, 0x09, 0x09, 0x09, 0x3c, 0x2f,
  0x78, 0x73, 0x3a, 0x72, 0x65, 0x73, 0x74, 0x72, 0x69, 0x63, 0x74, 0x69, 0x6f,
  0x6e, 0x3e, 0x0d, 0x0a, 0x09, 0x09, 0x09, 0x3c, 0x2f, 0x78, 0x73, 0x3a, 0x73,
  0x69, 0x6d, 0x70, 0x6c, 0x65, 0x54, 0x79, 0x70, 0x65, 0x3e, 0x0d, 0x0a, 0x09,
  0x09, 0x3c, 0x2f, 0x78, 0x73, 0x3a, 0x61, 0x74, 0x74, 0x72, 0x69, 0x62, 0x75,
  0x74, 0x65, 0x3e, 0x0d, 0x0a, 0x09, 0x09, 0x3c, 0x78, 0x73, 0x3a, 0x61, 0x74,
  0x74, 0x72, 0x69, 0x62, 0x75, 0x74, 0x65, 0x20, 0x6e, 0x61, 0x6d, 0x65, 0x3d,
  0x22, 0xd0, 0x9d, 0xd0, 0xbe, 0xd0, 0xbc, 0xd0, 0xa0, 0xd0, 0x9d, 0xd0, 0x94,
  0x4e, 0x22, 0x20, 0x75, 0x73, 0x65, 0x3d, 0x22, 0x6f, 0x70, 0x74, 0x69, 0x6f,
  0x6e, 0x61, 0x6c, 0x22, 0x3e, 0x0d, 0x0a, 0x09, 0x09, 0x09, 0x3c, 0x78, 0x73,
  0x3a, 0x61, 0x6e, 0x6e, 0x6f, 0x74, 0x61, 0x74, 0x69, 0x6f, 0x6e, 0x3e, 0x0d,
  0x0a, 0x09, 0x09, 0x09, 0x09, 0x3c, 0x78, 0x73, 0x3a, 0x64, 0x6f, 0x63, 0x75,
  0x6d, 0x65, 0x6e, 0x74, 0x61, 0x74, 0x69, 0x6f, 0x6e, 0x3e, 0xd0, 0xa0, 0xd0,
  0xb5, 0xd0, 0xb3, 0xd0, 0xb8, 0xd1, 0x81, 0xd1, 0x82, 0xd1, 0x80, 0xd0, 0xb0,
  0xd1, 0x86, 0xd0, 0xb8, 0xd0, 0xbe, 0xd0, 0xbd, 0xd0, 0xbd, 0xd1, 0x8b, 0xd0,
  0xb9, 0x20, 0xd0, 0xbd, 0xd0, 0xbe, 0xd0, 0xbc, 0xd0, 0xb5, 0xd1, 0x80, 0x20,
  0xd0, 0xb4, 0xd0, 0xbe, 0xd0, 0xb2, 0xd0, 0xb5, 0xd1, 0x80, 0xd0, 0xb5, 0xd0,
  0xbd, 0xd0, 0xbd, 0xd0, 0xbe, 0xd1, 0x81, 0xd1, 0x82, 0xd0, 0xb8, 0x20, 0xd0,
  0xb2, 0x20, 0xd1, 0x80, 0xd0, 0xb5, 0xd0, 0xb5, 0xd1, 0x81, 0xd1, 0x82, 0xd1,
  0x80, 0xd0, 0xb5, 0x20, 0xd0, 0xbd, 0xd0, 0xbe, 0xd1, 0x82, 0xd0, 0xb0, 0xd1,
  0x80, 0xd0, 0xb8, 0xd0, 0xb0, 0xd0, 0xbb, 0xd1, 0x8c, 0xd0, 0xbd, 0xd1, 0x8b,
  0xd1, 0x85, 0x20, 0xd0, 0xb4, 0xd0, 0xb5, 0xd0, 0xb9, 0xd1, 0x81, 0xd1, 0x82,
  0xd0, 0xb2, 0xd0, 0xb8, 0xd0, 0xb9, 0x2c, 0x20, 0xd0, 0xbd, 0xd0, 0xb0, 0x20,
  0xd0, 0xbe, 0xd1, 0x81, 0xd0, 0xbd, 0xd0, 0xbe, 0xd0, 0xb2, 0xd0, 0xb0, 0xd0,
  0xbd, 0xd0, 0xb8, 0xd0, 0xb8, 0x20, 0xd0, 0xba, 0xd0, 0xbe, 0xd1, 0x82, 0xd0,
  0xbe, 0xd1, 0x80, 0xd0, 0xbe, 0xd0, 0xb9, 0x20, 0xd0, 0xbe, 0xd1, 0x81, 0xd1,
  0x83, 0xd1, 0x89, 0xd0, 0xb5, 0xd1, 0x81, 0xd1, 0x82, 0xd0, 0xb2, 0xd0, 0xbb,
  0xd1, 0x8f, 0xd0, 0xb5, 0xd1, 0x82, 0xd1, 0x81, 0xd1, 0x8f, 0x20, 0xd0, 0xbf,
  0xd0, 0xb5, 0xd1, 0x80, 0xd0, 0xb5, 0xd0, 0xb4, 0xd0, 0xbe, 0xd0, 0xb2, 0xd0,
  0xb5, 0xd1, 0x80, 0xd0, 0xb8, 0xd0, 0xb5, 0x3c, 0x2f, 0x78, 0x73, 0x3a, 0x64,
  0x6f, 0x63, 0x75, 0x6d, 0x65, 0x6e, 0x74, 0x61, 0x74, 0x69, 0x6f, 0x6e, 0x3e,
  0x0d, 0x0a, 0x09, 0x09, 0x09, 0x3c, 0x2f, 0x78, 0x73, 0x3a, 0x61, 0x6e, 0x6e,
  0x6f, 0x74, 0x61, 0x74, 0x69, 0x6f, 0x6e, 0x3e, 0x0d, 0x0a, 0x09, 0x09, 0x09,
  0x3c, 0x78, 0x73, 0x3a, 0x73, 0x69, 0x6d, 0x70, 0x6c, 0x65, 0x54, 0x79, 0x70,
  0x65, 0x3e, 0x0d, 0x0a, 0x09, 0x09, 0x09, 0x09, 0x3c, 0x78, 0x73, 0x3a, 0x72,
  0x65, 0x73, 0x74, 0x72, 0x69, 0x63, 0x74, 0x69, 0x6f, 0x6e, 0x20, 0x62, 0x61,
  0x73, 0x65, 0x3d, 0x22, 0x78, 0x73, 0x3a, 0x73, 0x74, 0x72, 0x69, 0x6e, 0x67,
  0x22, 0x3e, 0x0d, 0x0a, 0x09, 0x09, 0x09, 0x09, 0x09, 0x3c, 0x78, 0x73, 0x3a,
  0x6d, 0x69, 0x6e, 0x4c, 0x65, 0x6e, 0x67, 0x74, 0x68, 0x20, 0x76, 0x61, 0x6c,
  0x75, 0x65, 0x3d, 0x22, 0x31, 0x22, 0x2f, 0x3e, 0x0d, 0x0a, 0x09, 0x09, 0x09,
  0x09, 0x09, 0x3c, 0x78, 0x73, 0x3a, 0x6d, 0x61, 0x78, 0x4c, 0x65, 0x6e, 0x67,
  0x74, 0x68, 0x20, 0x76, 0x61, 0x6c, 0x75, 0x65, 0x3d, 0x22, 0x32, 0x38, 0x22,
  0x2f, 0x3e, 0x0d, 0x0a, 0x09, 0x09, 0x09, 0x09, 0x3c, 0x2f, 0x78, 0x73, 0x3a,
  0x72, 0x65, 0x73, 0x74, 0x72, 0x69, 0x63, 0x74, 0x69, 0x6f, 0x6e, 0x3e, 0x0d,
  0x0a, 0x09, 0x09, 0x09, 0x3c, 0x2f, 0x78, 0x73, 0x3a, 0x73, 0x69, 0x6d, 0x70,
  0x6c, 0x65, 0x54, 0x79, 0x70, 0x65, 0x3e, 0x0d, 0x0a, 0x09, 0x09, 0x3c, 0x2f,
  0x78, 0x73, 0x3a, 0x61, 0x74, 0x74, 0x72, 0x69, 0x62, 0x75, 0x74, 0x65, 0x3e,
  0x0d, 0x0a, 0x09, 0x3c, 0x2f, 0x78, 0x73, 0x3a, 0x63, 0x6f, 0x6d, 0x70, 0x6c,
  0x65, 0x78, 0x54, 0x79, 0x70, 0x65, 0x3e, 0x0d, 0x0a, 0x09, 0x3c, 0x78, 0x73,
  0x3a, 0x63, 0x6f, 0x6d, 0x70, 0x6c, 0x65, 0x78, 0x54, 0x79, 0x70, 0x65, 0x20,
  0x6e, 0x61, 0x6d, 0x65, 0x3d, 0x22, 0xd0, 0xa1, 0xd0, 0xb2, 0xd0, 0x94, 0xd0,
  0xbe, 0xd0, 0xb2, 0xd0, 0xa2, 0xd0, 0xb8, 0xd0, 0xbf, 0x22, 0x3e, 0x0d, 0x0a,
  0x09, 0x09, 0x3c, 0x78, 0x73, 0x3a, 0x61, 0x6e, 0x6e, 0x6f, 0x74, 0x61, 0x74,
  0x69, 0x6f, 0x6e, 0x3e, 0x0d, 0x0a, 0x09, 0x09, 0x09, 0x3c, 0x78, 0x73, 0x3a,
  0x64, 0x6f, 0x63, 0x75, 0x6d, 0x65, 0x6e, 0x74, 0x61, 0x74, 0x69, 0x6f, 0x6e,
  0x3e, 0xd0, 0xa1, 0xd0, 0xb2, 0xd0, 0xb5, 0xd0, 0xb4, 0xd0, 0xb5, 0xd0, 0xbd,
  0xd0, 0xb8, 0xd1, 0x8f, 0x20, 0xd0, 0xb4, 0xd0, 0xbe, 0xd0, 0xb2, 0xd0, 0xb5,
  0xd1, 0x80, 0xd0, 0xb5, 0xd0, 0xbd, 0xd0, 0xbd, 0xd0, 0xbe, 0xd1, 0x81, 0xd1,
  0x82, 0xd0, 0xb8, 0x3c, 0x2f, 0x78, 0x73, 0x3a, 0x64, 0x6f, 0x63, 0x75, 0x6d,
  0x65, 0x6e, 0x74, 0x61, 0x74, 0x69, 0x6f, 0x6e, 0x3e, 0x0d, 0x0a, 0x09, 0x09,
  0x3c, 0x2f, 0x78, 0x73, 0x3a, 0x61, 0x6e, 0x6e, 0x6f, 0x74, 0x61, 0x74, 0x69,
  0x6f, 0x6e, 0x3e, 0x0d, 0x0a, 0x09, 0x09, 0x3c, 0x78, 0x73, 0x3a, 0x73, 0x65,
  0x71, 0x75, 0x65, 0x6e, 0x63, 0x65, 0x3e, 0x0d, 0x0a, 0x09, 0x09, 0x09, 0x3c,
  0x78, 0x73, 0x3a, 0x65, 0x6c, 0x65, 0x6d, 0x65, 0x6e, 0x74, 0x20, 0x6e, 0x61,
  0x6d, 0x65, 0x3d, 0x22, 0xd0, 0x9a, 0xd0, 0xbe, 0xd0, 0xb4, 0xd0, 0x9d, 0xd0,
  0x9e, 0xd0, 0x94, 0xd0, 0xb5, 0xd0, 0xb9, 0xd1, 0x81, 0xd1, 0x82, 0x22, 0x20,
  0x74, 0x79, 0x70, 0x65, 0x3d, 0x22, 0xd0, 0xa1, 0xd0, 0x9e, 0xd0, 0x9d, 0xd0,
  0x9e, 0xd0, 0xa2, 0xd0, 0xb8, 0xd0, 0xbf, 0x22, 0x20, 0x6d, 0x69, 0x6e, 0x4f,
  0x63, 0x63, 0x75, 0x72, 0x73, 0x3d, 0x22, 0x30, 0x22, 0x20, 0x6d, 0x61, 0x78,
  0x4f, 0x63, 0x63, 0x75, 0x72, 0x73, 0x3d, 0x22, 0x75, 0x6e, 0x62, 0x6f, 0x75,
  0x6e, 0x64, 0x65, 0x64, 0x22, 0x3e, 0x0d, 0x0a, 0x09, 0x09, 0x09, 0x09, 0x3c,
  0x78, 0x73, 0x3a, 0x61, 0x6e, 0x6e, 0x6f, 0x74, 0x61, 0x74, 0x69, 0x6f, 0x6e,
  0x3e, 0x0d, 0x0a, 0x09, 0x09, 0x09, 0x09, 0x09, 0x3c, 0x78, 0x73, 0x3a, 0x64,
  0x6f, 0x63, 0x75, 0x6d, 0x65, 0x6e, 0x74, 0x61, 0x74, 0x69, 0x6f, 0x6e, 0x3e,
  0xd0, 0x9a, 0xd0, 0xbe, 0xd0, 0xb4, 0x20, 0xd0, 0xbd, 0xd0, 0xb0, 0xd0, 0xbb,
  0xd0, 0xbe, 0xd0, 0xb3, 0xd0, 0xbe, 0xd0, 0xb2, 0xd0, 0xbe, 0xd0, 0xb3, 0xd0,
  0xbe, 0x20, 0xd0, 0xbe, 0xd1, 0x80, 0xd0, 0xb3, 0xd0, 0xb0, 0xd0, 0xbd, 0xd0,
  0xb0, 0x2c, 0x20, 0xd0, 0xb2, 0x20, 0xd0, 0xbe, 0xd1, 0x82, 0xd0, 0xbd, 0xd0,
  0xbe, 0xd1, 0x88, 0xd0, 0xb5, 0xd0, 0xbd, 0xd0, 0xb8, 0xd0, 0xb8, 0x20, 0xd0,
  0xba, 0xd0, 0xbe, 0xd1, 0x82, 0xd0, 0xbe, 0xd1, 0x80, 0xd0, 0xbe, 0xd0, 0xb3,
  0xd0, 0xbe, 0x20, 0xd0, 0xb4, 0xd0, 0xb5, 0xd0, 0xb9, 0xd1, 0x81, 0xd1, 0x82,
  0xd0, 0xb2, 0xd1, 0x83, 0xd0, 0xb5, 0xd1, 0x82, 0x20, 0xd0, 0xb4, 0xd0, 0xbe,
  0xd0, 0xb2, 0xd0, 0xb5, 0xd1, 0x80, 0xd0, 0xb5, 0xd0, 0xbd, 0xd0, 0xbd, 0xd0,
  0xbe, 0xd1, 0x81, 0xd1, 0x82, 0xd1, 0x8c, 0x3c, 0x2f, 0x78, 0x73, 0x3a, 0x64,
  0x6f, 0x63, 0x75, 0x6d, 0x65, 0x6e, 0x74, 0x61, 0x74, 0x69, 0x6f, 0x6e, 0x3e,
  0x0d, 0x0a, 0x09, 0x09, 0x09, 0x09, 0x3c, 0x2f, 0x78, 0x73, 0x3a, 0x61, 0x6e,
  0x6e, 0x6f, 0x74, 0x61, 0x74, 0x69, 0x6f, 0x6e, 0x3e, 0x0d, 0x0a, 0x09, 0x09,
  0x09, 0x3c, 0x2f, 0x78, 0x73, 0x3a, 0x65, 0x6c, 0x65, 0x6d, 0x65, 0x6e, 0x74,
  0x3e, 0x0d, 0x0a, 0x09, 0x09, 0x09, 0x3c, 0x78, 0x73, 0x3a, 0x65, 0x6c, 0x65,
  0x6d, 0x65, 0x6e, 0x74, 0x20, 0x6e, 0x61, 0x6d, 0x65, 0x3d, 0x22, 0xd0, 0xa1,
  0xd0, 0xb2, 0xd0, 0xb5, 0xd0, 0xb4, 0xd0, 0xa1, 0xd0, 0xb8, 0xd1, 0x81, 0xd1,
  0x82, 0x22, 0x3e, 0x0d, 0x0a, 0x09, 0x09, 0x09, 0x09, 0x3c, 0x78, 0x73, 0x3a,
  0x61, 0x6e, 0x6e, 0x6f, 0x74, 0x61, 0x74, 0x69, 0x6f, 0x6e, 0x3e, 0x0d, 0x0a,
  0x09, 0x09, 0x09, 0x09, 0x09, 0x3c, 0x78, 0x73, 0x3a, 0x64, 0x6f, 0x63, 0x75,
  0x6d, 0x65, 0x6e, 0x74, 0x61, 0x74, 0x69, 0x6f, 0x6e, 0x3e, 0xd0, 0xa1, 0xd0,
  0xb2, 0xd0, 0xb5, 0xd0, 0xb4, 0xd0, 0xb5, 0xd0, 0xbd, 0xd0, 0xb8, 0xd1, 0x8f,
  0x20, 0xd0, 0xbe, 0xd0, 0xb1, 0x20, 0xd0, 0xb8, 0xd0, 0xbd, 0xd1, 0x84, 0xd0,
  0xbe, 0xd1, 0x80, 0xd0, 0xbc, 0xd0, 0xb0, 0xd1, 0x86, 0xd0, 0xb8, 0xd0, 0xbe,
  0xd0, 0xbd, 0xd0, 0xbd, 0xd0, 0xbe, 0xd0, 0xb9, 0x20, 0xd1, 0x81, 0xd0, 0xb8,
  0xd1, 0x81, 0xd1, 0x82, 0xd0, 0xb5, 0xd0, 0xbc, 0xd0, 0xb5, 0x2c, 0x20, 0xd0,
  0xba, 0xd0, 0xbe, 0xd1, 0x82, 0xd0, 0xbe, 0xd1, 0x80, 0xd0, 0xb0, 0xd1, 0x8f,
  0x20, 0xd0, 0xbf, 0xd1, 0x80, 0xd0, 0xb5, 0xd0, 0xb4, 0xd0, 0xbe, 0xd1, 0x81,
  0xd1, 0x82, 0xd0, 0xb0, 0xd0, 0xb2, 0xd0, 0xbb, 0xd1, 0x8f, 0xd0, 0xb5, 0xd1,
  0x82, 0x20, 0xd1, 0x82, 0xd0, 0xb5, 0xd1, 0x85, 0xd0, 0xbd, 0xd0, 0xb8, 0xd1,
  0x87, 0xd0, 0xb5, 0xd1, 0x81, 0xd0, 0xba, 0xd1, 0x83, 0xd1, 0x8e, 0x20, 0xd0,
  0xb2, 0xd0, 0xbe, 0xd0, 0xb7, 0xd0, 0xbc, 0xd0, 0xbe, 0xd0, 0xb6, 0xd0, 0xbd,
  0xd0, 0xbe, 0xd1, 0x81, 0xd1, 0x82, 0xd1, 0x8c, 0x20, 0xd0, 0xbf, 0xd0, 0xbe,
  0xd0, 0xbb, 0xd1, 0x83, 0xd1, 0x87, 0xd0, 0xb5, 0xd0, 0xbd, 0xd0, 0xb8, 0xd1,
  0x8f, 0x20, 0xd0, 0xb8, 0xd0, 0xbd, 0xd1, 0x84, 0xd0, 0xbe, 0xd1, 0x80, 0xd0,
  0xbc, 0xd0, 0xb0, 0xd1, 0x86, 0xd0, 0xb8, 0xd0, 0xb8, 0x20, 0xd0, 0xbe, 0x20,
  0xd0, 0xb4, 0xd0, 0xbe, 0xd0, 0xb2, 0xd0, 0xb5, 0xd1, 0x80, 0xd0, 0xb5, 0xd0,
  0xbd, 0xd0, 0xbd, 0xd0, 0xbe, 0xd1, 0x81, 0xd1, 0x82, 0xd0, 0xb8, 0x2c, 0x20,
  0xd0, 0xb4, 0xd0, 0xbe, 0xd1, 0x81, 0xd1, 0x80, 0xd0, 0xbe, 0xd1, 0x87, 0xd0,
  0xbd, 0xd0, 0xbe, 0xd0, 0xbc, 0x20, 0xd0, 0xbf, 0xd1, 0x80, 0xd0, 0xb5, 0xd0,
  0xba, 0xd1, 0x80, 0xd0, 0xb0, 0xd1, 0x89, 0xd0, 0xb5, 0xd0, 0xbd, 0xd0, 0xb8,
  0xd0, 0xb8, 0x20, 0xd0, 0xb4, 0xd0, 0xb5, 0xd0, 0xb9, 0xd1, 0x81, 0xd1, 0x82,
  0xd0, 0xb2, 0xd0, 0xb8, 0xd1, 0x8f, 0x20, 0xd0, 0xb4, 0xd0, 0xbe, 0xd0, 0xb2,
  0xd0, 0xb5, 0xd1, 0x80, 0xd0, 0xb5, 0xd0, 0xbd, 0xd0, 0xbd, 0xd0, 0xbe, 0xd1,
  0x81, 0xd1, 0x82, 0xd0, 0xb8, 0x2c, 0x20, 0xd0, 0xb2, 0x20, 0xd1, 0x82, 0xd0,
  0xbe, 0xd0, 0xbc, 0x20, 0xd1, 0x87, 0xd0, 0xb8, 0xd1, 0x81, 0xd0, 0xbb, 0xd0,
  0xb5, 0x20, 0xd0, 0xb2, 0x20, 0xd1, 0x81, 0xd0, 0xb8, 0xd0, 0xbb, 0xd1, 0x83,
  0x20, 0xd0, 0xb5, 0xd0, 0xb5, 0x20, 0xd0, 0xbe, 0xd1, 0x82, 0xd0, 0xbc, 0xd0,
  0xb5, 0xd0, 0xbd, 0xd1, 0x8b, 0x20, 0xd0, 0xb4, 0xd0, 0xbe, 0xd0, 0xb2, 0xd0,
  0xb5, 0xd1, 0x80, 0xd0, 0xb8, 0xd1, 0x82, 0xd0, 0xb5, 0xd0, 0xbb, 0xd0, 0xb5,
  0xd0, 0xbc, 0x3c, 0x2f, 0x78, 0x73, 0x3a, 0x64, 0x6f, 0x63, 0x75, 0x6d, 0x65,
  0x6e, 0x74, 0x61, 0x74, 0x69, 0x6f, 0x6e, 0x3e, 0x0d, 0x0a, 0x09, 0x09, 0x09,
  0x09, 0x3c, 0x2f, 0x78, 0x73, 0x3a, 0x61, 0x6e, 0x6e, 0x6f, 0x74, 0x61, 0x74,
  0x69, 0x6f, 0x6e, 0x3e, 0x0d, 0x0a, 0x09, 0x09, 0x09, 0x09, 0x3c, 0x78, 0x73,
  0x3a, 0x73, 0x69, 0x6d, 0x70, 0x6c, 0x65, 0x54, 0x79, 0x70, 0x65, 0x3e, 0x0d,
  0x0a, 0x09, 0x09, 0x09, 0x09, 0x09, 0x3c, 0x78, 0x73, 0x3a, 0x72, 0x65, 0x73,
  0x74, 0x72, 0x69, 0x63, 0x74, 0x69, 0x6f, 0x6e, 0x20, 0x62, 0x61, 0x73, 0x65,
  0x3d, 0x22, 0x78, 0x73, 0x3a, 0x73, 0x74, 0x72, 0x69, 0x6e, 0x67, 0x22, 0x3e,
  0x0d, 0x0a, 0x09, 0x09, 0x09, 0x09, 0x09, 0x09, 0x3c, 0x78, 0x73, 0x3a, 0x6d,
  0x69, 0x6e, 0x4c, 0x65, 0x6e, 0x67, 0x74, 0x68, 0x20, 0x76, 0x61, 0x6c, 0x75,
  0x65, 0x3d, 0x22, 0x31, 0x22, 0x2f, 0x3e, 0x0d, 0x0a, 0x09, 0x09, 0x09, 0x09,
  0x09, 0x09, 0x3c, 0x78, 0x73, 0x3a, 0x6d, 0x61, 0x78, 0x4c, 0x65, 0x6e, 0x67,
  0x74, 0x68, 0x20, 0x76, 0x61, 0x6c, 0x75, 0x65, 0x3d, 0x22, 0x31, 0x30, 0x30,
  0x30, 0x22, 0x2f, 0x3e, 0x0d, 0x0a, 0x09, 0x09, 0x09, 0x09, 0x09, 0x3c, 0x2f,
  0x78, 0x73, 0x3a, 0x72, 0x65, 0x73, 0x74, 0x72, 0x69, 0x63, 0x74, 0x69, 0x6f,
  0x6e, 0x3e, 0x0d, 0x0a, 0x09, 0x09, 0x09, 0x09, 0x3c, 0x2f, 0x78, 0x73, 0x3a,
  0x73, 0x69, 0x6d, 0x70, 0x6c, 0x65, 0x54, 0x79, 0x70, 0x65, 0x3e, 0x0d, 0x0a,
  0x09, 0x09, 0x09, 0x3c, 0x2f, 0x78, 0x73, 0x3a, 0x65, 0x6c, 0x65, 0x6d, 0x65,
  0x6e, 0x74, 0x3e, 0x0d, 0x0a, 0x09, 0x09, 0x09, 0x3c, 0x78, 0x73, 0x3a, 0x65,
  0x6c, 0x65, 0x6d, 0x65, 0x6e, 0x74, 0x20, 0x6e, 0x61, 0x6d, 0x65, 0x3d, 0x22,
  0xd0, 0x91, 0xd0, 0xb5, 0xd0, 0xb7, 0xd0, 0xbe, 0xd1, 0x82, 0xd0, 0xb7, 0xd1,
  0x8b, 0xd0, 0xb2, 0x22, 0x20, 0x6d, 0x69, 0x6e, 0x4f, 0x63, 0x63, 0x75, 0x72,
  0x73, 0x3d, 0x22, 0x30, 0x22, 0x3e, 0x0d, 0x0a, 0x09, 0x09, 0x09, 0x09, 0x3c,
  0x78, 0x73, 0x3a, 0x61, 0x6e, 0x6e, 0x6f, 0x74, 0x61, 0x74, 0x69, 0x6f, 0x6e,
  0x3e, 0x0d, 0x0a, 0x09, 0x09, 0x09, 0x09, 0x09, 0x3c, 0x78, 0x73, 0x3a, 0x64,
  0x6f, 0x63, 0x75, 0x6d, 0x65, 0x6e, 0x74, 0x61, 0x74, 0x69, 0x6f, 0x6e, 0x3e,
  0xd0, 0xa1, 0xd0, 0xb2, 0xd0, 0xb5, 0xd0, 0xb4, 0xd0, 0xb5, 0xd0, 0xbd, 0xd0,
  0xb8, 0xd1, 0x8f, 0x20, 0xd0, 0xbe, 0x20, 0xd0, 0xb1, 0xd0, 0xb5, 0xd0, 0xb7,
  0xd0, 0xbe, 0xd1, 0x82, 0xd0, 0xb7, 0xd1, 0x8b, 0xd0, 0xb2, 0xd0, 0xbd, 0xd0,
  0xbe, 0xd0, 0xb9, 0x20, 0xd0, 0xb4, 0xd0, 0xbe, 0xd0, 0xb2, 0xd0, 0xb5, 0xd1,
  0x80, 0xd0, 0xb5, 0xd0, 0xbd, 0xd0, 0xbd, 0xd0, 0xbe, 0xd1, 0x81, 0xd1, 0x82,
  0xd0, 0xb8, 0x3c, 0x2f, 0x78, 0x73, 0x3a, 0x64, 0x6f, 0x63, 0x75, 0x6d, 0x65,
  0x6e, 0x74, 0x61, 0x74, 0x69, 0x6f, 0x6e, 0x3e, 0x0d, 0x0a, 0x09, 0x09, 0x09,
  0x09, 0x3c, 0x2f, 0x78, 0x73, 0x3a, 0x61, 0x6e, 0x6e, 0x6f, 0x74, 0x61, 0x74,
  0x69, 0x6f, 0x6e, 0x3e, 0x0d, 0x0a, 0x09, 0x09, 0x09, 0x09, 0x3c, 0x78, 0x73,
  0x3a, 0x63, 0x6f, 0x6d, 0x70, 0x6c, 0x65, 0x78, 0x54, 0x79, 0x70, 0x65, 0x3e,
  0x0d, 0x0a, 0x09, 0x09, 0x09, 0x09, 0x09, 0x3c, 0x78, 0x73, 0x3a, 0x73, 0x65,
  0x71, 0x75, 0x65, 0x6e, 0x63, 0x65, 0x3e, 0x0d, 0x0a, 0x09, 0x09, 0x09, 0x09,
  0x09, 0x09, 0x3c, 0x78, 0x73, 0x3a, 0x65, 0x6c, 0x65, 0x6d, 0x65, 0x6e, 0x74,
  0x20, 0x6e, 0x61, 0x6d, 0x65, 0x3d, 0x22, 0xd0, 0x9e, 0xd0, 0xbf, 0xd0, 0xb8,
  0xd1, 0x81, 0xd0, 0xa3, 0xd1, 0x81, 0xd0, 0xbb, 0xd0, 0x9e, 0xd1, 0x82, 0x22,
  0x20, 0x6d, 0x69, 0x6e, 0x4f, 0x63, 0x63, 0x75, 0x72, 0x73, 0x3d, 0x22, 0x30,
  0x22, 0x3e, 0x0d, 0x0a, 0x09, 0x09, 0x09, 0x09, 0x09, 0x09, 0x09, 0x3c, 0x78,
  0x73, 0x3a, 0x61, 0x6e, 0x6e, 0x6f, 0x74, 0x61, 0x74, 0x69, 0x6f, 0x6e, 0x3e,
  0x0d, 0x0a, 0x09, 0x09, 0x09, 0x09, 0x09, 0x09, 0x09, 0x09, 0x3c, 0x78, 0x73,
  0x3a, 0x64, 0x6f, 0x63, 0x75, 0x6d, 0x65, 0x6e, 0x74, 0x61, 0x74, 0x69, 0x6f,
  0x6e, 0x3e, 0xd0, 0x9e, 0xd0, 0xbf, 0xd0, 0xb8, 0xd1, 0x81, 0xd0, 0xb0, 0xd0,
  0xbd, 0xd0, 0xb8, 0xd0, 0xb5, 0x20, 0xd1, 0x83, 0xd1, 0x81, 0xd0, 0xbb, 0xd0,
  0xbe, 0xd0, 0xb2, 0xd0, 0xb8, 0xd1, 0x8f, 0x20, 0xd0, 0xbe, 0xd1, 0x82, 0xd0,
  0xb7, 0xd1, 0x8b, 0xd0, 0xb2, 0xd0, 0xb0, 0x20, 0xd0, 0xb1, 0xd0, 0xb5, 0xd0,
  0xb7, 0xd0, 0xbe, 0xd1, 0x82, 0xd0, 0xb7, 0xd1, 0x8b, 0xd0, 0xb2, 0xd0, 0xbd,
  0xd0, 0xbe, 0xd0, 0xb9, 0x20, 0xd0, 0xb4, 0xd0, 0xbe, 0xd0, 0xb2, 0xd0, 0xb5,
  0xd1, 0x80, 0xd0, 0xb5, 0xd0, 0xbd, 0xd0, 0xbd, 0xd0, 0xbe, 0xd1, 0x81, 0xd1,
  0x82, 0xd0, 0xb8, 0x3c, 0x2f, 0x78, 0x73, 0x3a, 0x64, 0x6f, 0x63, 0x75, 0x6d,
  0x65, 0x6e, 0x74, 0x61, 0x74, 0x69, 0x6f, 0x6e, 0x3e, 0x0d, 0x0a, 0x09, 0x09,
  0x09, 0x09, 0x09, 0x09, 0x09, 0x3c, 0x2f, 0x78, 0x73, 0x3a, 0x61, 0x6e, 0x6e,
  0x6f, 0x74, 0x61, 0x74, 0x69, 0x6f, 0x6e, 0x3e, 0x0d, 0x0a, 0x09, 0x09, 0x09,
  0x09, 0x09, 0x09, 0x09, 0x3c, 0x78, 0x73, 0x3a, 0x73, 0x69, 0x6d, 0x70, 0x6c,
  0x65, 0x54, 0x79, 0x70, 0x65, 0x3e, 0x0d, 0x0a, 0x09, 0x09, 0x09, 0x09, 0x09,
  0x09, 0x09, 0x09, 0x3c, 0x78, 0x73, 0x3a, 0x72, 0x65, 0x73, 0x74, 0x72, 0x69,
  0x63, 0x74, 0x69, 0x6f, 0x6e, 0x20, 0x62, 0x61, 0x73, 0x65, 0x3d, 0x22, 0x78,
  0x73, 0x3a, 0x73, 0x74, 0x72, 0x69, 0x6e, 0x67, 0x22, 0x3e, 0x0d, 0x0a, 0x09,
  0x09, 0x09, 0x09, 0x09, 0x09, 0x09, 0x09, 0x09, 0x3c, 0x78, 0x73, 0x3a, 0x6d,
  0x69, 0x6e, 0x4c, 0x65, 0x6e, 0x67, 0x74, 0x68, 0x20, 0x76, 0x61, 0x6c, 0x75,
  0x65, 0x3d, 0x22, 0x31, 0x22, 0x2f, 0x3e, 0x0d, 0x0a, 0x09, 0x09, 0x09, 0x09,
  0x09, 0x09, 0x09, 0x09, 0x09, 0x3c, 0x78, 0x73, 0x3a, 0x6d, 0x61, 0x78, 0x4c,
  0x65, 0x6e, 0x67, 0x74, 0x68, 0x20, 0x76, 0x61, 0x6c, 0x75, 0x65, 0x3d, 0x22,
  0x31, 0x30, 0x30, 0x30, 0x22, 0x2f, 0x3e, 0x0d, 0x0a, 0x09, 0x09, 0x09, 0x09,
  0x09, 0x09, 0x09, 0x09, 0x3c, 0x2f, 0x78, 0x73, 0x3a, 0x72, 0x65, 0x73, 0x74,
  0x72, 0x69, 0x63, 0x74, 0x69, 0x6f, 0x6e, 0x3e, 0x0d, 0x0a, 0x09, 0x09, 0x09,
  0x09, 0x09, 0x09, 0x09, 0x3c, 0x2f, 0x78, 0x73, 0x3a, 0x73, 0x69, 0x6d, 0x70,
  0x6c, 0x65, 0x54, 0x79, 0x70, 0x65, 0x3e, 0x0d, 0x0a, 0x09, 0x09, 0x09, 0x09,
  0x09, 0x09, 0x3c, 0x2f, 0x78, 0x73, 0x3a, 0x65, 0x6c, 0x65, 0x6d, 0x65, 0x6e,
  0x74, 0x3e, 0x0d, 0x0a, 0x09, 0x09, 0x09, 0x09, 0x09, 0x3c, 0x2f, 0x78, 0x73,
  0x3a, 0x73, 0x65, 0x71, 0x75, 0x65, 0x6e, 0x63, 0x65, 0x3e, 0x0d, 0x0a, 0x09,
  0x09, 0x09, 0x09, 0x09, 0x3c, 0x78, 0x73, 0x3a, 0x61, 0x74, 0x74, 0x72, 0x69,
  0x62, 0x75, 0x74, 0x65, 0x20, 0x6e, 0x61, 0x6d, 0x65, 0x3d, 0x22, 0xd0, 0x9f,
  0xd1, 0x80, 0xd0, 0x9f, 0xd0, 0xb5, 0xd1, 0x80, 0xd0, 0x91, 0xd0, 0xb5, 0xd0,
  0xb7, 0xd0, 0x94, 0xd0, 0xbe, 0xd0, 0xb2, 0x22, 0x20, 0x75, 0x73, 0x65, 0x3d,
  0x22, 0x72, 0x65, 0x71, 0x75, 0x69, 0x72, 0x65, 0x64, 0x22, 0x3e, 0x0d, 0x0a,
  0x09, 0x09, 0x09, 0x09, 0x09, 0x09, 0x3c, 0x78, 0x73, 0x3a, 0x61, 0x6e, 0x6e,
  0x6f, 0x74, 0x61, 0x74, 0x69, 0x6f, 0x6e, 0x3e, 0x0d, 0x0a, 0x09, 0x09, 0x09,
  0x09, 0x09, 0x09, 0x09, 0x3c, 0x78, 0x73, 0x3a, 0x64, 0x6f, 0x63, 0x75, 0x6d,
  0x65, 0x6e, 0x74, 0x61, 0x74, 0x69, 0x6f, 0x6e, 0x3e, 0xd0, 0x9f, 0xd1, 0x80,
  0xd0, 0xb8, 0xd0, 0xb7, 0xd0, 0xbd, 0xd0, 0xb0, 0xd0, 0xba, 0x20, 0xd0, 0xbf,
  0xd0, 0xb5, 0xd1, 0x80, 0xd0, 0xb5, 0xd0, 0xb4, 0xd0, 0xbe, 0xd0, 0xb2, 0xd0,
  0xb5, 0xd1, 0x80, 0xd0, 0xb8, 0xd1, 0x8f, 0x20, 0xd0, 0xb1, 0xd0, 0xb5, 0xd0,
  0xb7, 0xd0, 0xbe, 0xd1, 0x82, 0xd0, 0xb7, 0xd1, 0x8b, 0xd0, 0xb2, 0xd0, 0xbd,
  0xd0, 0xbe, 0xd0, 0xb9, 0x20, 0xd0, 0xb4, 0xd0, 0xbe, 0xd0, 0xb2, 0xd0, 0xb5,
  0xd1, 0x80, 0xd0, 0xb5, 0xd0, 0xbd, 0xd0, 0xbd, 0xd0, 0xbe, 0xd1, 0x81, 0xd1,
  0x82, 0xd0, 0xb8, 0x3c, 0x2f, 0x78, 0x73, 0x3a, 0x64, 0x6f, 0x63, 0x75, 0x6d,
  0x65, 0x6e, 0x74, 0x61, 0x74, 0x69, 0x6f, 0x6e, 0x3e, 0x0d, 0x0a, 0x09, 0x09,
  0x09, 0x09, 0x09, 0x09, 0x3c, 0x2f, 0x78, 0x73, 0x3a, 0x61, 0x6e, 0x6e, 0x6f,
  0x74, 0x61, 0x74, 0x69, 0x6f, 0x6e, 0x3e, 0x0d, 0x0a, 0x09, 0x09, 0x09, 0x09,
  0x09, 0x09, 0x3c, 0x78, 0x73, 0x3a, 0x73, 0x69, 0x6d, 0x70, 0x6c, 0x65, 0x54,
  0x79, 0x70, 0x65, 0x3e, 0x0d, 0x0a, 0x09, 0x09, 0x09, 0x09, 0x09, 0x09, 0x09,
  0x3c, 0x78, 0x73, 0x3a, 0x72, 0x65, 0x73, 0x74, 0x72, 0x69, 0x63, 0x74, 0x69,
  0x6f, 0x6e, 0x20, 0x62, 0x61, 0x73, 0x65, 0x3d, 0x22, 0x78, 0x73, 0x3a, 0x73,
  0x74, 0x72, 0x69, 0x6e, 0x67, 0x22, 0x3e, 0x0d, 0x0a, 0x09, 0x09, 0x09, 0x09,
  0x09, 0x09, 0x09, 0x09, 0x3c, 0x78, 0x73, 0x3a, 0x6c, 0x65, 0x6e, 0x67, 0x74,
  0x68, 0x20, 0x76, 0x61, 0x6c, 0x75, 0x65, 0x3d, 0x22, 0x31, 0x22, 0x2f, 0x3e,
  0x0d, 0x0a, 0x09, 0x09, 0x09, 0x09, 0x09, 0x09, 0x09, 0x09, 0x3c, 0x78, 0x73,
  0x3a, 0x65, 0x6e, 0x75, 0x6d, 0x65, 0x72, 0x61, 0x74, 0x69, 0x6f, 0x6e, 0x20,
  0x76, 0x61, 0x6c, 0x75, 0x65, 0x3d, 0x22, 0x31, 0x22, 0x2f, 0x3e, 0x0d, 0x0a,
  0x09, 0x09, 0x09, 0x09, 0x09, 0x09, 0x09, 0x09, 0x3c, 0x78, 0x73, 0x3a, 0x65,
  0x6e, 0x75, 0x6d, 0x65, 0x72, 0x61, 0x74, 0x69, 0x6f, 0x6e, 0x20, 0x76, 0x61,
  0x6c, 0x75, 0x65, 0x3d, 0x22, 0x32, 0x22, 0x2f, 0x3e, 0x0d, 0x0a, 0x09, 0x09,
  0x09, 0x09, 0x09, 0x09, 0x09, 0x3c, 0x2f, 0x78, 0x73, 0x3a, 0x72, 0x65, 0x73,
  0x74, 0x72, 0x69, 0x63, 0x74, 0x69, 0x6f, 0x6e, 0x3e, 0x0d, 0x0a, 0x09, 0x09,
  0x09, 0x09, 0x09, 0x09, 0x3c, 0x2f, 0x78, 0x73, 0x3a, 0x73, 0x69, 0x6d, 0x70,
  0x6c, 0x65, 0x54, 0x79, 0x70, 0x65, 0x3e, 0x0d, 0x0a, 0x09, 0x09, 0x09, 0x09,
  0x09, 0x3c, 0x2f, 0x78, 0x73, 0x3a, 0x61, 0x74, 0x74, 0x72, 0x69, 0x62, 0x75,
  0x74, 0x65, 0x3e, 0x0d, 0x0a, 0x09, 0x09, 0x09, 0x09, 0x09, 0x3c, 0x78, 0x73,
  0x3a, 0x61, 0x74, 0x74, 0x72, 0x69, 0x62, 0x75, 0x74, 0x65, 0x20, 0x6e, 0x61,
  0x6d, 0x65, 0x3d, 0x22, 0xd0, 0xa3, 0xd1, 0x81, 0xd0, 0xbb, 0xd0, 0x9e, 0xd1,
  0x82, 0xd0, 0xb7, 0xd1, 0x8b, 0xd0, 0xb2, 0xd0, 0xb0, 0x22, 0x20, 0x75, 0x73,
  0x65, 0x3d, 0x22, 0x72, 0x65, 0x71, 0x75, 0x69, 0x72, 0x65, 0x64, 0x22, 0x3e,
  0x0d, 0x0a, 0x09, 0x09, 0x09, 0x09, 0x09, 0x09, 0x3c, 0x78, 0x73, 0x3a, 0x61,
  0x6e, 0x6e, 0x6f, 0x74, 0x61, 0x74, 0x69, 0x6f, 0x6e, 0x3e, 0x0d, 0x0a, 0x09,
  0x09, 0x09, 0x09, 0x09, 0x09, 0x09, 0x3c, 0x78, 0x73, 0x3a, 0x64, 0x6f, 0x63,
  0x75, 0x6d, 0x65, 0x6e, 0x74, 0x61, 0x74, 0x69, 0x6f, 0x6e, 0x3e, 0xd0, 0xa3,
  0xd1, 0x81, 0xd0, 0xbb, 0xd0, 0xbe, 0xd0, 0xb2, 0xd0, 0xb8, 0xd0, 0xb5, 0x20,
  0xd0, 0xbe, 0xd1, 0x82, 0xd0, 0xb7, 0xd1, 0x8b, 0xd0, 0xb2, 0xd0, 0xb0, 0x20,
  0xd0, 0xb1, 0xd0, 0xb5, 0xd0, 0xb7, 0xd0, 0xbe, 0xd1, 0x82, 0xd0, 0xb7, 0xd1,
  0x8b, 0xd0, 0xb2, 0xd0, 0xbd, 0xd0, 0xbe, 0xd0, 0xb9, 0x20, 0xd0, 0xb4, 0xd0,
  0xbe, 0xd0, 0xb2, 0xd0, 0xb5, 0xd1, 0x80, 0xd0, 0xb5, 0xd0, 0xbd, 0xd0, 0xbd,
  0xd0, 0xbe, 0xd1, 0x81, 0xd1, 0x82, 0xd0, 0xb8, 0x3c, 0x2f, 0x78, 0x73, 0x3a,
  0x64, 0x6f, 0x63, 0x75, 0x6d, 0x65, 0x6e, 0x74, 0x61, 0x74, 0x69, 0x6f, 0x6e,
  0x3e, 0x0d, 0x0a, 0x09, 0x09, 0x09, 0x09, 0x09, 0x09, 0x3c, 0x2f, 0x78, 0x73,
  0x3a, 0x61, 0x6e, 0x6e, 0x6f, 0x74, 0x61, 0x74, 0x69, 0x6f, 0x6e, 0x3e, 0x0d,
  0x0a, 0x09, 0x09, 0x09, 0x09, 0x09, 0x09, 0x3c, 0x78, 0x73, 0x3a, 0x73, 0x69,
  0x6d, 0x70, 0x6c, 0x65, 0x54, 0x79, 0x70, 0x65, 0x3e, 0x0d, 0x0a, 0x09, 0x09,
  0x09, 0x09, 0x09, 0x09, 0x09, 0x3c, 0x78, 0x73, 0x3a, 0x72, 0x65, 0x73, 0x74,
  0x72, 0x69, 0x63, 0x74, 0x69, 0x6f, 0x6e, 0x20, 0x62, 0x61, 0x73, 0x65, 0x3d,
  0x22, 0x78, 0x73, 0x3a, 0x73, 0x74, 0x72, 0x69, 0x6e, 0x67, 0x22, 0x3e, 0x0d,
  0x0a, 0x09, 0x09, 0x09, 0x09, 0x09, 0x09, 0x09, 0x09, 0x3c, 0x78, 0x73, 0x3a,
  0x6c, 0x65, 0x6e, 0x67, 0x74, 0x68, 0x20, 0x76, 0x61, 0x6c, 0x75, 0x65, 0x3d,
  0x22, 0x31, 0x22, 0x2f, 0x3e, 0x0d, 0x0a, 0x09, 0x09, 0x09, 0x09, 0x09, 0x09,
  0x09, 0x09, 0x3c, 0x78, 0x73, 0x3a, 0x65, 0x6e, 0x75, 0x6d, 0x65, 0x72, 0x61,
  0x74, 0x69, 0x6f, 0x6e, 0x20, 0x76, 0x61, 0x6c, 0x75, 0x65, 0x3d, 0x22, 0x31,
  0x22, 0x2f, 0x3e, 0x0d, 0x0a, 0x09, 0x09, 0x09, 0x09, 0x09, 0x09, 0x09, 0x09,
  0x3c, 0x78, 0x73, 0x3a, 0x65, 0x6e, 0x75, 0x6d, 0x65, 0x72, 0x61, 0x74, 0x69,
  0x6f, 0x6e, 0x20, 0x76, 0x61, 0x6c, 0x75, 0x65, 0x3d, 0x22, 0x32, 0x22, 0x2f,
  0x3e, 0x0d, 0x0a, 0x09, 0x09, 0x09, 0x09, 0x09, 0x09, 0x09, 0x3c, 0x2f, 0x78,
  0x73, 0x3a, 0x72, 0x65, 0x73, 0x74, 0x72, 0x69, 0x63, 0x74, 0x69, 0x6f, 0x6e,
  0x3e, 0x0d, 0x0a, 0x09, 0x09, 0x09, 0x09, 0x09, 0x09, 0x3c, 0x2f, 0x78, 0x73,
  0x3a, 0x73, 0x69, 0x6d, 0x70, 0x6c, 0x65, 0x54, 0x79, 0x70, 0x65, 0x3e, 0x0d,
  0x0a, 0x09, 0x09, 0x09, 0x09, 0x09, 0x3c, 0x2f, 0x78, 0x73, 0x3a, 0x61, 0x74,
  0x74, 0x72, 0x69, 0x62, 0x75, 0x74, 0x65, 0x3e, 0x0d, 0x0a, 0x09, 0x09, 0x09,
  0x09, 0x3c, 0x2f, 0x78, 0x73, 0x3a, 0x63, 0x6f, 0x6d, 0x70, 0x6c, 0x65, 0x78,
  0x54, 0x79, 0x70, 0x65, 0x3e, 0x0d, 0x0a, 0x09, 0x09, 0x09, 0x3c, 0x2f, 0x78,
  0x73, 0x3a, 0x65, 0x6c, 0x65, 0x6d, 0x65, 0x6e, 0x74, 0x3e, 0x0d, 0x0a, 0x09,
  0x09, 0x3c, 0x2f, 0x78, 0x73, 0x3a, 0x73, 0x65, 0x71, 0x75, 0x65, 0x6e, 0x63,
  0x65, 0x3e, 0x0d, 0x0a, 0x09, 0x09, 0x3c, 0x78, 0x73, 0x3a, 0x61, 0x74, 0x74,
  0x72, 0x69, 0x62, 0x75, 0x74, 0x65, 0x20, 0x6e, 0x61, 0x6d, 0x65, 0x3d, 0x22,
  0xd0, 0x92, 0xd0, 0xb8, 0xd0, 0xb4, 0xd0, 0x94, 0xd0, 0xbe, 0xd0, 0xb2, 0xd0,
  0xb5, 0xd1, 0x80, 0x22, 0x20, 0x75, 0x73, 0x65, 0x3d, 0x22, 0x72, 0x65, 0x71,
  0x75, 0x69, 0x72, 0x65, 0x64, 0x22, 0x3e, 0x0d, 0x0a, 0x09, 0x09, 0x09, 0x3c,
  0x78, 0x73, 0x3a, 0x61, 0x6e, 0x6e, 0x6f, 0x74, 0x61, 0x74, 0x69, 0x6f, 0x6e,
  0x3e, 0x0d, 0x0a, 0x09, 0x09, 0x09, 0x09, 0x3c, 0x78, 0x73, 0x3a, 0x64, 0x6f,
  0x63, 0x75, 0x6d, 0x65, 0x6e, 0x74, 0x61, 0x74, 0x69, 0x6f, 0x6e, 0x3e, 0xd0,
  0x92, 0xd0, 0xb8, 0xd0, 0xb4, 0x20, 0xd0, 0xb4, 0xd0, 0xbe, 0xd0, 0xb2, 0xd0,
  0xb5, 0xd1, 0x80, 0xd0, 0xb5, 0xd0, 0xbd, 0xd0, 0xbd, 0xd0, 0xbe, 0xd1, 0x81,
  0xd1, 0x82, 0xd0, 0xb8, 0x3c, 0x2f, 0x78, 0x73, 0x3a, 0x64, 0x6f, 0x63, 0x75,
  0x6d, 0x65, 0x6e, 0x74, 0x61, 0x74, 0x69, 0x6f, 0x6e, 0x3e, 0x0d, 0x0a, 0x09,
  0x09, 0x09, 0x3c, 0x2f, 0x78, 0x73, 0x3a, 0x61, 0x6e, 0x6e, 0x6f, 0x74, 0x61,
  0x74, 0x69, 0x6f, 0x6e, 0x3e, 0x0d, 0x0a, 0x09, 0x09, 0x09, 0x3c, 0x78, 0x73,
  0x3a, 0x73, 0x69, 0x6d, 0x70, 0x6c, 0x65, 0x54, 0x79, 0x70, 0x65, 0x3e, 0x0d,
  0x0a, 0x09, 0x09, 0x09, 0x09, 0x3c, 0x78, 0x73, 0x3a, 0x72, 0x65, 0x73, 0x74,
  0x72, 0x69, 0x63, 0x74, 0x69, 0x6f, 0x6e, 0x20, 0x62, 0x61, 0x73, 0x65, 0x3d,
  0x22, 0x78, 0x73, 0x3a, 0x73, 0x74, 0x72, 0x69, 0x6e, 0x67, 0x22, 0x3e, 0x0d,
  0x0a, 0x09, 0x09, 0x09, 0x09, 0x09, 0x3c, 0x78, 0x73, 0x3a, 0x6c, 0x65, 0x6e,
  0x67, 0x74, 0x68, 0x20, 0x76, 0x61, 0x6c, 0x75, 0x65, 0x3d, 0x22, 0x31, 0x22,
  0x2f, 0x3e, 0x0d, 0x0a, 0x09, 0x09, 0x09, 0x09, 0x09, 0x3c, 0x78, 0x73, 0x3a,
  0x65, 0x6e, 0x75, 0x6d, 0x65, 0x72, 0x61, 0x74, 0x69, 0x6f, 0x6e, 0x20, 0x76,
  0x61, 0x6c, 0x75, 0x65, 0x3d, 0x22, 0x31, 0x22, 0x2f, 0x3e, 0x0d, 0x0a, 0x09,
  0x09, 0x09, 0x09, 0x09, 0x3c, 0x78, 0x73, 0x3a, 0x65, 0x6e, 0x75, 0x6d, 0x65,
  0x72, 0x61, 0x74, 0x69, 0x6f, 0x6e, 0x20, 0x76, 0x61, 0x6c, 0x75, 0x65, 0x3d,
  0x22, 0x32, 0x22, 0x2f, 0x3e, 0x0d, 0x0a, 0x09, 0x09, 0x09, 0x09, 0x3c, 0x2f,
  0x78, 0x73, 0x3a, 0x72, 0x65, 0x73, 0x74, 0x72, 0x69, 0x63, 0x74, 0x69, 0x6f,
  0x6e, 0x3e, 0x0d, 0x0a, 0x09, 0x09, 0x09, 0x3c, 0x2f, 0x78, 0x73, 0x3a, 0x73,
  0x69, 0x6d, 0x70, 0x6c, 0x65, 0x54, 0x79, 0x70, 0x65, 0x3e, 0x0d, 0x0a, 0x09,
  0x09, 0x3c, 0x2f, 0x78, 0x73, 0x3a, 0x61, 0x74, 0x74, 0x72, 0x69, 0x62, 0x75,
  0x74, 0x65, 0x3e, 0x0d, 0x0a, 0x09, 0x09, 0x3c, 0x78, 0x73, 0x3a, 0x61, 0x74,
  0x74, 0x72, 0x69, 0x62, 0x75, 0x74, 0x65, 0x20, 0x6e, 0x61, 0x6d, 0x65, 0x3d,
  0x22, 0xd0, 0x9f, 0xd1, 0x80, 0xd0, 0x9f, 0xd0, 0xb5, 0xd1, 0x80, 0xd0, 0xb5,
  0xd0, 0xb4, 0xd0, 0xbe, 0xd0, 0xb2, 0x22, 0x20, 0x75, 0x73, 0x65, 0x3d, 0x22,
  0x72, 0x65, 0x71, 0x75, 0x69, 0x72, 0x65, 0x64, 0x22, 0x3e, 0x0d, 0x0a, 0x09,
  0x09, 0x09, 0x3c, 0x78, 0x73, 0x3a, 0x61, 0x6e, 0x6e, 0x6f, 0x74, 0x61, 0x74,
  0x69, 0x6f, 0x6e, 0x3e, 0x0d, 0x0a, 0x09, 0x09, 0x09, 0x09, 0x3c, 0x78, 0x73,
  0x3a, 0x64, 0x6f, 0x63, 0x75, 0x6d, 0x65, 0x6e, 0x74, 0x61, 0x74, 0x69, 0x6f,
  0x6e, 0x3e, 0xd0, 0x9f, 0xd1, 0x80, 0xd0, 0xb8, 0xd0, 0xb7, 0xd0, 0xbd, 0xd0,
  0xb0, 0xd0, 0xba, 0x20, 0xd0, 0xb2, 0xd0, 0xbe, 0xd0, 0xb7, 0xd0, 0xbc, 0xd0,
  0xbe, 0xd0, 0xb6, 0xd0, 0xbd, 0xd0, 0xbe, 0xd1, 0x81, 0xd1, 0x82, 0xd0, 0xb8,
  0x20, 0xd0, 0xbe, 0xd1, 0x84, 0xd0, 0xbe, 0xd1, 0x80, 0xd0, 0xbc, 0xd0, 0xbb,
  0xd0, 0xb5, 0xd0, 0xbd, 0xd0, 0xb8, 0xd1, 0x8f, 0x20, 0xd0, 0xbf, 0xd0, 0xb5,
  0xd1, 0x80, 0xd0, 0xb5, 0xd0, 0xb4, 0xd0, 0xbe, 0xd0, 0xb2, 0xd0, 0xb5, 0xd1,
  0x80, 0xd0, 0xb8, 0xd1, 0x8f, 0x3c, 0x2f, 0x78, 0x73, 0x3a, 0x64, 0x6f, 0x63,
  0x75, 0x6d, 0x65, 0x6e, 0x74, 0x61, 0x74, 0x69, 0x6f, 0x6e, 0x3e, 0x0d, 0x0a,
  0x09, 0x09, 0x09, 0x3c, 0x2f, 0x78, 0x73, 0x3a, 0x61, 0x6e, 0x6e, 0x6f, 0x74,
  0x61, 0x74, 0x69, 0x6f, 0x6e, 0x3e, 0x0d, 0x0a, 0x09, 0x09, 0x09, 0x3c, 0x78,
  0x73, 0x3a, 0x73, 0x69, 0x6d, 0x70, 0x6c, 0x65, 0x54, 0x79, 0x70, 0x65, 0x3e,
  0x0d, 0x0a, 0x09, 0x09, 0x09, 0x09, 0x3c, 0x78, 0x73, 0x3a, 0x72, 0x65, 0x73,
  0x74, 0x72, 0x69, 0x63, 0x74, 0x69, 0x6f, 0x6e, 0x20, 0x62, 0x61, 0x73, 0x65,
  0x3d, 0x22, 0x78, 0x73, 0x3a, 0x73, 0x74, 0x72, 0x69, 0x6e, 0x67, 0x22, 0x3e,
  0x0d, 0x0a, 0x09, 0x09, 0x09, 0x09, 0x09, 0x3c, 0x78, 0x73, 0x3a, 0x6c, 0x65,
  0x6e, 0x67, 0x74, 0x68, 0x20, 0x76, 0x61, 0x6c, 0x75, 0x65, 0x3d, 0x22, 0x31,
  0x22, 0x2f, 0x3e, 0x0d, 0x0a, 0x09, 0x09, 0x09, 0x09, 0x09, 0x3c, 0x78, 0x73,
  0x3a, 0x65, 0x6e, 0x75, 0x6d, 0x65, 0x72, 0x61, 0x74, 0x69, 0x6f, 0x6e, 0x20,
  0x76, 0x61, 0x6c, 0x75, 0x65, 0x3d, 0x22, 0x31, 0x22, 0x2f, 0x3e, 0x0d, 0x0a,
  0x09, 0x09, 0x09, 0x09, 0x09, 0x3c, 0x78, 0x73, 0x3a, 0x65, 0x6e, 0x75, 0x6d,
  0x65, 0x72, 0x61, 0x74, 0x69, 0x6f, 0x6e, 0x20, 0x76, 0x61, 0x6c, 0x75, 0x65,
  0x3d, 0x22, 0x32, 0x22, 0x2f, 0x3e, 0x0d, 0x0a, 0x09, 0x09, 0x09, 0x09, 0x09,
  0x3c, 0x78, 0x73, 0x3a, 0x65, 0x6e, 0x75, 0x6d, 0x65, 0x72, 0x61, 0x74, 0x69,
  0x6f, 0x6e, 0x20, 0x76, 0x61, 0x6c, 0x75, 0x65, 0x3d, 0x22, 0x33, 0x22, 0x2f,
  0x3e, 0x0d, 0x0a, 0x09, 0x09, 0x09, 0x09, 0x3c, 0x2f, 0x78, 0x73, 0x3a, 0x72,
  0x65, 0x73, 0x74, 0x72, 0x69, 0x63, 0x74, 0x69, 0x6f, 0x6e, 0x3e, 0x0d, 0x0a,
  0x09, 0x09, 0x09, 0x3c, 0x2f, 0x78, 0x73, 0x3a, 0x73, 0x69, 0x6d, 0x70, 0x6c,
  0x65, 0x54, 0x79, 0x70, 0x65, 0x3e, 0x0d, 0x0a, 0x09, 0x09, 0x3c, 0x2f, 0x78,
  0x73, 0x3a, 0x61, 0x74, 0x74, 0x72, 0x69, 0x62, 0x75, 0x74, 0x65, 0x3e, 0x0d,
  0x0a, 0x09, 0x09, 0x3c, 0x78, 0x73, 0x3a, 0x61, 0x74, 0x74, 0x72, 0x69, 0x62,
  0x75, 0x74, 0x65, 0x20, 0x6e, 0x61, 0x6d, 0x65, 0x3d, 0x22, 0xd0, 0x92, 0xd0,
  0xbd, 0xd0, 0x9d, 0xd0, 0xbe, 0xd0, 0xbc, 0xd0, 0x94, 0xd0, 0xbe, 0xd0, 0xb2,
  0xd0, 0xb5, 0xd1, 0x80, 0x22, 0x20, 0x75, 0x73, 0x65, 0x3d, 0x22, 0x72, 0x65,
  0x71, 0x75, 0x69, 0x72, 0x65, 0x64, 0x22, 0x3e, 0x0d, 0x0a, 0x09, 0x09, 0x09,
  0x3c, 0x78, 0x73, 0x3a, 0x61, 0x6e, 0x6e, 0x6f, 0x74, 0x61, 0x74, 0x69, 0x6f,
  0x6e, 0x3e, 0x0d, 0x0a, 0x09, 0x09, 0x09, 0x09, 0x3c, 0x78, 0x73, 0x3a, 0x64,
  0x6f, 0x63, 0x75, 0x6d, 0x65, 0x6e, 0x74, 0x61, 0x74, 0x69, 0x6f, 0x6e, 0x3e,
  0xd0, 0x92, 0xd0, 0xbd, 0xd1, 0x83, 0xd1, 0x82, 0xd1, 0x80, 0xd0, 0xb5, 0xd0,
  0xbd, 0xd0, 0xbd, 0xd0, 0xb8, 0xd0, 0xb9, 0x20, 0xd0, 0xbd, 0xd0, 0xbe, 0xd0,
  0xbc, 0xd0, 0xb5, 0xd1, 0x80, 0x20, 0xd0, 0xb4, 0xd0, 0xbe, 0xd0, 0xb2, 0xd0,
  0xb5, 0xd1, 0x80, 0xd0, 0xb5, 0xd0, 0xbd, 0xd0, 0xbd, 0xd0, 0xbe, 0xd1, 0x81,
  0xd1, 0x82, 0xd0, 0xb8, 0x3c, 0x2f, 0x78, 0x73, 0x3a, 0x64, 0x6f, 0x63, 0x75,
  0x6d, 0x65, 0x6e, 0x74, 0x61, 0x74, 0x69, 0x6f, 0x6e, 0x3e, 0x0d, 0x0a, 0x09,
  0x09, 0x09, 0x3c, 0x2f, 0x78, 0x73, 0x3a, 0x61, 0x6e, 0x6e, 0x6f, 0x74, 0x61,
  0x74, 0x69, 0x6f, 0x6e, 0x3e, 0x0d, 0x0a, 0x09, 0x09, 0x09, 0x3c, 0x78, 0x73,
  0x3a, 0x73, 0x69, 0x6d, 0x70, 0x6c, 0x65, 0x54, 0x79, 0x70, 0x65, 0x3e, 0x0d,
  0x0a, 0x09, 0x09, 0x09, 0x09, 0x3c, 0x78, 0x73, 0x3a, 0x72, 0x65, 0x73, 0x74,
  0x72, 0x69, 0x63, 0x74, 0x69, 0x6f, 0x6e, 0x20, 0x62, 0x61, 0x73, 0x65, 0x3d,
  0x22, 0x78, 0x73, 0x3a, 0x73, 0x74, 0x72, 0x69, 0x6e, 0x67, 0x22, 0x3e, 0x0d,
  0x0a, 0x09, 0x09, 0x09, 0x09, 0x09, 0x3c, 0x78, 0x73, 0x3a, 0x6d, 0x69, 0x6e,
  0x4c, 0x65, 0x6e, 0x67, 0x74, 0x68, 0x20, 0x76, 0x61, 0x6c, 0x75, 0x65, 0x3d,
  0x22, 0x31, 0x22, 0x2f, 0x3e, 0x0d, 0x0a, 0x09, 0x09, 0x09, 0x09, 0x09, 0x3c,
  0x78, 0x73, 0x3a, 0x6d, 0x61, 0x78, 0x4c, 0x65, 0x6e, 0x67, 0x74, 0x68, 0x20,
  0x76, 0x61, 0x6c, 0x75, 0x65, 0x3d, 0x22, 0x35, 0x30, 0x22, 0x2f, 0x3e, 0x0d,
  0x0a, 0x09, 0x09, 0x09, 0x09, 0x3c, 0x2f, 0x78, 0x73, 0x3a, 0x72, 0x65, 0x73,
  0x74, 0x72, 0x69, 0x63, 0x74, 0x69, 0x6f, 0x6e, 0x3e, 0x0d, 0x0a, 0x09, 0x09,
  0x09, 0x3c, 0x2f, 0x78, 0x73, 0x3a, 0x73, 0x69, 0x6d, 0x70, 0x6c, 0x65, 0x54,
  0x79, 0x70, 0x65, 0x3e, 0x0d, 0x0a, 0x09, 0x09, 0x3c, 0x2f, 0x78, 0x73, 0x3a,
  0x61, 0x74, 0x74, 0x72, 0x69, 0x62, 0x75, 0x74, 0x65, 0x3e, 0x0d, 0x0a, 0x09,
  0x09, 0x3c, 0x78, 0x73, 0x3a, 0x61, 0x74, 0x74, 0x72, 0x69, 0x62, 0x75, 0x74,
  0x65, 0x20, 0x6e, 0x61, 0x6d, 0x65, 0x3d, 0x22, 0xd0, 0x9d, 0xd0, 0xbe, 0xd0,
  0xbc, 0xd0, 0x94, 0xd0, 0xbe, 0xd0, 0xb2, 0xd0, 0xb5, 0xd1, 0x80, 0x22, 0x20,
  0x75, 0x73, 0x65, 0x3d, 0x22, 0x72, 0x65, 0x71, 0x75, 0x69, 0x72, 0x65, 0x64,
  0x22, 0x3e, 0x0d, 0x0a, 0x09, 0x09, 0x09, 0x3c, 0x78, 0x73, 0x3a, 0x61, 0x6e,
  0x6e, 0x6f, 0x74, 0x61, 0x74, 0x69, 0x6f, 0x6e, 0x3e, 0x0d, 0x0a, 0x09, 0x09,
  0x09, 0x09, 0x3c, 0x78, 0x73, 0x3a, 0x64, 0x6f, 0x63, 0x75, 0x6d, 0x65, 0x6e,
  0x74, 0x61, 0x74, 0x69, 0x6f, 0x6e, 0x3e, 0xd0, 0x95, 0xd0, 0xb4, 0xd0, 0xb8,
  0xd0, 0xbd, 0xd1, 0x8b, 0xd0, 0xb9, 0x20, 0xd1, 0x80, 0xd0, 0xb5, 0xd0, 0xb3,
  0xd0, 0xb8, 0xd1, 0x81, 0xd1, 0x82, 0xd1, 0x80, 0xd0, 0xb0, 0xd1, 0x86, 0xd0,
  0xb8, 0xd0, 0xbe, 0xd0, 0xbd, 0xd0, 0xbd, 0xd1, 0x8b, 0xd0, 0xb9, 0x20, 0xd0,
  0xbd, 0xd0, 0xbe, 0xd0, 0xbc, 0xd0, 0xb5, 0xd1, 0x80, 0x20, 0xd0, 0xb4, 0xd0,
  0xbe, 0xd0, 0xb2, 0xd0, 0xb5, 0xd1, 0x80, 0xd0, 0xb5, 0xd0, 0xbd, 0xd0, 0xbd,
  0xd0, 0xbe, 0xd1, 0x81, 0xd1, 0x82, 0xd0, 0xb8, 0x3c, 0x2f, 0x78, 0x73, 0x3a,
  0x64, 0x6f, 0x63, 0x75, 0x6d, 0x65, 0x6e, 0x74, 0x61, 0x74, 0x69, 0x6f, 0x6e,
  0x3e, 0x0d, 0x0a, 0x09, 0x09, 0x09, 0x3c, 0x2f, 0x78, 0x73, 0x3a, 0x61, 0x6e,
  0x6e, 0x6f, 0x74, 0x61, 0x74, 0x69, 0x6f, 0x6e, 0x3e, 0x0d, 0x0a, 0x09, 0x09,
  0x09, 0x3c, 0x78, 0x73, 0x3a, 0x73, 0x69, 0x6d, 0x70, 0x6c, 0x65, 0x54, 0x79,
  0x70, 0x65, 0x3e, 0x0d, 0x0a, 0x09, 0x09, 0x09, 0x09, 0x3c, 0x78, 0x73, 0x3a,
  0x72, 0x65, 0x73, 0x74, 0x72, 0x69, 0x63, 0x74, 0x69, 0x6f, 0x6e, 0x20, 0x62,
  0x61, 0x73, 0x65, 0x3d, 0x22, 0x78, 0x73, 0x3a, 0x73, 0x74, 0x72, 0x69, 0x6e,
  0x67, 0x22, 0x3e, 0x0d, 0x0a, 0x09, 0x09, 0x09, 0x09, 0x09, 0x3c, 0x78, 0x73,
  0x3a, 0x6c, 0x65, 0x6e, 0x67, 0x74, 0x68, 0x20, 0x76, 0x61, 0x6c, 0x75, 0x65,
  0x3d, 0x22, 0x33, 0x36, 0x22, 0x2f, 0x3e, 0x0d, 0x0a, 0x09, 0x09, 0x09, 0x09,
  0x09, 0x3c, 0x78, 0x73, 0x3a, 0x70, 0x61, 0x74, 0x74, 0x65, 0x72, 0x6e, 0x20,
  0x76, 0x61, 0x6c, 0x75, 0x65, 0x3d, 0x22, 0x5b, 0x5c, 0x64, 0x61, 0x2d, 0x66,
  0x41, 0x2d, 0x46, 0x5d, 0x7b, 0x38, 0x7d, 0x2d, 0x5b, 0x5c, 0x64, 0x61, 0x2d,
  0x66, 0x41, 0x2d, 0x46, 0x5d, 0x7b, 0x34, 0x7d, 0x2d, 0x5b, 0x5c, 0x64, 0x61,
  0x2d, 0x66, 0x41, 0x2d, 0x46, 0x5d, 0x7b, 0x34, 0x7d, 0x2d, 0x5b, 0x5c, 0x64,
  0x61, 0x2d, 0x66, 0x41, 0x2d, 0x46, 0x5d, 0x7b, 0x34, 0x7d, 0x2d, 0x5b, 0x5c,
  0x64, 0x61, 0x2d, 0x66, 0x41, 0x2d, 0x46, 0x5d, 0x7b, 0x31, 0x32, 0x7d, 0x22,
  0x2f, 0x3e, 0x0d, 0x0a, 0x09, 0x09, 0x09, 0x09, 0x3c, 0x2f, 0x78, 0x73, 0x3a,
  0x72, 0x65, 0x73, 0x74, 0x72, 0x69, 0x63, 0x74, 0x69, 0x6f, 0x6e, 0x3e, 0x0d,
  0x0a, 0x09, 0x09, 0x09, 0x3c, 0x2f, 0x78, 0x73, 0x3a, 0x73, 0x69, 0x6d, 0x70,
  0x6c, 0x65, 0x54, 0x79, 0x70, 0x65, 0x3e, 0x0d, 0x0a, 0x09, 0x09, 0x3c, 0x2f,
  0x78, 0x73, 0x3a, 0x61, 0x74, 0x74, 0x72, 0x69, 0x62, 0x75, 0x74, 0x65, 0x3e,
  0x0d, 0x0a, 0x09, 0x09, 0x3c, 0x78, 0x73, 0x3a, 0x61, 0x74, 0x74, 0x72, 0x69,
  0x62, 0x75, 0x74, 0x65, 0x20, 0x6e, 0x61, 0x6d, 0x65, 0x3d, 0x22, 0xd0, 0x9d,
  0xd0, 0xbe, 0xd0, 0xbc, 0xd0, 0xa0, 0xd0, 0x9d, 0xd0, 0x94, 0xd0, 0x94, 0xd0,
  0xbe, 0xd0, 0xb2, 0xd0, 0xb5, 0xd1, 0x80, 0x22, 0x20, 0x75, 0x73, 0x65, 0x3d,
  0x22, 0x6f, 0x70, 0x74, 0x69, 0x6f, 0x6e, 0x61, 0x6c, 0x22, 0x3e, 0x0d, 0x0a,
  0x09, 0x09, 0x09, 0x3c, 0x78, 0x73, 0x3a, 0x61, 0x6e, 0x6e, 0x6f, 0x74, 0x61,
  0x74, 0x69, 0x6f, 0x6e, 0x3e, 0x0d, 0x0a, 0x09, 0x09, 0x09, 0x09, 0x3c, 0x78,
  0x73, 0x3a, 0x64, 0x6f, 0x63, 0x75, 0x6d, 0x65, 0x6e, 0x74, 0x61, 0x74, 0x69,
  0x6f, 0x6e, 0x3e, 0xd0, 0xa0, 0xd0, 0xb5, 0xd0, 0xb3, 0xd0, 0xb8, 0xd1, 0x81,
  0xd1, 0x82, 0xd1, 0x80, 0xd0, 0xb0, 0xd1, 0x86, 0xd0, 0xb8, 0xd0, 0xbe, 0xd0,
  0xbd, 0xd0, 0xbd, 0xd1, 0x8b, 0xd0, 0xb9, 0x20, 0xd0, 0xbd, 0xd0, 0xbe, 0xd0,
  0xbc, 0xd0, 0xb5, 0xd1, 0x80, 0x20, 0xd0, 0xb4, 0xd0, 0xbe, 0xd0, 0xb2, 0xd0,
  0xb5, 0xd1, 0x80, 0xd0, 0xb5, 0xd0, 0xbd, 0xd0, 0xbd, 0xd0, 0xbe, 0xd1, 0x81,
  0xd1, 0x82, 0xd0, 0xb8, 0x20, 0xd0, 0xb2, 0x20, 0xd1, 0x80, 0xd0, 0xb5, 0xd0,
  0xb5, 0xd1, 0x81, 0xd1, 0x82, 0xd1, 0x80, 0xd0, 0xb5, 0x20, 0xd0, 0xbd, 0xd0,
  0xbe, 0xd1, 0x82, 0xd0, 0xb0, 0xd1, 0x80, 0xd0, 0xb8, 0xd0, 0xb0, 0xd0, 0xbb,
  0xd1, 0x8c, 0xd0, 0xbd, 0xd1, 0x8b, 0xd1, 0x85, 0x20, 0xd0, 0xb4, 0xd0, 0xb5,
  0xd0, 0xb9, 0xd1, 0x81, 0xd1, 0x82, 0xd0, 0xb2, 0xd0, 0xb8, 0xd0, 0xb9, 0x3c,
  0x2f, 0x78, 0x73, 0x3a, 0x64, 0x6f, 0x63, 0x75, 0x6d, 0x65, 0x6e, 0x74, 0x61,
  0x74, 0x69, 0x6f, 0x6e, 0x3e, 0x0d, 0x0a, 0x09, 0x09, 0x09, 0x3c, 0x2f, 0x78,
  0x73, 0x3a, 0x61, 0x6e, 0x6e, 0x6f, 0x74, 0x61, 0x74, 0x69, 0x6f, 0x6e, 0x3e,
  0x0d, 0x0a, 0x09, 0x09, 0x09, 0x3c, 0x78, 0x73, 0x3a, 0x73, 0x69, 0x6d, 0x70,
  0x6c, 0x65, 0x54, 0x79, 0x70, 0x65, 0x3e, 0x0d, 0x0a, 0x09, 0x09, 0x09, 0x09,
  0x3c, 0x78, 0x73, 0x3a, 0x72, 0x65, 0x73, 0x74, 0x72, 0x69, 0x63, 0x74, 0x69,
  0x6f, 0x6e, 0x20, 0x62, 0x61, 0x73, 0x65, 0x3d, 0x22, 0x78, 0x73, 0x3a, 0x73,
  0x74, 0x72, 0x69, 0x6e, 0x67, 0x22, 0x3e, 0x0d, 0x0a, 0x09, 0x09, 0x09, 0x09,
  0x09, 0x3c, 0x78, 0x73, 0x3a, 0x6d, 0x69, 0x6e, 0x4c, 0x65, 0x6e, 0x67, 0x74,
  0x68, 0x20, 0x76, 0x61, 0x6c, 0x75, 0x65, 0x3d, 0x22, 0x31, 0x22, 0x2f, 0x3e,
  0x0d, 0x0a, 0x09, 0x09, 0x09, 0x09, 0x09, 0x3c, 0x78, 0x73, 0x3a, 0x6d, 0x61,
  0x78, 0x4c, 0x65, 0x6e, 0x67, 0x74, 0x68, 0x20, 0x76, 0x61, 0x6c, 0x75, 0x65,
  0x3d, 0x22, 0x32, 0x38, 0x22, 0x2f, 0x3e, 0x0d, 0x0a, 0x09, 0x09, 0x09, 0x09,
  0x3c, 0x2f, 0x78, 0x73, 0x3a, 0x72, 0x65, 0x73, 0x74, 0x72, 0x69, 0x63, 0x74,
  0x69, 0x6f, 0x6e, 0x3e, 0x0d, 0x0a, 0x09, 0x09, 0x09, 0x3c, 0x2f, 0x78, 0x73,
  0x3a, 0x73, 0x69, 0x6d, 0x70, 0x6c, 0x65, 0x54, 0x79, 0x70, 0x65, 0x3e, 0x0d,
  0x0a, 0x09, 0x09, 0x3c, 0x2f, 0x78, 0x73, 0x3a, 0x61, 0x74, 0x74, 0x72, 0x69,
  0x62, 0x75, 0x74, 0x65, 0x3e, 0x0d, 0x0a, 0x09, 0x09, 0x3c, 0x78, 0x73, 0x3a,
  0x61, 0x74, 0x74, 0x72, 0x69, 0x62, 0x75, 0x74, 0x65, 0x20, 0x6e, 0x61, 0x6d,
  0x65, 0x3d, 0x22, 0xd0, 0x94, 0xd0, 0xbe, 0xd0, 0xbf, 0xd0, 0x98, 0xd0, 0xb4,
  0xd0, 0x94, 0xd0, 0xbe, 0xd0, 0xb2, 0xd0, 0xb5, 0xd1, 0x80, 0x22, 0x20, 0x75,
  0x73, 0x65, 0x3d, 0x22, 0x6f, 0x70, 0x74, 0x69, 0x6f, 0x6e, 0x61, 0x6c, 0x22,
  0x3e, 0x0d, 0x0a, 0x09, 0x09, 0x09, 0x3c, 0x78, 0x73, 0x3a, 0x61, 0x6e, 0x6e,
  0x6f, 0x74, 0x61, 0x74, 0x69, 0x6f, 0x6e, 0x3e, 0x0d, 0x0a, 0x09, 0x09, 0x09,
  0x09, 0x3c, 0x78, 0x73, 0x3a, 0x64, 0x6f, 0x63, 0x75, 0x6d, 0x65, 0x6e, 0x74,
  0x61, 0x74, 0x69, 0x6f, 0x6e, 0x3e, 0xd0, 0x94, 0xd0, 0xbe, 0xd0, 0xbf, 0xd0,
  0xbe, 0xd0, 0xbb, 0xd0, 0xbd, 0xd0, 0xb8, 0xd1, 0x82, 0xd0, 0xb5, 0xd0, 0xbb,
  0xd1, 0x8c, 0xd0, 0xbd, 0xd1, 0x8b, 0xd0, 0xb9, 0x20, 0xd0, 0xb8, 0xd0, 0xb4,
  0xd0, 0xb5, 0xd0, 0xbd, 0xd1, 0x82, 0xd0, 0xb8, 0xd1, 0x84, 0xd0, 0xb8, 0xd0,
  0xba, 0xd0, 0xb0, 0xd1, 0x82, 0xd0, 0xbe, 0xd1, 0x80, 0x20, 0xd0, 0xb4, 0xd0,
  0xbe, 0xd0, 0xb2, 0xd0, 0xb5, 0xd1, 0x80, 0xd0, 0xb5, 0xd0, 0xbd, 0xd0, 0xbd,
  0xd0, 0xbe, 0xd1, 0x81, 0xd1, 0x82, 0xd0, 0xb8, 0x3c, 0x2f, 0x78, 0x73, 0x3a,
  0x64, 0x6f, 0x63, 0x75, 0x6d, 0x65, 0x6e, 0x74, 0x61, 0x74, 0x69, 0x6f, 0x6e,
  0x3e, 0x0d, 0x0a, 0x09, 0x09, 0x09, 0x3c, 0x2f, 0x78, 0x73, 0x3a, 0x61, 0x6e,
  0x6e, 0x6f, 0x74, 0x61, 0x74, 0x69, 0x6f, 0x6e, 0x3e, 0x0d, 0x0a, 0x09, 0x09,
  0x09, 0x3c, 0x78, 0x73, 0x3a, 0x73, 0x69, 0x6d, 0x70, 0x6c, 0x65, 0x54, 0x79,
  0x70, 0x65, 0x3e, 0x0d, 0x0a, 0x09, 0x09, 0x09, 0x09, 0x3c, 0x78, 0x73, 0x3a,
  0x72, 0x65, 0x73, 0x74, 0x72, 0x69, 0x63, 0x74, 0x69, 0x6f, 0x6e, 0x20, 0x62,
  0x61, 0x73, 0x65, 0x3d, 0x22, 0x78, 0x73, 0x3a, 0x73, 0x74, 0x72, 0x69, 0x6e,
  0x67, 0x22, 0x3e, 0x0d, 0x0a, 0x09, 0x09, 0x09, 0x09, 0x09, 0x3c, 0x78, 0x73,
  0x3a, 0x6d, 0x69, 0x6e, 0x4c, 0x65, 0x6e, 0x67, 0x74, 0x68, 0x20, 0x76, 0x61,
  0x6c, 0x75, 0x65, 0x3d, 0x22, 0x31, 0x22, 0x2f, 0x3e, 0x0d, 0x0a, 0x09, 0x09,
  0x09, 0x09, 0x09, 0x3c, 0x78, 0x73, 0x3a, 0x6d, 0x61, 0x78, 0x4c, 0x65, 0x6e,
  0x67, 0x74, 0x68, 0x20, 0x76, 0x61, 0x6c, 0x75, 0x65, 0x3d, 0x22, 0x35, 0x30,
  0x22, 0x2f, 0x3e, 0x0d, 0x0a, 0x09, 0x09, 0x09, 0x09, 0x3c, 0x2f, 0x78, 0x73,
  0x3a, 0x72, 0x65, 0x73, 0x74, 0x72, 0x69, 0x63, 0x74, 0x69, 0x6f, 0x6e, 0x3e,
  0x0d, 0x0a, 0x09, 0x09, 0x09, 0x3c, 0x2f, 0x78, 0x73, 0x3a, 0x73, 0x69, 0x6d,
  0x70, 0x6c, 0x65, 0x54, 0x79, 0x70, 0x65, 0x3e, 0x0d, 0x0a, 0x09, 0x09, 0x3c,
  0x2f, 0x78, 0x73, 0x3a, 0x61, 0x74, 0x74, 0x72, 0x69, 0x62, 0x75, 0x74, 0x65,
  0x3e, 0x0d, 0x0a, 0x09, 0x09, 0x3c, 0x78, 0x73, 0x3a, 0x61, 0x74, 0x74, 0x72,
  0x69, 0x62, 0x75, 0x74, 0x65, 0x20, 0x6e, 0x61, 0x6d, 0x65, 0x3d, 0x22, 0xd0,
  0x94, 0xd0, 0xb0, 0xd1, 0x82, 0xd0, 0xb0, 0xd0, 0x92, 0xd0, 0xbd, 0xd0, 0xa0,
  0xd0, 0xb5, 0xd0, 0xb3, 0xd0, 0x94, 0xd0, 0xbe, 0xd0, 0xb2, 0xd0, 0xb5, 0xd1,
  0x80, 0x22, 0x20, 0x74, 0x79, 0x70, 0x65, 0x3d, 0x22, 0x78, 0x73, 0x3a, 0x64,
  0x61, 0x74, 0x65, 0x22, 0x20, 0x75, 0x73, 0x65, 0x3d, 0x22, 0x6f, 0x70, 0x74,
  0x69, 0x6f, 0x6e, 0x61, 0x6c, 0x22, 0x3e, 0x0d, 0x0a, 0x09, 0x09, 0x09, 0x3c,
  0x78, 0x73, 0x3a, 0x61, 0x6e, 0x6e, 0x6f, 0x74, 0x61, 0x74, 0x69, 0x6f, 0x6e,
  0x3e, 0x0d, 0x0a, 0x09, 0x09, 0x09, 0x09, 0x3c, 0x78, 0x73, 0x3a, 0x64, 0x6f,
  0x63, 0x75, 0x6d, 0x65, 0x6e, 0x74, 0x61, 0x74, 0x69, 0x6f, 0x6e, 0x3e, 0xd0,
  0x94, 0xd0, 0xb0, 0xd1, 0x82, 0xd0, 0xb0, 0x20, 0xd0, 0xb2, 0xd0, 0xbd, 0xd1,
  0x83, 0xd1, 0x82, 0xd1, 0x80, 0xd0, 0xb5, 0xd0, 0xbd, 0xd0, 0xbd, 0xd0, 0xb5,
  0xd0, 0xb9, 0x20, 0xd1, 0x80, 0xd0, 0xb5, 0xd0, 0xb3, 0xd0, 0xb8, 0xd1, 0x81,
  0xd1, 0x82, 0xd1, 0x80, 0xd0, 0xb0, 0xd1, 0x86, 0xd0, 0xb8, 0xd0, 0xb8, 0x20,
  0xd0, 0xb4, 0xd0, 0xbe, 0xd0, 0xb2, 0xd0, 0xb5, 0xd1, 0x80, 0xd0, 0xb5, 0xd0,
  0xbd, 0xd0, 0xbd, 0xd0, 0xbe, 0xd1, 0x81, 0xd1, 0x82, 0xd0, 0xb8, 0x3c, 0x2f,
  0x78, 0x73, 0x3a, 0x64, 0x6f, 0x63, 0x75, 0x6d, 0x65, 0x6e, 0x74, 0x61, 0x74,
  0x69, 0x6f, 0x6e, 0x3e, 0x0d, 0x0a, 0x09, 0x09, 0x09, 0x3c, 0x2f, 0x78, 0x73,
  0x3a, 0x61, 0x6e, 0x6e, 0x6f, 0x74, 0x61, 0x74, 0x69, 0x6f, 0x6e, 0x3e, 0x0d,
  0x0a, 0x09, 0x09, 0x3c, 0x2f, 0x78, 0x73, 0x3a, 0x61, 0x74, 0x74, 0x72, 0x69,
  0x62, 0x75, 0x74, 0x65, 0x3e, 0x0d, 0x0a, 0x09, 0x09, 0x3c, 0x78, 0x73, 0x3a,
  0x61, 0x74, 0x74, 0x72, 0x69, 0x62, 0x75, 0x74, 0x65, 0x20, 0x6e, 0x61, 0x6d,
  0x65, 0x3d, 0x22, 0xd0, 0x94, 0xd0, 0xb0, 0xd1, 0x82, 0xd0, 0xb0, 0xd0, 0x92,
  0xd1, 0x8b, 0xd0, 0xb4, 0xd0, 0x94, 0xd0, 0xbe, 0xd0, 0xb2, 0xd0, 0xb5, 0xd1,
  0x80, 0x22, 0x20, 0x74, 0x79, 0x70, 0x65, 0x3d, 0x22, 0x78, 0x73, 0x3a, 0x64,
  0x61, 0x74, 0x65, 0x22, 0x20, 0x75, 0x73, 0x65, 0x3d, 0x22, 0x72, 0x65, 0x71,
  0x75, 0x69, 0x72, 0x65, 0x64, 0x22, 0x3e, 0x0d, 0x0a, 0x09, 0x09, 0x09, 0x3c,
  0x78, 0x73, 0x3a, 0x61, 0x6e, 0x6e, 0x6f, 0x74, 0x61, 0x74, 0x69, 0x6f, 0x6e,
  0x3e, 0x0d, 0x0a, 0x09, 0x09, 0x09, 0x09, 0x3c, 0x78, 0x73, 0x3a, 0x64, 0x6f,
  0x63, 0x75, 0x6d, 0x65, 0x6e, 0x74, 0x61, 0x74, 0x69, 0x6f, 0x6e, 0x3e, 0xd0,
  0x94, 0xd0, 0xb0, 0xd1, 0x82, 0xd0, 0xb0, 0x20, 0xd1, 0x81, 0xd0, 0xbe, 0xd0,
  0xb2, 0xd0, 0xb5, 0xd1, 0x80, 0xd1, 0x88, 0xd0, 0xb5, 0xd0, 0xbd, 0xd0, 0xb8,
  0xd1, 0x8f, 0x20, 0x28, 0xd0, 0xb2, 0xd1, 0x8b, 0xd0, 0xb4, 0xd0, 0xb0, 0xd1,
  0x87, 0xd0, 0xb8, 0x29, 0x20, 0xd0, 0xb4, 0xd0, 0xbe, 0xd0, 0xb2, 0xd0, 0xb5,
  0xd1, 0x80, 0xd0, 0xb5, 0xd0, 0xbd, 0xd0, 0xbd, 0xd0, 0xbe, 0xd1, 0x81, 0xd1,
  0x82, 0xd0, 0xb8, 0x3c, 0x2f, 0x78, 0x73, 0x3a, 0x64, 0x6f, 0x63, 0x75, 0x6d,
  0x65, 0x6e, 0x74, 0x61, 0x74, 0x69, 0x6f, 0x6e, 0x3e, 0x0d, 0x0a, 0x09, 0x09,
  0x09, 0x3c, 0x2f, 0x78, 0x73, 0x3a, 0x61, 0x6e, 0x6e, 0x6f, 0x74, 0x61, 0x74,
  0x69, 0x6f, 0x6e, 0x3e, 0x0d, 0x0a, 0x09, 0x09, 0x3c, 0x2f, 0x78, 0x73, 0x3a,
  0x61, 0x74, 0x74, 0x72, 0x69, 0x62, 0x75, 0x74, 0x65, 0x3e, 0x0d, 0x0a, 0x09,
  0x09, 0x3c, 0x78, 0x73, 0x3a, 0x61, 0x74, 0x74, 0x72, 0x69, 0x62, 0x75, 0x74,
  0x65, 0x20, 0x6e, 0x61, 0x6d, 0x65, 0x3d, 0x22, 0xd0, 0xa1, 0xd1, 0x80, 0xd0,
  0xbe, 0xd0, 0xba, 0xd0, 0x94, 0xd0, 0xb5, 0xd0, 0xb9, 0xd1, 0x81, 0xd1, 0x82,
  0x22, 0x20, 0x74, 0x79, 0x70, 0x65, 0x3d, 0x22, 0x78, 0x73, 0x3a, 0x64, 0x61,
  0x74, 0x65, 0x22, 0x20, 0x75, 0x73, 0x65, 0x3d, 0x22, 0x72, 0x65, 0x71, 0x75,
  0x69, 0x72, 0x65, 0x64, 0x22, 0x3e, 0x0d, 0x0a, 0x09, 0x09, 0x09, 0x3c, 0x78,
  0x73, 0x3a, 0x61, 0x6e, 0x6e, 0x6f, 0x74, 0x61, 0x74, 0x69, 0x6f, 0x6e, 0x3e,
  0x0d, 0x0a, 0x09, 0x09, 0x09, 0x09, 0x3c, 0x78, 0x73, 0x3a, 0x64, 0x6f, 0x63,
  0x75, 0x6d, 0x65, 0x6e, 0x74, 0x61, 0x74, 0x69, 0x6f, 0x6e, 0x3e, 0xd0, 0xa1,
  0xd1, 0x80, 0xd0, 0xbe, 0xd0, 0xba, 0x20, 0xd0, 0xb4, 0xd0, 0xb5, 0xd0, 0xb9,
  0xd1, 0x81, 0xd1, 0x82, 0xd0, 0xb2, 0xd0, 0xb8, 0xd1, 0x8f, 0x20, 0xd0, 0xb4,
  0xd0, 0xbe, 0xd0, 0xb2, 0xd0, 0xb5, 0xd1, 0x80, 0xd0, 0xb5, 0xd0, 0xbd, 0xd0,
  0xbd, 0xd0, 0xbe, 0xd1, 0x81, 0xd1, 0x82, 0xd0, 0xb8, 0x3c, 0x2f, 0x78, 0x73,
  0x3a, 0x64, 0x6f, 0x63, 0x75, 0x6d, 0x65, 0x6e, 0x74, 0x61, 0x74, 0x69, 0x6f,
  0x6e, 0x3e, 0x0d, 0x0a, 0x09, 0x09, 0x09, 0x3c, 0x2f, 0x78, 0x73, 0x3a, 0x61,
  0x6e, 0x6e, 0x6f, 0x74, 0x61, 0x74, 0x69, 0x6f, 0x6e, 0x3e, 0x0d, 0x0a, 0x09,
  0x09, 0x3c, 0x2f, 0x78, 0x73, 0x3a, 0x61, 0x74, 0x74, 0x72, 0x69, 0x62, 0x75,
  0x74, 0x65, 0x3e, 0x0d, 0x0a, 0x09, 0x09, 0x3c, 0x78, 0x73, 0x3a, 0x61, 0x74,
  0x74, 0x72, 0x69, 0x62, 0x75, 0x74, 0x65, 0x20, 0x6e, 0x61, 0x6d, 0x65, 0x3d,
  0x22, 0xd0, 0x9a, 0xd0, 0xbe, 0xd0, 0xb4, 0xd0, 0x9d, 0xd0, 0x9e, 0x22, 0x20,
  0x74, 0x79, 0x70, 0x65, 0x3d, 0x22, 0xd0, 0xa1, 0xd0, 0x9e, 0xd0, 0x9d, 0xd0,
  0x9e, 0xd0, 0xa2, 0xd0, 0xb8, 0xd0, 0xbf, 0x22, 0x20, 0x75, 0x73, 0x65, 0x3d,
  0x22, 0x6f, 0x70, 0x74, 0x69, 0x6f, 0x6e, 0x61, 0x6c, 0x22, 0x3e, 0x0d, 0x0a,
  0x09, 0x09, 0x09, 0x3c, 0x78, 0x73, 0x3a, 0x61, 0x6e, 0x6e, 0x6f, 0x74, 0x61,
  0x74, 0x69, 0x6f, 0x6e, 0x3e, 0x0d, 0x0a, 0x09, 0x09, 0x09, 0x09, 0x3c, 0x78,
  0x73, 0x3a, 0x64, 0x6f, 0x63, 0x75, 0x6d, 0x65, 0x6e, 0x74, 0x61, 0x74, 0x69,
  0x6f, 0x6e, 0x3e, 0xd0, 0x9a, 0xd0, 0xbe, 0xd0, 0xb4, 0x20, 0xd0, 0xbd, 0xd0,
  0xb0, 0xd0, 0xbb, 0xd0, 0xbe, 0xd0, 0xb3, 0xd0, 0xbe, 0xd0, 0xb2, 0xd0, 0xbe,
  0xd0, 0xb3, 0xd0, 0xbe, 0x20, 0xd0, 0xbe, 0xd1, 0x80, 0xd0, 0xb3, 0xd0, 0xb0,
  0xd0, 0xbd, 0xd0, 0xb0, 0x2c, 0x20, 0xd0, 0xb2, 0x20, 0xd0, 0xba, 0xd0, 0xbe,
  0xd1, 0x82, 0xd0, 0xbe, 0xd1, 0x80, 0xd1, 0x8b, 0xd0, 0xb9, 0x20, 0xd0, 0xbf,
  0xd1, 0x80, 0xd0, 0xb5, 0xd0, 0xb4, 0xd1, 0x81, 0xd1, 0x82, 0xd0, 0xb0, 0xd0,
  0xb2, 0xd0, 0xbb, 0xd1, 0x8f, 0xd0, 0xb5, 0xd1, 0x82, 0xd1, 0x81, 0xd1, 0x8f,
  0x20, 0xd0, 0xb4, 0xd0, 0xbe, 0xd0, 0xb2, 0xd0, 0xb5, 0xd1, 0x80, 0xd0, 0xb5,
  0xd0, 0xbd, 0xd0, 0xbd, 0xd0, 0xbe, 0xd1, 0x81, 0xd1, 0x82, 0xd1, 0x8c, 0x3c,
  0x2f, 0x78, 0x73, 0x3a, 0x64, 0x6f, 0x63, 0x75, 0x6d, 0x65, 0x6e, 0x74, 0x61,
  0x74, 0x69, 0x6f, 0x6e, 0x3e, 0x0d, 0x0a, 0x09, 0x09, 0x09, 0x3c, 0x2f, 0x78,
  0x73, 0x3a, 0x61, 0x6e, 0x6e, 0x6f, 0x74, 0x61, 0x74, 0x69, 0x6f, 0x6e, 0x3e,
  0x0d, 0x0a, 0x09, 0x09, 0x3c, 0x2f, 0x78, 0x73, 0x3a, 0x61, 0x74, 0x74, 0x72,
  0x69, 0x62, 0x75, 0x74, 0x65, 0x3e, 0x0d, 0x0a, 0x09, 0x3c, 0x2f, 0x78, 0x73,
  0x3a, 0x63, 0x6f, 0x6d, 0x70, 0x6c, 0x65, 0x78, 0x54, 0x79, 0x70, 0x65, 0x3e,
  0x0d, 0x0a, 0x09, 0x3c, 0x78, 0x73, 0x3a, 0x63, 0x6f, 0x6d, 0x70, 0x6c, 0x65,
  0x78, 0x54, 0x79, 0x70, 0x65, 0x20, 0x6e, 0x61, 0x6d, 0x65, 0x3d, 0x22, 0xd0,
  0xa1, 0xd0, 0xb2, 0xd0, 0xa3, 0xd0, 0xbf, 0xd0, 0x9f, 0xd1, 0x80, 0xd0, 0xb5,
  0xd0, 0xb4, 0xd0, 0xa2, 0xd0, 0xb8, 0xd0, 0xbf, 0x22, 0x3e, 0x0d, 0x0a, 0x09,
  0x09, 0x3c, 0x78, 0x73, 0x3a, 0x61, 0x6e, 0x6e, 0x6f, 0x74, 0x61, 0x74, 0x69,
  0x6f, 0x6e, 0x3e, 0x0d, 0x0a, 0x09, 0x09, 0x09, 0x3c, 0x78, 0x73, 0x3a, 0x64,
  0x6f, 0x63, 0x75, 0x6d, 0x65, 0x6e, 0x74, 0x61, 0x74, 0x69, 0x6f, 0x6e, 0x3e,
  0xd0, 0xa1, 0xd0, 0xb2, 0xd0, 0xb5, 0xd0, 0xb4, 0xd0, 0xb5, 0xd0, 0xbd, 0xd0,
  0xb8, 0xd1, 0x8f, 0x20, 0xd0, 0xbe, 0x20, 0xd0, 0xbf, 0xd1, 0x80, 0xd0, 0xb5,
  0xd0, 0xb4, 0xd1, 0x81, 0xd1, 0x82, 0xd0, 0xb0, 0xd0, 0xb2, 0xd0, 0xb8, 0xd1,
  0x82, 0xd0, 0xb5, 0xd0, 0xbb, 0xd0, 0xb5, 0x20, 0x28, 0xd0, 0xbf, 0xd1, 0x80,
  0xd0, 0xb5, 0xd0, 0xb4, 0xd1, 0x81, 0xd1, 0x82, 0xd0, 0xb0, 0xd0, 0xb2, 0xd0,
  0xb8, 0xd1, 0x82, 0xd0, 0xb5, 0xd0, 0xbb, 0xd1, 0x8f, 0xd1, 0x85, 0x29, 0x3c,
  0x2f, 0x78, 0x73, 0x3a, 0x64, 0x6f, 0x63, 0x75, 0x6d, 0x65, 0x6e, 0x74, 0x61,
  0x74, 0x69, 0x6f, 0x6e, 0x3e, 0x0d, 0x0a, 0x09, 0x09, 0x3c, 0x2f, 0x78, 0x73,
  0x3a, 0x61, 0x6e, 0x6e, 0x6f, 0x74, 0x61, 0x74, 0x69, 0x6f, 0x6e, 0x3e, 0x0d,
  0x0a, 0x09, 0x09, 0x3c, 0x78, 0x73, 0x3a, 0x73, 0x65, 0x71, 0x75, 0x65, 0x6e,
  0x63, 0x65, 0x3e, 0x0d, 0x0a, 0x09, 0x09, 0x09, 0x3c, 0x78, 0x73, 0x3a, 0x65,
  0x6c, 0x65, 0x6d, 0x65, 0x6e, 0x74, 0x20, 0x6e, 0x61, 0x6d, 0x65, 0x3d, 0x22,
  0xd0, 0x9f, 0xd1, 0x80, 0xd0, 0xb5, 0xd0, 0xb4, 0x22, 0x3e, 0x0d, 0x0a, 0x09,
  0x09, 0x09, 0x09, 0x3c, 0x78, 0x73, 0x3a, 0x61, 0x6e, 0x6e, 0x6f, 0x74, 0x61,
  0x74, 0x69, 0x6f, 0x6e, 0x3e, 0x0d, 0x0a, 0x09, 0x09, 0x09, 0x09, 0x09, 0x3c,
  0x78, 0x73, 0x3a, 0x64, 0x6f, 0x63, 0x75, 0x6d, 0x65, 0x6e, 0x74, 0x61, 0x74,
  0x69, 0x6f, 0x6e, 0x3e, 0xd0, 0xa1, 0xd0, 0xb2, 0xd0, 0xb5, 0xd0, 0xb4, 0xd0,
  0xb5, 0xd0, 0xbd, 0xd0, 0xb8, 0xd1, 0x8f, 0x20, 0xd0, 0xbe, 0x20, 0xd0, 0xbf,
  0xd1, 0x80, 0xd0, 0xb5, 0xd0, 0xb4, 0xd1, 0x81, 0xd1, 0x82, 0xd0, 0xb0, 0xd0,
  0xb2, 0xd0, 0xb8, 0xd1, 0x82, 0xd0, 0xb5, 0xd0, 0xbb, 0xd0, 0xb5, 0x3c, 0x2f,
  0x78, 0x73, 0x3a, 0x64, 0x6f, 0x63, 0x75, 0x6d, 0x65, 0x6e, 0x74, 0x61, 0x74,
  0x69, 0x6f, 0x6e, 0x3e, 0x0d, 0x0a, 0x09, 0x09, 0x09, 0x09, 0x3c, 0x2f, 0x78,
  0x73, 0x3a, 0x61, 0x6e, 0x6e, 0x6f, 0x74, 0x61, 0x74, 0x69, 0x6f, 0x6e, 0x3e,
  0x0d, 0x0a, 0x09, 0x09, 0x09, 0x09, 0x3c, 0x78, 0x73, 0x3a, 0x63, 0x6f, 0x6d,
  0x70, 0x6c, 0x65, 0x78, 0x54, 0x79, 0x70, 0x65, 0x3e, 0x0d, 0x0a, 0x09, 0x09,
  0x09, 0x09, 0x09, 0x3c, 0x78, 0x73, 0x3a, 0x73, 0x65, 0x71, 0x75, 0x65, 0x6e,
  0x63, 0x65, 0x3e, 0x0d, 0x0a, 0x09, 0x09, 0x09, 0x09, 0x09, 0x09, 0x3c, 0x78,
  0x73, 0x3a, 0x65, 0x6c, 0x65, 0x6d, 0x65, 0x6e, 0x74, 0x20, 0x6e, 0x61, 0x6d,
  0x65, 0x3d, 0x22, 0xd0, 0xa1, 0xd0, 0xb2, 0xd0, 0xb5, 0xd0, 0xb4, 0xd0, 0x9e,
  0xd1, 0x80, 0xd0, 0xb3, 0x22, 0x20, 0x74, 0x79, 0x70, 0x65, 0x3d, 0x22, 0xd0,
  0xa1, 0xd0, 0xb2, 0xd0, 0x9e, 0xd1, 0x80, 0xd0, 0xb3, 0xd0, 0xa2, 0xd0, 0xb8,
  0xd0, 0xbf, 0x22, 0x20, 0x6d, 0x69, 0x6e, 0x4f, 0x63, 0x63, 0x75, 0x72, 0x73,
  0x3d, 0x22, 0x30, 0x22, 0x3e, 0x0d, 0x0a, 0x09, 0x09, 0x09, 0x09, 0x09, 0x09,
  0x09, 0x3c, 0x78, 0x73, 0x3a, 0x61, 0x6e, 0x6e, 0x6f, 0x74, 0x61, 0x74, 0x69,
  0x6f, 0x6e, 0x3e, 0x0d, 0x0a, 0x09, 0x09, 0x09, 0x09, 0x09, 0x09, 0x09, 0x09,
  0x3c, 0x78, 0x73, 0x3a, 0x64, 0x6f, 0x63, 0x75, 0x6d, 0x65, 0x6e, 0x74, 0x61,
  0x74, 0x69, 0x6f, 0x6e, 0x3e, 0xd0, 0xa1, 0xd0, 0xb2, 0xd0, 0xb5, 0xd0, 0xb4,
  0xd0, 0xb5, 0xd0, 0xbd, 0xd0, 0xb8, 0xd1, 0x8f, 0x20, 0xd0, 0xbe, 0x20, 0xd1,
  0x8e, 0xd1, 0x80, 0xd0, 0xb8, 0xd0, 0xb4, 0xd0, 0xb8, 0xd1, 0x87, 0xd0, 0xb5,
  0xd1, 0x81, 0xd0, 0xba, 0xd0, 0xbe, 0xd0, 0xbc, 0x20, 0xd0, 0xbb, 0xd0, 0xb8,
  0xd1, 0x86, 0xd0, 0xb5, 0x3c, 0x2f, 0x78, 0x73, 0x3a, 0x64, 0x6f, 0x63, 0x75,
  0x6d, 0x65, 0x6e, 0x74, 0x61, 0x74, 0x69, 0x6f, 0x6e, 0x3e, 0x0d, 0x0a, 0x09,
  0x09, 0x09, 0x09, 0x09, 0x09, 0x09, 0x3c, 0x2f, 0x78, 0x73, 0x3a, 0x61, 0x6e,
  0x6e, 0x6f, 0x74, 0x61, 0x74, 0x69, 0x6f, 0x6e, 0x3e, 0x0d, 0x0a, 0x09, 0x09,
  0x09, 0x09, 0x09, 0x09, 0x3c, 0x2f, 0x78, 0x73, 0x3a, 0x65, 0x6c, 0x65, 0x6d,
  0x65, 0x6e, 0x74, 0x3e, 0x0d, 0x0a, 0x09, 0x09, 0x09, 0x09, 0x09, 0x09, 0x3c,
  0x78, 0x73, 0x3a, 0x65, 0x6c, 0x65, 0x6d, 0x65, 0x6e, 0x74, 0x20, 0x6e, 0x61,
  0x6d, 0x65, 0x3d, 0x22, 0xd0, 0xa1, 0xd0, 0xb2, 0xd0, 0xb5, 0xd0, 0xb4, 0xd0,
  0x98, 0xd0, 0x9f, 0x22, 0x20, 0x74, 0x79, 0x70, 0x65, 0x3d, 0x22, 0xd0, 0xa1,
  0xd0, 0xb2, 0xd0, 0xb5, 0xd0, 0xb4, 0xd0, 0x98, 0xd0, 0x9f, 0xd0, 0xa2, 0xd0,
  0xb8, 0xd0, 0xbf, 0x22, 0x20, 0x6d, 0x69, 0x6e, 0x4f, 0x63, 0x63, 0x75, 0x72,
  0x73, 0x3d, 0x22, 0x30, 0x22, 0x3e, 0x0d, 0x0a, 0x09, 0x09, 0x09, 0x09, 0x09,
  0x09, 0x09, 0x3c, 0x78, 0x73, 0x3a, 0x61, 0x6e, 0x6e, 0x6f, 0x74, 0x61, 0x74,
  0x69, 0x6f, 0x6e, 0x3e, 0x0d, 0x0a, 0x09, 0x09, 0x09, 0x09, 0x09, 0x09, 0x09,
  0x09, 0x3c, 0x78, 0x73, 0x3a, 0x64, 0x6f, 0x63, 0x75, 0x6d, 0x65, 0x6e, 0x74,
  0x61, 0x74, 0x69, 0x6f, 0x6e, 0x3e, 0xd0, 0xa1, 0xd0, 0xb2, 0xd0, 0xb5, 0xd0,
  0xb4, 0xd0, 0xb5, 0xd0, 0xbd, 0xd0, 0xb8, 0xd1, 0x8f, 0x20, 0xd0, 0xbe, 0xd0,
  0xb1, 0x20, 0xd0, 0xb8, 0xd0, 0xbd, 0xd0, 0xb4, 0xd0, 0xb8, 0xd0, 0xb2, 0xd0,
  0xb8, 0xd0, 0xb4, 0xd1, 0x83, 0xd0, 0xb0, 0xd0, 0xbb, 0xd1, 0x8c, 0xd0, 0xbd,
  0xd0, 0xbe, 0xd0, 0xbc, 0x20, 0xd0, 0xbf, 0xd1, 0x80, 0xd0, 0xb5, 0xd0, 0xb4,
  0xd0, 0xbf, 0xd1, 0x80, 0xd0, 0xb8, 0xd0, 0xbd, 0xd0, 0xb8, 0xd0, 0xbc, 0xd0,
  0xb0, 0xd1, 0x82, 0xd0, 0xb5, 0xd0, 0xbb, 0xd0, 0xb5, 0x3c, 0x2f, 0x78, 0x73,
  0x3a, 0x64, 0x6f, 0x63, 0x75, 0x6d, 0x65, 0x6e, 0x74, 0x61, 0x74, 0x69, 0x6f,
  0x6e, 0x3e, 0x0d, 0x0a, 0x09, 0x09, 0x09, 0x09, 0x09, 0x09, 0x09, 0x3c, 0x2f,
  0x78, 0x73, 0x3a, 0x61, 0x6e, 0x6e, 0x6f, 0x74, 0x61, 0x74, 0x69, 0x6f, 0x6e,
  0x3e, 0x0d, 0x0a, 0x09, 0x09, 0x09, 0x09, 0x09, 0x09, 0x3c, 0x2f, 0x78, 0x73,
  0x3a, 0x65, 0x6c, 0x65, 0x6d, 0x65, 0x6e, 0x74, 0x3e, 0x0d, 0x0a, 0x09, 0x09,
  0x09, 0x09, 0x09, 0x09, 0x3c, 0x78, 0x73, 0x3a, 0x65, 0x6c, 0x65, 0x6d, 0x65,
  0x6e, 0x74, 0x20, 0x6e, 0x61, 0x6d, 0x65, 0x3d, 0x22, 0xd0, 0xa1, 0xd0, 0xb2,
  0xd0, 0xb5, 0xd0, 0xb4, 0xd0, 0xa4, 0xd0, 0xb8, 0xd0, 0xb7, 0xd0, 0x9b, 0x22,
  0x20, 0x74, 0x79, 0x70, 0x65, 0x3d, 0x22, 0xd0, 0xa1, 0xd0, 0xb2, 0xd0, 0xa4,
  0xd0, 0x9b, 0xd0, 0xa2, 0xd0, 0xb8, 0xd0, 0xbf, 0x22, 0x20, 0x6d, 0x69, 0x6e,
  0x4f, 0x63, 0x63, 0x75, 0x72, 0x73, 0x3d, 0x22, 0x30, 0x22, 0x3e, 0x0d, 0x0a,
  0x09, 0x09, 0x09, 0x09, 0x09, 0x09, 0x09, 0x3c, 0x78, 0x73, 0x3a, 0x61, 0x6e,
  0x6e, 0x6f, 0x74, 0x61, 0x74, 0x69, 0x6f, 0x6e, 0x3e, 0x0d, 0x0a, 0x09, 0x09,
  0x09, 0x09, 0x09, 0x09, 0x09, 0x09, 0x3c, 0x78, 0x73, 0x3a, 0x64, 0x6f, 0x63,
  0x75, 0x6d, 0x65, 0x6e, 0x74, 0x61, 0x74, 0x69, 0x6f, 0x6e, 0x3e, 0xd0, 0xa1,
  0xd0, 0xb2, 0xd0, 0xb5, 0xd0, 0xb4, 0xd0, 0xb5, 0xd0, 0xbd, 0xd0, 0xb8, 0xd1,
  0x8f, 0x20, 0xd0, 0xbe, 0x20, 0xd1, 0x84, 0xd0, 0xb8, 0xd0, 0xb7, 0xd0, 0xb8,
  0xd1, 0x87, 0xd0, 0xb5, 0xd1, 0x81, 0xd0, 0xba, 0xd0, 0xbe, 0xd0, 0xbc, 0x20,
  0xd0, 0xbb, 0xd0, 0xb8, 0xd1, 0x86, 0xd0, 0xb5, 0x3c, 0x2f, 0x78, 0x73, 0x3a,
  0x64, 0x6f, 0x63, 0x75, 0x6d, 0x65, 0x6e, 0x74, 0x61, 0x74, 0x69, 0x6f, 0x6e,
  0x3e, 0x0d, 0x0a, 0x09, 0x09, 0x09, 0x09, 0x09, 0x09, 0x09, 0x3c, 0x2f, 0x78,
  0x73, 0x3a, 0x61, 0x6e, 0x6e, 0x6f, 0x74, 0x61, 0x74, 0x69, 0x6f, 0x6e, 0x3e,
  0x0d, 0x0a, 0x09, 0x09, 0x09, 0x09, 0x09, 0x09, 0x3c, 0x2f, 0x78, 0x73, 0x3a,
  0x65, 0x6c, 0x65, 0x6d, 0x65, 0x6e, 0x74, 0x3e, 0x0d, 0x0a, 0x09, 0x09, 0x09,
  0x09, 0x09, 0x09, 0x3c, 0x78, 0x73, 0x3a, 0x65, 0x6c, 0x65, 0x6d, 0x65, 0x6e,
  0x74, 0x20, 0x6e, 0x61, 0x6d, 0x65, 0x3d, 0x22, 0xd0, 0xa1, 0xd0, 0xb2, 0xd0,
  0xb5, 0xd0, 0xb4, 0xd0, 0xa4, 0xd0, 0xb8, 0xd0, 0xbb, 0xd0, 0xb8, 0xd0, 0xb0,
  0xd0, 0xbb, 0x22, 0x20, 0x74, 0x79, 0x70, 0x65, 0x3d, 0x22, 0xd0, 0xa1, 0xd0,
  0xb2, 0xd0, 0x9e, 0xd1, 0x80, 0xd0, 0xb3, 0xd0, 0xa2, 0xd0, 0xb8, 0xd0, 0xbf,
  0x22, 0x20, 0x6d, 0x69, 0x6e, 0x4f, 0x63, 0x63, 0x75, 0x72, 0x73, 0x3d, 0x22,
  0x30, 0x22, 0x3e, 0x0d, 0x0a, 0x09, 0x09, 0x09, 0x09, 0x09, 0x09, 0x09, 0x3c,
  0x78, 0x73, 0x3a, 0x61, 0x6e, 0x6e, 0x6f, 0x74, 0x61, 0x74, 0x69, 0x6f, 0x6e,
  0x3e, 0x0d, 0x0a, 0x09, 0x09, 0x09, 0x09, 0x09, 0x09, 0x09, 0x09, 0x3c, 0x78,
  0x73, 0x3a, 0x64, 0x6f, 0x63, 0x75, 0x6d, 0x65, 0x6e, 0x74, 0x61, 0x74, 0x69,
  0x6f, 0x6e, 0x3e, 0xd0, 0xa1, 0xd0, 0xb2, 0xd0, 0xb5, 0xd0, 0xb4, 0xd0, 0xb5,
  0xd0, 0xbd, 0xd0, 0xb8, 0xd1, 0x8f, 0x20, 0xd0, 0xbe, 0x20, 0xd1, 0x84, 0xd0,
  0xb8, 0xd0, 0xbb, 0xd0, 0xb8, 0xd0, 0xb0, 0xd0, 0xbb, 0xd0, 0xb5, 0x20, 0x28,
  0xd0, 0xbe, 0xd0, 0xb1, 0xd0, 0xbe, 0xd1, 0x81, 0xd0, 0xbe, 0xd0, 0xb1, 0xd0,
  0xbb, 0xd0, 0xb5, 0xd0, 0xbd, 0xd0, 0xbd, 0xd0, 0xbe, 0xd0, 0xbc, 0x20, 0xd0,
  0xbf, 0xd0, 0xbe, 0xd0, 0xb4, 0xd1, 0x80, 0xd0, 0xb0, 0xd0, 0xb7, 0xd0, 0xb4,
  0xd0, 0xb5, 0xd0, 0xbb, 0xd0, 0xb5, 0xd0, 0xbd, 0xd0, 0xb8, 0xd0, 0xb8, 0x29,
  0x20, 0xd1, 0x8e, 0xd1, 0x80, 0xd0, 0xb8, 0xd0, 0xb4, 0xd0, 0xb8, 0xd1, 0x87,
  0xd0, 0xb5, 0xd1, 0x81, 0xd0, 0xba, 0xd0, 0xbe, 0xd0, 0xb3, 0xd0, 0xbe, 0x20,
  0xd0, 0xbb, 0xd0, 0xb8, 0xd1, 0x86, 0xd0, 0xb0, 0x3c, 0x2f, 0x78, 0x73, 0x3a,
  0x64, 0x6f, 0x63, 0x75, 0x6d, 0x65, 0x6e, 0x74, 0x61, 0x74, 0x69, 0x6f, 0x6e,
  0x3e, 0x0d, 0x0a, 0x09, 0x09, 0x09, 0x09, 0x09, 0x09, 0x09, 0x3c, 0x2f, 0x78,
  0x73, 0x3a, 0x61, 0x6e, 0x6e, 0x6f, 0x74, 0x61, 0x74, 0x69, 0x6f, 0x6e, 0x3e,
  0x0d, 0x0a, 0x09, 0x09, 0x09, 0x09, 0x09, 0x09, 0x3c, 0x2f, 0x78, 0x73, 0x3a,
  0x65, 0x6c, 0x65, 0x6d, 0x65, 0x6e, 0x74, 0x3e, 0x0d, 0x0a, 0x09, 0x09, 0x09,
  0x09, 0x09, 0x09, 0x3c, 0x78, 0x73, 0x3a, 0x65, 0x6c, 0x65, 0x6d, 0x65, 0x6e,
  0x74, 0x20, 0x6e, 0x61, 0x6d, 0x65, 0x3d, 0x22, 0xd0, 0xa1, 0xd0, 0xb2, 0xd0,
  0xb5, 0xd0, 0xb4, 0xd0, 0x98, 0xd0, 0x9e, 0x22, 0x20, 0x74, 0x79, 0x70, 0x65,
  0x3d, 0x22, 0xd0, 0xa1, 0xd0, 0xb2, 0xd0, 0x98, 0xd0, 0xbd, 0xd0, 0x9e, 0xd1,
  0x80, 0xd0, 0xb3, 0xd0, 0xa2, 0xd0, 0xb8, 0xd0, 0xbf, 0x22, 0x20, 0x6d, 0x69,
  0x6e, 0x4f, 0x63, 0x63, 0x75, 0x72, 0x73, 0x3d, 0x22, 0x30, 0x22, 0x3e, 0x0d,
  0x0a, 0x09, 0x09, 0x09, 0x09, 0x09, 0x09, 0x09, 0x3c, 0x78, 0x73, 0x3a, 0x61,
  0x6e, 0x6e, 0x6f, 0x74, 0x61, 0x74, 0x69, 0x6f, 0x6e, 0x3e, 0x0d, 0x0a, 0x09,
  0x09, 0x09, 0x09, 0x09, 0x09, 0x09, 0x09, 0x3c, 0x78, 0x73, 0x3a, 0x64, 0x6f,
  0x63, 0x75, 0x6d, 0x65, 0x6e, 0x74, 0x61, 0x74, 0x69, 0x6f, 0x6e, 0x3e, 0xd0,
  0xa1, 0xd0, 0xb2, 0xd0, 0xb5, 0xd0, 0xb4, 0xd0, 0xb5, 0xd0, 0xbd, 0xd0, 0xb8,
  0xd1, 0x8f, 0x20, 0xd0, 0xbe, 0x20, 0xd1, 0x84, 0xd0, 0xb8, 0xd0, 0xbb, 0xd0,
  0xb8, 0xd0, 0xb0, 0xd0, 0xbb, 0xd0, 0xb5, 0x20, 0x28, 0xd0, 0xb0, 0xd0, 0xba,
  0xd0, 0xba, 0xd1, 0x80, 0xd0, 0xb5, 0xd0, 0xb4, 0xd0, 0xb8, 0xd1, 0x82, 0xd0,
  0xbe, 0xd0, 0xb2, 0xd0, 0xb0, 0xd0, 0xbd, 0xd0, 0xbd, 0xd0, 0xbe, 0xd0, 0xbc,
  0x20, 0xd0, 0xbf, 0xd1, 0x80, 0xd0, 0xb5, 0xd0, 0xb4, 0xd1, 0x81, 0xd1, 0x82,
  0xd0, 0xb0, 0xd0, 0xb2, 0xd0, 0xb8, 0xd1, 0x82, 0xd0, 0xb5, 0xd0, 0xbb, 0xd1,
  0x8c, 0xd1, 0x81, 0xd1, 0x82, 0xd0, 0xb2, 0xd0, 0xb5, 0x29, 0x20, 0xd0, 0xb8,
  0xd0, 0xbd, 0xd0, 0xbe, 0xd1, 0x81, 0xd1, 0x82, 0xd1, 0x80, 0xd0, 0xb0, 0xd0,
  0xbd, 0xd0, 0xbd, 0xd0, 0xbe, 0xd0, 0xb3, 0xd0, 0xbe, 0x20, 0xd1, 0x8e, 0xd1,
  0x80, 0xd0, 0xb8, 0xd0, 0xb4, 0xd0, 0xb8, 0xd1, 0x87, 0xd0, 0xb5, 0xd1, 0x81,
  0xd0, 0xba, 0xd0, 0xbe, 0xd0, 0xb3, 0xd0, 0xbe, 0x20, 0xd0, 0xbb, 0xd0, 0xb8,
  0xd1, 0x86, 0xd0, 0xb0, 0x3c, 0x2f, 0x78, 0x73, 0x3a, 0x64, 0x6f, 0x63, 0x75,
  0x6d, 0x65, 0x6e, 0x74, 0x61, 0x74, 0x69, 0x6f, 0x6e, 0x3e, 0x0d, 0x0a, 0x09,
  0x09, 0x09, 0x09, 0x09, 0x09, 0x09, 0x3c, 0x2f, 0x78, 0x73, 0x3a, 0x61, 0x6e,
  0x6e, 0x6f, 0x74, 0x61, 0x74, 0x69, 0x6f, 0x6e, 0x3e, 0x0d, 0x0a, 0x09, 0x09,
  0x09, 0x09, 0x09, 0x09, 0x3c, 0x2f, 0x78, 0x73, 0x3a, 0x65, 0x6c, 0x65, 0x6d,
  0x65, 0x6e, 0x74, 0x3e, 0x0d, 0x0a, 0x09, 0x09, 0x09, 0x09, 0x09, 0x3c, 0x2f,
  0x78, 0x73, 0x3a, 0x73, 0x65, 0x71, 0x75, 0x65, 0x6e, 0x63, 0x65, 0x3e, 0x0d,
  0x0a, 0x09, 0x09, 0x09, 0x09, 0x3c, 0x2f, 0x78, 0x73, 0x3a, 0x63, 0x6f, 0x6d,
  0x70, 0x6c, 0x65, 0x78, 0x54, 0x79, 0x70, 0x65, 0x3e, 0x0d, 0x0a, 0x09, 0x09,
  0x09, 0x3c, 0x2f, 0x78, 0x73, 0x3a, 0x65, 0x6c, 0x65, 0x6d, 0x65, 0x6e, 0x74,
  0x3e, 0x0d, 0x0a, 0x09, 0x09, 0x3c, 0x2f, 0x78, 0x73, 0x3a, 0x73, 0x65, 0x71,
  0x75, 0x65, 0x6e, 0x63, 0x65, 0x3e, 0x0d, 0x0a, 0x09, 0x09, 0x3c, 0x78, 0x73,
  0x3a, 0x61, 0x74, 0x74, 0x72, 0x69, 0x62, 0x75, 0x74, 0x65, 0x20, 0x6e, 0x61,
  0x6d, 0x65, 0x3d, 0x22, 0xd0, 0xa2, 0xd0, 0xb8, 0xd0, 0xbf, 0xd0, 0x9f, 0xd1,
  0x80, 0xd0, 0xb5, 0xd0, 0xb4, 0x22, 0x20, 0x75, 0x73, 0x65, 0x3d, 0x22, 0x72,
  0x65, 0x71, 0x75, 0x69, 0x72, 0x65, 0x64, 0x22, 0x3e, 0x0d, 0x0a, 0x09, 0x09,
  0x09, 0x3c, 0x78, 0x73, 0x3a, 0x61, 0x6e, 0x6e, 0x6f, 0x74, 0x61, 0x74, 0x69,
  0x6f, 0x6e, 0x3e, 0x0d, 0x0a, 0x09, 0x09, 0x09, 0x09, 0x3c, 0x78, 0x73, 0x3a,
  0x64, 0x6f, 0x63, 0x75, 0x6d, 0x65, 0x6e, 0x74, 0x61, 0x74, 0x69, 0x6f, 0x6e,
  0x3e, 0xd0, 0xa2, 0xd0, 0xb8, 0xd0, 0xbf, 0x20, 0xd0, 0xbf, 0xd1, 0x80, 0xd0,
  0xb5, 0xd0, 0xb4, 0xd1, 0x81, 0xd1, 0x82, 0xd0, 0xb0, 0xd0, 0xb2, 0xd0, 0xb8,
  0xd1, 0x82, 0xd0, 0xb5, 0xd0, 0xbb, 0xd1, 0x8f, 0x3c, 0x2f, 0x78, 0x73, 0x3a,
  0x64, 0x6f, 0x63, 0x75, 0x6d, 0x65, 0x6e, 0x74, 0x61, 0x74, 0x69, 0x6f, 0x6e,
  0x3e, 0x0d, 0x0a, 0x09, 0x09, 0x09, 0x3c, 0x2f, 0x78, 0x73, 0x3a, 0x61, 0x6e,
  0x6e, 0x6f, 0x74, 0x61, 0x74, 0x69, 0x6f, 0x6e, 0x3e, 0x0d, 0x0a, 0x09, 0x09,
  0x09, 0x3c, 0x78, 0x73, 0x3a, 0x73, 0x69, 0x6d, 0x70, 0x6c, 0x65, 0x54, 0x79,
  0x70, 0x65, 0x3e, 0x0d, 0x0a, 0x09, 0x09, 0x09, 0x09, 0x3c, 0x78, 0x73, 0x3a,
  0x72, 0x65, 0x73, 0x74, 0x72, 0x69, 0x63, 0x74, 0x69, 0x6f, 0x6e, 0x20, 0x62,
  0x61, 0x73, 0x65, 0x3d, 0x22, 0x78, 0x73, 0x3a, 0x73, 0x74, 0x72, 0x69, 0x6e,
  0x67, 0x22, 0x3e, 0x0d, 0x0a, 0x09, 0x09, 0x09, 0x09, 0x09, 0x3c, 0x78, 0x73,
  0x3a, 0x6c, 0x65, 0x6e, 0x67, 0x74, 0x68, 0x20, 0x76, 0x61, 0x6c, 0x75, 0x65,
  0x3d, 0x22, 0x31, 0x22, 0x2f, 0x3e, 0x0d, 0x0a, 0x09, 0x09, 0x09, 0x09, 0x09,
  0x3c, 0x78, 0x73, 0x3a, 0x65, 0x6e, 0x75, 0x6d, 0x65, 0x72, 0x61, 0x74, 0x69,
  0x6f, 0x6e, 0x20, 0x76, 0x61, 0x6c, 0x75, 0x65, 0x3d, 0x22, 0x31, 0x22, 0x2f,
  0x3e, 0x0d, 0x0a, 0x09, 0x09, 0x09, 0x09, 0x09, 0x3c, 0x78, 0x73, 0x3a, 0x65,
  0x6e, 0x75, 0x6d, 0x65, 0x72, 0x61, 0x74, 0x69, 0x6f, 0x6e, 0x20, 0x76, 0x61,
  0x6c, 0x75, 0x65, 0x3d, 0x22, 0x32, 0x22, 0x2f, 0x3e, 0x0d, 0x0a, 0x09, 0x09,
  0x09, 0x09, 0x09, 0x3c, 0x78, 0x73, 0x3a, 0x65, 0x6e, 0x75, 0x6d, 0x65, 0x72,
  0x61, 0x74, 0x69, 0x6f, 0x6e, 0x20, 0x76, 0x61, 0x6c, 0x75, 0x65, 0x3d, 0x22,
  0x33, 0x22, 0x2f, 0x3e, 0x0d, 0x0a, 0x09, 0x09, 0x09, 0x09, 0x09, 0x3c, 0x78,
  0x73, 0x3a, 0x65, 0x6e, 0x75, 0x6d, 0x65, 0x72, 0x61, 0x74, 0x69, 0x6f, 0x6e,
  0x20, 0x76, 0x61, 0x6c, 0x75, 0x65, 0x3d, 0x22, 0x34, 0x22, 0x2f, 0x3e, 0x0d,
  0x0a, 0x09, 0x09, 0x09, 0x09, 0x09, 0x3c, 0x78, 0x73, 0x3a, 0x65, 0x6e, 0x75,
  0x6d, 0x65, 0x72, 0x61, 0x74, 0x69, 0x6f, 0x6e, 0x20, 0x76, 0x61, 0x6c, 0x75,
  0x65, 0x3d, 0x22, 0x35, 0x22, 0x2f, 0x3e, 0x0d, 0x0a, 0x09, 0x09, 0x09, 0x09,
  0x3c, 0x2f, 0x78, 0x73, 0x3a, 0x72, 0x65, 0x73, 0x74, 0x72, 0x69, 0x63, 0x74,
  0x69, 0x6f, 0x6e, 0x3e, 0x0d, 0x0a, 0x09, 0x09, 0x09, 0x3c, 0x2f, 0x78, 0x73,
  0x3a, 0x73, 0x69, 0x6d, 0x70, 0x6c, 0x65, 0x54, 0x79, 0x70, 0x65, 0x3e, 0x0d,
  0x0a, 0x09, 0x09, 0x3c, 0x2f, 0x78, 0x73, 0x3a, 0x61, 0x74, 0x74, 0x72, 0x69,
  0x62, 0x75, 0x74, 0x65, 0x3e, 0x0d, 0x0a, 0x09, 0x3c, 0x2f, 0x78, 0x73, 0x3a,
  0x63, 0x6f, 0x6d, 0x70, 0x6c, 0x65, 0x78, 0x54, 0x79, 0x70, 0x65, 0x3e, 0x0d,
  0x0a, 0x09, 0x3c, 0x78, 0x73, 0x3a, 0x63, 0x6f, 0x6d, 0x70, 0x6c, 0x65, 0x78,
  0x54, 0x79, 0x70, 0x65, 0x20, 0x6e, 0x61, 0x6d, 0x65, 0x3d, 0x22, 0xd0, 0xa1,
  0xd0, 0xb2, 0xd0, 0x9f, 0xd0, 0xbe, 0xd0, 0xbb, 0xd0, 0xbd, 0xd0, 0xa2, 0xd0,
  0xb8, 0xd0, 0xbf, 0x22, 0x3e, 0x0d, 0x0a, 0x09, 0x09, 0x3c, 0x78, 0x73, 0x3a,
  0x61, 0x6e, 0x6e, 0x6f, 0x74, 0x61, 0x74, 0x69, 0x6f, 0x6e, 0x3e, 0x0d, 0x0a,
  0x09, 0x09, 0x09, 0x3c, 0x78, 0x73, 0x3a, 0x64, 0x6f, 0x63, 0x75, 0x6d, 0x65,
  0x6e, 0x74, 0x61, 0x74, 0x69, 0x6f, 0x6e, 0x3e, 0xd0, 0xa1, 0xd0, 0xb2, 0xd0,
  0xb5, 0xd0, 0xb4, 0xd0, 0xb5, 0xd0, 0xbd, 0xd0, 0xb8, 0xd1, 0x8f, 0x20, 0xd0,
  0xbe, 0x20, 0xd0, 0xbf, 0xd0, 0xbe, 0xd0, 0xbb, 0xd0, 0xbd, 0xd0, 0xbe, 0xd0,
  0xbc, 0xd0, 0xbe, 0xd1, 0x87, 0xd0, 0xb8, 0xd1, 0x8f, 0xd1, 0x85, 0x20, 0xd0,
  0xbf, 0xd1, 0x80, 0xd0, 0xb5, 0xd0, 0xb4, 0xd1, 0x81, 0xd1, 0x82, 0xd0, 0xb0,
  0xd0, 0xb2, 0xd0, 0xb8, 0xd1, 0x82, 0xd0, 0xb5, 0xd0, 0xbb, 0xd1, 0x8f, 0x20,
  0x28, 0xd0, 0xbf, 0xd1, 0x80, 0xd0, 0xb5, 0xd0, 0xb4, 0xd1, 0x81, 0xd1, 0x82,
  0xd0, 0xb0, 0xd0, 0xb2, 0xd0, 0xb8, 0xd1, 0x82, 0xd0, 0xb5, 0xd0, 0xbb, 0xd0,
  0xb5, 0xd0, 0xb9, 0x29, 0x3c, 0x2f, 0x78, 0x73, 0x3a, 0x64, 0x6f, 0x63, 0x75,
  0x6d, 0x65, 0x6e, 0x74, 0x61, 0x74, 0x69, 0x6f, 0x6e, 0x3e, 0x0d, 0x0a, 0x09,
  0x09, 0x3c, 0x2f, 0x78, 0x73, 0x3a, 0x61, 0x6e, 0x6e, 0x6f, 0x74, 0x61, 0x74,
  0x69, 0x6f, 0x6e, 0x3e, 0x0d, 0x0a, 0x09, 0x09, 0x3c, 0x78, 0x73, 0x3a, 0x73,
  0x65, 0x71, 0x75, 0x65, 0x6e, 0x63, 0x65, 0x3e, 0x0d, 0x0a, 0x09, 0x09, 0x09,
  0x3c, 0x78, 0x73, 0x3a, 0x65, 0x6c, 0x65, 0x6d, 0x65, 0x6e, 0x74, 0x20, 0x6e,
  0x61, 0x6d, 0x65, 0x3d, 0x22, 0xd0, 0xa2, 0xd0, 0xb5, 0xd0, 0xba, 0xd1, 0x81,
  0xd1, 0x82, 0xd0, 0x9f, 0xd0, 0xbe, 0xd0, 0xbb, 0xd0, 0xbd, 0x22, 0x20, 0x6d,
  0x69, 0x6e, 0x4f, 0x63, 0x63, 0x75, 0x72, 0x73, 0x3d, 0x22, 0x30, 0x22, 0x3e,
  0x0d, 0x0a, 0x09, 0x09, 0x09, 0x09, 0x3c, 0x78, 0x73, 0x3a, 0x61, 0x6e, 0x6e,
  0x6f, 0x74, 0x61, 0x74, 0x69, 0x6f, 0x6e, 0x3e, 0x0d, 0x0a, 0x09, 0x09, 0x09,
  0x09, 0x09, 0x3c, 0x78, 0x73, 0x3a, 0x64, 0x6f, 0x63, 0x75, 0x6d, 0x65, 0x6e,
  0x74, 0x61, 0x74, 0x69, 0x6f, 0x6e, 0x3e, 0xd0, 0xa2, 0xd0, 0xb5, 0xd0, 0xba,
  0xd1, 0x81, 0xd1, 0x82, 0xd0, 0xbe, 0xd0, 0xb2, 0xd0, 0xbe, 0xd0, 0xb5, 0x20,
  0xd1, 0x81, 0xd0, 0xbe, 0xd0, 0xb4, 0xd0, 0xb5, 0xd1, 0x80, 0xd0, 0xb6, 0xd0,
  0xb0, 0xd0, 0xbd, 0xd0, 0xb8, 0xd0, 0xb5, 0x20, 0xd0, 0xbf, 0xd0, 0xbe, 0xd0,
  0xbb, 0xd0, 0xbd, 0xd0, 0xbe, 0xd0, 0xbc, 0xd0, 0xbe, 0xd1, 0x87, 0xd0, 0xb8,
  0xd1, 0x8f, 0x3c, 0x2f, 0x78, 0x73, 0x3a, 0x64, 0x6f, 0x63, 0x75, 0x6d, 0x65,
  0x6e, 0x74, 0x61, 0x74, 0x69, 0x6f, 0x6e, 0x3e, 0x0d, 0x0a, 0x09, 0x09, 0x09,
  0x09, 0x3c, 0x2f, 0x78, 0x73, 0x3a, 0x61, 0x6e, 0x6e, 0x6f, 0x74, 0x61, 0x74,
  0x69, 0x6f, 0x6e, 0x3e, 0x0d, 0x0a, 0x09, 0x09, 0x09, 0x09, 0x3c, 0x78, 0x73,
  0x3a, 0x73, 0x69, 0x6d, 0x70, 0x6c, 0x65, 0x54, 0x79, 0x70, 0x65, 0x3e, 0x0d,
  0x0a, 0x09, 0x09, 0x09, 0x09, 0x09, 0x3c, 0x78, 0x73, 0x3a, 0x72, 0x65, 0x73,
  0x74, 0x72, 0x69, 0x63, 0x74, 0x69, 0x6f, 0x6e, 0x20, 0x62, 0x61, 0x73, 0x65,
  0x3d, 0x22, 0x78, 0x73, 0x3a, 0x73, 0x74, 0x72, 0x69, 0x6e, 0x67, 0x22, 0x3e,
  0x0d, 0x0a, 0x09, 0x09, 0x09, 0x09, 0x09, 0x09, 0x3c, 0x78, 0x73, 0x3a, 0x6d,
  0x69, 0x6e, 0x4c, 0x65, 0x6e, 0x67, 0x74, 0x68, 0x20, 0x76, 0x61, 0x6c, 0x75,
  0x65, 0x3d, 0x22, 0x31, 0x22, 0x2f, 0x3e, 0x0d, 0x0a, 0x09, 0x09, 0x09, 0x09,
  0x09, 0x09, 0x3c, 0x78, 0x73, 0x3a, 0x6d, 0x61, 0x78, 0x4c, 0x65, 0x6e, 0x67,
  0x74, 0x68, 0x20, 0x76, 0x61, 0x6c, 0x75, 0x65, 0x3d, 0x22, 0x31, 0x30, 0x30,
  0x30, 0x30, 0x22, 0x2f, 0x3e, 0x0d, 0x0a, 0x09, 0x09, 0x09, 0x09, 0x09, 0x3c,
  0x2f, 0x78, 0x73, 0x3a, 0x72, 0x65, 0x73, 0x74, 0x72, 0x69, 0x63, 0x74, 0x69,
  0x6f, 0x6e, 0x3e, 0x0d, 0x0a, 0x09, 0x09, 0x09, 0x09, 0x3c, 0x2f, 0x78, 0x73,
  0x3a, 0x73, 0x69, 0x6d, 0x70, 0x6c, 0x65, 0x54, 0x79, 0x70, 0x65, 0x3e, 0x0d,
  0x0a, 0x09, 0x09, 0x09, 0x3c, 0x2f, 0x78, 0x73, 0x3a, 0x65, 0x6c, 0x65, 0x6d,
  0x65, 0x6e, 0x74, 0x3e, 0x0d, 0x0a, 0x09, 0x09, 0x09, 0x3c, 0x78, 0x73, 0x3a,
  0x65, 0x6c, 0x65, 0x6d, 0x65, 0x6e, 0x74, 0x20, 0x6e, 0x61, 0x6d, 0x65, 0x3d,
  0x22, 0xd0, 0x9c, 0xd0, 0xb0, 0xd1, 0x88, 0xd0, 0x9f, 0xd0, 0xbe, 0xd0, 0xbb,
  0xd0, 0xbd, 0x22, 0x20, 0x6d, 0x69, 0x6e, 0x4f, 0x63, 0x63, 0x75, 0x72, 0x73,
  0x3d, 0x22, 0x30, 0x22, 0x20, 0x6d, 0x61, 0x78, 0x4f, 0x63, 0x63, 0x75, 0x72,
  0x73, 0x3d, 0x22, 0x75, 0x6e, 0x62, 0x6f, 0x75, 0x6e, 0x64, 0x65, 0x64, 0x22,
  0x3e, 0x0d, 0x0a, 0x09, 0x09, 0x09, 0x09, 0x3c, 0x78, 0x73, 0x3a, 0x61, 0x6e,
  0x6e, 0x6f, 0x74, 0x61, 0x74, 0x69, 0x6f, 0x6e, 0x3e, 0x0d, 0x0a, 0x09, 0x09,
  0x09, 0x09, 0x09, 0x3c, 0x78, 0x73, 0x3a, 0x64, 0x6f, 0x63, 0x75, 0x6d, 0x65,
  0x6e, 0x74, 0x61, 0x74, 0x69, 0x6f, 0x6e, 0x3e, 0xd0, 0xa1, 0xd0, 0xb2, 0xd0,
  0xb5, 0xd0, 0xb4, 0xd0, 0xb5, 0xd0, 0xbd, 0xd0, 0xb8, 0xd1, 0x8f, 0x20, 0xd0,
  0xbe, 0x20, 0xd0, 0xbc, 0xd0, 0xb0, 0xd1, 0x88, 0xd0, 0xb8, 0xd0, 0xbd, 0xd0,
  0xbe, 0xd1, 0x87, 0xd0, 0xb8, 0xd1, 0x82, 0xd0, 0xb0, 0xd0, 0xb5, 0xd0, 0xbc,
  0xd0, 0xbe, 0xd0, 0xbc, 0x20, 0xd0, 0xbf, 0xd0, 0xbe, 0xd0, 0xbb, 0xd0, 0xbd,
  0xd0, 0xbe, 0xd0, 0xbc, 0xd0, 0xbe, 0xd1, 0x87, 0xd0, 0xb8, 0xd0, 0xb8, 0x20,
  0x28, 0xd0, 0xbc, 0xd0, 0xb0, 0xd1, 0x88, 0xd0, 0xb8, 0xd0, 0xbd, 0xd0, 0xbe,
  0xd1, 0x87, 0xd0, 0xb8, 0xd1, 0x82, 0xd0, 0xb0, 0xd0, 0xb5, 0xd0, 0xbc, 0xd1,
  0x8b, 0xd1, 0x85, 0x20, 0xd0, 0xbf, 0xd0, 0xbe, 0xd0, 0xbb, 0xd0, 0xbd, 0xd0,
  0xbe, 0xd0, 0xbc, 0xd0, 0xbe, 0xd1, 0x87, 0xd0, 0xb8, 0xd1, 0x8f, 0xd1, 0x85,
  0x29, 0x3c, 0x2f, 0x78, 0x73, 0x3a, 0x64, 0x6f, 0x63, 0x75, 0x6d, 0x65, 0x6e,
  0x74, 0x61, 0x74, 0x69, 0x6f, 0x6e, 0x3e, 0x0d, 0x0a, 0x09, 0x09, 0x09, 0x09,
  0x3c, 0x2f, 0x78, 0x73, 0x3a, 0x61, 0x6e, 0x6e, 0x6f, 0x74, 0x61, 0x74, 0x69,
  0x6f, 0x6e, 0x3e, 0x0d, 0x0a, 0x09, 0x09, 0x09, 0x09, 0x3c, 0x78, 0x73, 0x3a,
  0x63, 0x6f, 0x6d, 0x70, 0x6c, 0x65, 0x78, 0x54, 0x79, 0x70, 0x65, 0x3e, 0x0d,
  0x0a, 0x09, 0x09, 0x09, 0x09, 0x09, 0x3c, 0x78, 0x73, 0x3a, 0x73, 0x65, 0x71,
  0x75, 0x65, 0x6e, 0x63, 0x65, 0x3e, 0x0d, 0x0a, 0x09, 0x09, 0x09, 0x09, 0x09,
  0x09, 0x3c, 0x78, 0x73, 0x3a, 0x65, 0x6c, 0x65, 0x6d, 0x65, 0x6e, 0x74, 0x20,
  0x6e, 0x61, 0x6d, 0x65, 0x3d, 0x22, 0xd0, 0x9e, 0xd0, 0xb3, 0xd1, 0x80, 0xd0,
  0xa1, 0xd0, 0xb2, 0xd0, 0x9f, 0xd0, 0xbe, 0xd0, 0xbb, 0xd0, 0xbd, 0x22, 0x20,
  0x6d, 0x69, 0x6e, 0x4f, 0x63, 0x63, 0x75, 0x72, 0x73, 0x3d, 0x22, 0x30, 0x22,
  0x20, 0x6d, 0x61, 0x78, 0x4f, 0x63, 0x63, 0x75, 0x72, 0x73, 0x3d, 0x22, 0x75,
  0x6e, 0x62, 0x6f, 0x75, 0x6e, 0x64, 0x65, 0x64, 0x22, 0x3e, 0x0d, 0x0a, 0x09,
  0x09, 0x09, 0x09, 0x09, 0x09, 0x09, 0x3c, 0x78, 0x73, 0x3a, 0x61, 0x6e, 0x6e,
  0x6f, 0x74, 0x61, 0x74, 0x69, 0x6f, 0x6e, 0x3e, 0x0d, 0x0a, 0x09, 0x09, 0x09,
  0x09, 0x09, 0x09, 0x09, 0x09, 0x3c, 0x78, 0x73, 0x3a, 0x64, 0x6f, 0x63, 0x75,
  0x6d, 0x65, 0x6e, 0x74, 0x61, 0x74, 0x69, 0x6f, 0x6e, 0x3e, 0xd0, 0xa1, 0xd0,
  0xb2, 0xd0, 0xb5, 0xd0, 0xb4, 0xd0, 0xb5, 0xd0, 0xbd, 0xd0, 0xb8, 0xd1, 0x8f,
  0x20, 0xd0, 0xbe, 0xd0, 0xb1, 0x20, 0xd0, 0xbe, 0xd0, 0xb3, 0xd1, 0x80, 0xd0,
  0xb0, 0xd0, 0xbd, 0xd0, 0xb8, 0xd1, 0x87, 0xd0, 0xb5, 0xd0, 0xbd, 0xd0, 0xb8,
  0xd0, 0xb8, 0x20, 0x28, 0xd0, 0xbe, 0xd0, 0xb3, 0xd1, 0x80, 0xd0, 0xb0, 0xd0,
  0xbd, 0xd0, 0xb8, 0xd1, 0x87, 0xd0, 0xb5, 0xd0, 0xbd, 0xd0, 0xb8, 0xd1, 0x8f,
  0xd1, 0x85, 0x29, 0x20, 0xd0, 0xba, 0x20, 0xd0, 0xbf, 0xd0, 0xbe, 0xd0, 0xbb,
  0xd0, 0xbd, 0xd0, 0xbe, 0xd0, 0xbc, 0xd0, 0xbe, 0xd1, 0x87, 0xd0, 0xb8, 0xd1,
  0x8e, 0x3c, 0x2f, 0x78, 0x73, 0x3a, 0x64, 0x6f, 0x63, 0x75, 0x6d, 0x65, 0x6e,
  0x74, 0x61, 0x74, 0x69, 0x6f, 0x6e, 0x3e, 0x0d, 0x0a, 0x09, 0x09, 0x09, 0x09,
  0x09, 0x09, 0x09, 0x3c, 0x2f, 0x78, 0x73, 0x3a, 0x61, 0x6e, 0x6e, 0x6f, 0x74,
  0x61, 0x74, 0x69, 0x6f, 0x6e, 0x3e, 0x0d, 0x0a, 0x09, 0x09, 0x09, 0x09, 0x09,
  0x09, 0x09, 0x3c, 0x78, 0x73, 0x3a, 0x63, 0x6f, 0x6d, 0x70, 0x6c, 0x65, 0x78,
  0x54, 0x79, 0x70, 0x65, 0x3e, 0x0d, 0x0a, 0x09, 0x09, 0x09, 0x09, 0x09, 0x09,
  0x09, 0x09, 0x3c, 0x78, 0x73, 0x3a, 0x63, 0x68, 0x6f, 0x69, 0x63, 0x65, 0x3e,
  0x0d, 0x0a, 0x09, 0x09, 0x09, 0x09, 0x09, 0x09, 0x09, 0x09, 0x09, 0x3c, 0x78,
  0x73, 0x3a, 0x65, 0x6c, 0x65, 0x6d, 0x65, 0x6e, 0x74, 0x20, 0x6e, 0x61, 0x6d,
  0x65, 0x3d, 0x22, 0xd0, 0x9a, 0xd0, 0xbe, 0xd0, 0xb4, 0xd0, 0x97, 0xd0, 0xbd,
  0xd0, 0xb0, 0xd1, 0x87, 0xd0, 0x9e, 0xd0, 0xb3, 0xd1, 0x80, 0x22, 0x3e, 0x0d,
  0x0a, 0x09, 0x09, 0x09, 0x09, 0x09, 0x09, 0x09, 0x09, 0x09, 0x09, 0x3c, 0x78,
  0x73, 0x3a, 0x61, 0x6e, 0x6e, 0x6f, 0x74, 0x61, 0x74, 0x69, 0x6f, 0x6e, 0x3e,
  0x0d, 0x0a, 0x09, 0x09, 0x09, 0x09, 0x09, 0x09, 0x09, 0x09, 0x09, 0x09, 0x09,
  0x3c, 0x78, 0x73, 0x3a, 0x64, 0x6f, 0x63, 0x75, 0x6d, 0x65, 0x6e, 0x74, 0x61,
  0x74, 0x69, 0x6f, 0x6e, 0x3e, 0xd0, 0x9a, 0xd0, 0xbe, 0xd0, 0xb4, 0x20, 0xd0,
  0xb7, 0xd0, 0xbd, 0xd0, 0xb0, 0xd1, 0x87, 0xd0, 0xb5, 0xd0, 0xbd, 0xd0, 0xb8,
  0xd1, 0x8f, 0x20, 0xd0, 0xb4, 0xd0, 0xbb, 0xd1, 0x8f, 0x20, 0xd0, 0xbe, 0xd0,
  0xb3, 0xd1, 0x80, 0xd0, 0xb0, 0xd0, 0xbd, 0xd0, 0xb8, 0xd1, 0x87, 0xd0, 0xb5,
  0xd0, 0xbd, 0xd0, 0xb8, 0xd1, 0x8f, 0x3c, 0x2f, 0x78, 0x73, 0x3a, 0x64, 0x6f,
  0x63, 0x75, 0x6d, 0x65, 0x6e, 0x74, 0x61, 0x74, 0x69, 0x6f, 0x6e, 0x3e, 0x0d,
  0x0a, 0x09, 0x09, 0x09, 0x09, 0x09, 0x09, 0x09, 0x09, 0x09, 0x09, 0x3c, 0x2f,
  0x78, 0x73, 0x3a, 0x61, 0x6e, 0x6e, 0x6f, 0x74, 0x61, 0x74, 0x69, 0x6f, 0x6e,
  0x3e, 0x0d, 0x0a, 0x09, 0x09, 0x09, 0x09, 0x09, 0x09, 0x09, 0x09, 0x09, 0x09,
  0x3c, 0x78, 0x73, 0x3a, 0x73, 0x69, 0x6d, 0x70, 0x6c, 0x65, 0x54, 0x79, 0x70,
  0x65, 0x3e, 0x0d, 0x0a, 0x09, 0x09, 0x09, 0x09, 0x09, 0x09, 0x09, 0x09, 0x09,
  0x09, 0x09, 0x3c, 0x78, 0x73, 0x3a, 0x72, 0x65, 0x73, 0x74, 0x72, 0x69, 0x63,
  0x74, 0x69, 0x6f, 0x6e, 0x20, 0x62, 0x61, 0x73, 0x65, 0x3d, 0x22, 0x78, 0x73,
  0x3a, 0x73, 0x74, 0x72, 0x69, 0x6e, 0x67, 0x22, 0x3e, 0x0d, 0x0a, 0x09, 0x09,
  0x09, 0x09, 0x09, 0x09, 0x09, 0x09, 0x09, 0x09, 0x09, 0x09, 0x3c, 0x78, 0x73,
  0x3a, 0x6d, 0x69, 0x6e, 0x4c, 0x65, 0x6e, 0x67, 0x74, 0x68, 0x20, 0x76, 0x61,
  0x6c, 0x75, 0x65, 0x3d, 0x22, 0x31, 0x22, 0x2f, 0x3e, 0x0d, 0x0a, 0x09, 0x09,
  0x09, 0x09, 0x09, 0x09, 0x09, 0x09, 0x09, 0x09, 0x09, 0x09, 0x3c, 0x78, 0x73,
  0x3a, 0x6d, 0x61, 0x78, 0x4c, 0x65, 0x6e, 0x67, 0x74, 0x68, 0x20, 0x76, 0x61,
  0x6c, 0x75, 0x65, 0x3d, 0x22, 0x32, 0x35, 0x35, 0x22, 0x2f, 0x3e, 0x0d, 0x0a,
  0x09, 0x09, 0x09, 0x09, 0x09, 0x09, 0x09, 0x09, 0x09, 0x09, 0x09, 0x3c, 0x2f,
  0x78, 0x73, 0x3a, 0x72, 0x65, 0x73, 0x74, 0x72, 0x69, 0x63, 0x74, 0x69, 0x6f,
  0x6e, 0x3e, 0x0d, 0x0a, 0x09, 0x09, 0x09, 0x09, 0x09, 0x09, 0x09, 0x09, 0x09,
  0x09, 0x3c, 0x2f, 0x78, 0x73, 0x3a, 0x73, 0x69, 0x6d, 0x70, 0x6c, 0x65, 0x54,
  0x79, 0x70, 0x65, 0x3e, 0x0d, 0x0a, 0x09, 0x09, 0x09, 0x09, 0x09, 0x09, 0x09,
  0x09, 0x09, 0x3c, 0x2f, 0x78, 0x73, 0x3a, 0x65, 0x6c, 0x65, 0x6d, 0x65, 0x6e,
  0x74, 0x3e, 0x0d, 0x0a, 0x09, 0x09, 0x09, 0x09, 0x09, 0x09, 0x09, 0x09, 0x09,
  0x3c, 0x78, 0x73, 0x3a, 0x65, 0x6c, 0x65, 0x6d, 0x65, 0x6e, 0x74, 0x20, 0x6e,
  0x61, 0x6d, 0x65, 0x3d, 0x22, 0xd0, 0xa2, 0xd0, 0xb5, 0xd0, 0xba, 0xd1, 0x81,
  0xd0, 0x97, 0xd0, 0xbd, 0xd0, 0xb0, 0xd1, 0x87, 0xd0, 0x9e, 0xd0, 0xb3, 0xd1,
  0x80, 0x22, 0x3e, 0x0d, 0x0a, 0x09, 0x09, 0x09, 0x09, 0x09, 0x09, 0x09, 0x09,
  0x09, 0x09, 0x3c, 0x78, 0x73, 0x3a, 0x61, 0x6e, 0x6e, 0x6f, 0x74, 0x61, 0x74,
  0x69, 0x6f, 0x6e, 0x3e, 0x0d, 0x0a, 0x09, 0x09, 0x09, 0x09, 0x09, 0x09, 0x09,
  0x09, 0x09, 0x09, 0x09, 0x3c, 0x78, 0x73, 0x3a, 0x64, 0x6f, 0x63, 0x75, 0x6d,
  0x65, 0x6e, 0x74, 0x61, 0x74, 0x69, 0x6f, 0x6e, 0x3e, 0xd0, 0xa2, 0xd0, 0xb5,
  0xd0, 0xba, 0xd1, 0x81, 0xd1, 0x82, 0xd0, 0xbe, 0xd0, 0xb2, 0xd0, 0xbe, 0xd0,
  0xb5, 0x20, 0xd0, 0xb7, 0xd0, 0xbd, 0xd0, 0xb0, 0xd1, 0x87, 0xd0, 0xb5, 0xd0,
  0xbd, 0xd0, 0xb8, 0xd0, 0xb5, 0x20, 0xd0, 0xb4, 0xd0, 0xbb, 0xd1, 0x8f, 0x20,
  0xd0, 0xbe, 0xd0, 0xb3, 0xd1, 0x80, 0xd0, 0xb0, 0xd0, 0xbd, 0xd0, 0xb8, 0xd1,
  0x87, 0xd0, 0xb5, 0xd0, 0xbd, 0xd0, 0xb8, 0xd1, 0x8f, 0x3c, 0x2f, 0x78, 0x73,
  0x3a, 0x64, 0x6f, 0x63, 0x75, 0x6d, 0x65, 0x6e, 0x74, 0x61, 0x74, 0x69, 0x6f,
  0x6e, 0x3e, 0x0d, 0x0a, 0x09, 0x09, 0x09, 0x09, 0x09, 0x09, 0x09, 0x09, 0x09,
  0x09, 0x3c, 0x2f, 0x78, 0x73, 0x3a, 0x61, 0x6e, 0x6e, 0x6f, 0x74, 0x61, 0x74,
  0x69, 0x6f, 0x6e, 0x3e, 0x0d, 0x0a, 0x09, 0x09, 0x09, 0x09, 0x09, 0x09, 0x09,
  0x09, 0x09, 0x09, 0x3c, 0x78, 0x73, 0x3a, 0x73, 0x69, 0x6d, 0x70, 0x6c, 0x65,
  0x54, 0x79, 0x70, 0x65, 0x3e, 0x0d, 0x0a, 0x09, 0x09, 0x09, 0x09, 0x09, 0x09,
  0x09, 0x09, 0x09, 0x09, 0x09, 0x3c, 0x78, 0x73, 0x3a, 0x72, 0x65, 0x73, 0x74,
  0x72, 0x69, 0x63, 0x74, 0x69, 0x6f, 0x6e, 0x20, 0x62, 0x61, 0x73, 0x65, 0x3d,
  0x22, 0x78, 0x73, 0x3a, 0x73, 0x74, 0x72, 0x69, 0x6e, 0x67, 0x22, 0x3e, 0x0d,
  0x0a, 0x09, 0x09, 0x09, 0x09, 0x09, 0x09, 0x09, 0x09, 0x09, 0x09, 0x09, 0x09,
  0x3c, 0x78, 0x73, 0x3a, 0x6d, 0x69, 0x6e, 0x4c, 0x65, 0x6e, 0x67, 0x74, 0x68,
  0x20, 0x76, 0x61, 0x6c, 0x75, 0x65, 0x3d, 0x22, 0x31, 0x22, 0x2f, 0x3e, 0x0d,
  0x0a, 0x09, 0x09, 0x09, 0x09, 0x09, 0x09, 0x09, 0x09, 0x09, 0x09, 0x09, 0x09,
  0x3c, 0x78, 0x73, 0x3a, 0x6d, 0x61, 0x78, 0x4c, 0x65, 0x6e, 0x67, 0x74, 0x68,
  0x20, 0x76, 0x61, 0x6c, 0x75, 0x65, 0x3d, 0x22, 0x32, 0x35, 0x35, 0x22, 0x2f,
  0x3e, 0x0d, 0x0a, 0x09, 0x09, 0x09, 0x09, 0x09, 0x09, 0x09, 0x09, 0x09, 0x09,
  0x09, 0x3c, 0x2f, 0x78, 0x73, 0x3a, 0x72, 0x65, 0x73, 0x74, 0x72, 0x69, 0x63,
  0x74, 0x69, 0x6f, 0x6e, 0x3e, 0x0d, 0x0a, 0x09, 0x09, 0x09, 0x09, 0x09, 0x09,
  0x09, 0x09, 0x09, 0x09, 0x3c, 0x2f, 0x78, 0x73, 0x3a, 0x73, 0x69, 0x6d, 0x70,
  0x6c, 0x65, 0x54, 0x79, 0x70, 0x65, 0x3e, 0x0d, 0x0a, 0x09, 0x09, 0x09, 0x09,
  0x09, 0x09, 0x09, 0x09, 0x09, 0x3c, 0x2f, 0x78, 0x73, 0x3a, 0x65, 0x6c, 0x65,
  0x6d, 0x65, 0x6e, 0x74, 0x3e, 0x0d, 0x0a, 0x09, 0x09, 0x09, 0x09, 0x09, 0x09,
  0x09, 0x09, 0x3c, 0x2f, 0x78, 0x73, 0x3a, 0x63, 0x68, 0x6f, 0x69, 0x63, 0x65,
  0x3e, 0x0d, 0x0a, 0x09, 0x09, 0x09, 0x09, 0x09, 0x09, 0x09, 0x09, 0x3c, 0x78,
  0x73, 0x3a, 0x61, 0x74, 0x74, 0x72, 0x69, 0x62, 0x75, 0x74, 0x65, 0x20, 0x6e,
  0x61, 0x6d, 0x65, 0x3d, 0x22, 0xd0, 0x98, 0xd0, 0xb4, 0xd0, 0x9e, 0xd0, 0xb3,
  0xd1, 0x80, 0x22, 0x20, 0x75, 0x73, 0x65, 0x3d, 0x22, 0x72, 0x65, 0x71, 0x75,
  0x69, 0x72, 0x65, 0x64, 0x22, 0x3e, 0x0d, 0x0a, 0x09, 0x09, 0x09, 0x09, 0x09,
  0x09, 0x09, 0x09, 0x09, 0x3c, 0x78, 0x73, 0x3a, 0x61, 0x6e, 0x6e, 0x6f, 0x74,
  0x61, 0x74, 0x69, 0x6f, 0x6e, 0x3e, 0x0d, 0x0a, 0x09, 0x09, 0x09, 0x09, 0x09,
  0x09, 0x09, 0x09, 0x09, 0x09, 0x3c, 0x78, 0x73, 0x3a, 0x64, 0x6f, 0x63, 0x75,
  0x6d, 0x65, 0x6e, 0x74, 0x61, 0x74, 0x69, 0x6f, 0x6e, 0x3e, 0xd0, 0x9f, 0xd0,
  0xbe, 0xd1, 0x80, 0xd1, 0x8f, 0xd0, 0xb4, 0xd0, 0xba, 0xd0, 0xbe, 0xd0, 0xb2,
  0xd1, 0x8b, 0xd0, 0xb9, 0x20, 0xd0, 0xbd, 0xd0, 0xbe, 0xd0, 0xbc, 0xd0, 0xb5,
  0xd1, 0x80, 0x20, 0xd0, 0xbe, 0xd0, 0xb3, 0xd1, 0x80, 0xd0, 0xb0, 0xd0, 0xbd,
  0xd0, 0xb8, 0xd1, 0x87, 0xd0, 0xb5, 0xd0, 0xbd, 0xd0, 0xb8, 0xd1, 0x8f, 0x3c,
  0x2f, 0x78, 0x73, 0x3a, 0x64, 0x6f, 0x63, 0x75, 0x6d, 0x65, 0x6e, 0x74, 0x61,
  0x74, 0x69, 0x6f, 0x6e, 0x3e, 0x0d, 0x0a, 0x09, 0x09, 0x09, 0x09, 0x09, 0x09,
  0x09, 0x09, 0x09, 0x3c, 0x2f, 0x78, 0x73, 0x3a, 0x61, 0x6e, 0x6e, 0x6f, 0x74,
  0x61, 0x74, 0x69, 0x6f, 0x6e, 0x3e, 0x0d, 0x0a, 0x09, 0x09, 0x09, 0x09, 0x09,
  0x09, 0x09, 0x09, 0x09, 0x3c, 0x78, 0x73, 0x3a, 0x73, 0x69, 0x6d, 0x70, 0x6c,
  0x65, 0x54, 0x79, 0x70, 0x65, 0x3e, 0x0d, 0x0a, 0x09, 0x09, 0x09, 0x09, 0x09,
  0x09, 0x09, 0x09, 0x09, 0x09, 0x3c, 0x78, 0x73, 0x3a, 0x72, 0x65, 0x73, 0x74,
  0x72, 0x69, 0x63, 0x74, 0x69, 0x6f, 0x6e, 0x20, 0x62, 0x61, 0x73, 0x65, 0x3d,
  0x22, 0x78, 0x73, 0x3a, 0x69, 0x6e, 0x74, 0x65, 0x67, 0x65, 0x72, 0x22, 0x3e,
  0x0d, 0x0a, 0x09, 0x09, 0x09, 0x09, 0x09, 0x09, 0x09, 0x09, 0x09, 0x09, 0x09,
  0x3c, 0x78, 0x73, 0x3a, 0x74, 0x6f, 0x74, 0x61, 0x6c, 0x44, 0x69, 0x67, 0x69,
  0x74, 0x73, 0x20, 0x76, 0x61, 0x6c, 0x75, 0x65, 0x3d, 0x22, 0x33, 0x22, 0x2f,
  0x3e, 0x0d, 0x0a, 0x09, 0x09, 0x09, 0x09, 0x09, 0x09, 0x09, 0x09, 0x09, 0x09,
  0x09, 0x3c, 0x78, 0x73, 0x3a, 0x6d, 0x69, 0x6e, 0x49, 0x6e, 0x63, 0x6c, 0x75,
  0x73, 0x69, 0x76, 0x65, 0x20, 0x76, 0x61, 0x6c, 0x75, 0x65, 0x3d, 0x22, 0x31,
  0x22, 0x2f, 0x3e, 0x0d, 0x0a, 0x09, 0x09, 0x09, 0x09, 0x09, 0x09, 0x09, 0x09,
  0x09, 0x09, 0x3c, 0x2f, 0x78, 0x73, 0x3a, 0x72, 0x65, 0x73, 0x74, 0x72, 0x69,
  0x63, 0x74, 0x69, 0x6f, 0x6e, 0x3e, 0x0d, 0x0a, 0x09, 0x09, 0x09, 0x09, 0x09,
  0x09, 0x09, 0x09, 0x09, 0x3c, 0x2f, 0x78, 0x73, 0x3a, 0x73, 0x69, 0x6d, 0x70,
  0x6c, 0x65, 0x54, 0x79, 0x70, 0x65, 0x3e, 0x0d, 0x0a, 0x09, 0x09, 0x09, 0x09,
  0x09, 0x09, 0x09, 0x09, 0x3c, 0x2f, 0x78, 0x73, 0x3a, 0x61, 0x74, 0x74, 0x72,
  0x69, 0x62, 0x75, 0x74, 0x65, 0x3e, 0x0d, 0x0a, 0x09, 0x09, 0x09, 0x09, 0x09,
  0x09, 0x09, 0x09, 0x3c, 0x78, 0x73, 0x3a, 0x61, 0x74, 0x74, 0x72, 0x69, 0x62,
  0x75, 0x74, 0x65, 0x20, 0x6e, 0x61, 0x6d, 0x65, 0x3d, 0x22, 0xd0, 0x9a, 0xd0,
  0xbe, 0xd0, 0xb4, 0xd0, 0x9e, 0xd0, 0xb3, 0xd1, 0x80, 0x22, 0x20, 0x75, 0x73,
  0x65, 0x3d, 0x22, 0x72, 0x65, 0x71, 0x75, 0x69, 0x72, 0x65, 0x64, 0x22, 0x3e,
  0x0d, 0x0a, 0x09, 0x09, 0x09, 0x09, 0x09, 0x09, 0x09, 0x09, 0x09, 0x3c, 0x78,
  0x73, 0x3a, 0x61, 0x6e, 0x6e, 0x6f, 0x74, 0x61, 0x74, 0x69, 0x6f, 0x6e, 0x3e,
  0x0d, 0x0a, 0x09, 0x09, 0x09, 0x09, 0x09, 0x09, 0x09, 0x09, 0x09, 0x09, 0x3c,
  0x78, 0x73, 0x3a, 0x64, 0x6f, 0x63, 0x75, 0x6d, 0x65, 0x6e, 0x74, 0x61, 0x74,
  0x69, 0x6f, 0x6e, 0x3e, 0xd0, 0x9a, 0xd0, 0xbe, 0xd0, 0xb4, 0x20, 0xd0, 0xbe,
  0xd0, 0xb3, 0xd1, 0x80, 0xd0, 0xb0, 0xd0, 0xbd, 0xd0, 0xb8, 0xd1, 0x87, 0xd0,
  0xb5, 0xd0, 0xbd, 0xd0, 0xb8, 0xd1, 0x8f, 0x3c, 0x2f, 0x78, 0x73, 0x3a, 0x64,
  0x6f, 0x63, 0x75, 0x6d, 0x65, 0x6e, 0x74, 0x61, 0x74, 0x69, 0x6f, 0x6e, 0x3e,
  0x0d, 0x0a, 0x09, 0x09, 0x09, 0x09, 0x09, 0x09, 0x09, 0x09, 0x09, 0x3c, 0x2f,
  0x78, 0x73, 0x3a, 0x61, 0x6e, 0x6e, 0x6f, 0x74, 0x61, 0x74, 0x69, 0x6f, 0x6e,
  0x3e, 0x0d, 0x0a, 0x09, 0x09, 0x09, 0x09, 0x09, 0x09, 0x09, 0x09, 0x09, 0x3c,
  0x78, 0x73, 0x3a, 0x73, 0x69, 0x6d, 0x70, 0x6c, 0x65, 0x54, 0x79, 0x70, 0x65,
  0x3e, 0x0d, 0x0a, 0x09, 0x09, 0x09, 0x09, 0x09, 0x09, 0x09, 0x09, 0x09, 0x09,
  0x3c, 0x78, 0x73, 0x3a, 0x72, 0x65, 0x73, 0x74, 0x72, 0x69, 0x63, 0x74, 0x69,
  0x6f, 0x6e, 0x20, 0x62, 0x61, 0x73, 0x65, 0x3d, 0x22, 0x78, 0x73, 0x3a, 0x73,
  0x74, 0x72, 0x69, 0x6e, 0x67, 0x22, 0x3e, 0x0d, 0x0a, 0x09, 0x09, 0x09, 0x09,
  0x09, 0x09, 0x09, 0x09, 0x09, 0x09, 0x09, 0x3c, 0x78, 0x73, 0x3a, 0x6d, 0x69,
  0x6e, 0x4c, 0x65, 0x6e, 0x67, 0x74, 0x68, 0x20, 0x76, 0x61, 0x6c, 0x75, 0x65,
  0x3d, 0x22, 0x31, 0x22, 0x2f, 0x3e, 0x0d, 0x0a, 0x09, 0x09, 0x09, 0x09, 0x09,
  0x09, 0x09, 0x09, 0x09, 0x09, 0x09, 0x3c, 0x78, 0x73, 0x3a, 0x6d, 0x61, 0x78,
  0x4c, 0x65, 0x6e, 0x67, 0x74, 0x68, 0x20, 0x76, 0x61, 0x6c, 0x75, 0x65, 0x3d,
  0x22, 0x32, 0x35, 0x35, 0x22, 0x2f, 0x3e, 0x0d, 0x0a, 0x09, 0x09, 0x09, 0x09,
  0x09, 0x09, 0x09, 0x09, 0x09, 0x09, 0x3c, 0x2f, 0x78, 0x73, 0x3a, 0x72, 0x65,
  0x73, 0x74, 0x72, 0x69, 0x63, 0x74, 0x69, 0x6f, 0x6e, 0x3e, 0x0d, 0x0a, 0x09,
  0x09, 0x09, 0x09, 0x09, 0x09, 0x09, 0x09, 0x09, 0x3c, 0x2f, 0x78, 0x73, 0x3a,
  0x73, 0x69, 0x6d, 0x70, 0x6c, 0x65, 0x54, 0x79, 0x70, 0x65, 0x3e, 0x0d, 0x0a,
  0x09, 0x09, 0x09, 0x09, 0x09, 0x09, 0x09, 0x09, 0x3c, 0x2f, 0x78, 0x73, 0x3a,
  0x61, 0x74, 0x74, 0x72, 0x69, 0x62, 0x75, 0x74, 0x65, 0x3e, 0x0d, 0x0a, 0x09,
  0x09, 0x09, 0x09, 0x09, 0x09, 0x09, 0x09, 0x3c, 0x78, 0x73, 0x3a, 0x61, 0x74,
  0x74, 0x72, 0x69, 0x62, 0x75, 0x74, 0x65, 0x20, 0x6e, 0x61, 0x6d, 0x65, 0x3d,
  0x22, 0xd0, 0x9d, 0xd0, 0xb0, 0xd0, 0xb8, 0xd0, 0xbc, 0xd0, 0x9e, 0xd0, 0xb3,
  0xd1, 0x80, 0x22, 0x20, 0x75, 0x73, 0x65, 0x3d, 0x22, 0x72, 0x65, 0x71, 0x75,
  0x69, 0x72, 0x65, 0x64, 0x22, 0x3e, 0x0d, 0x0a, 0x09, 0x09, 0x09, 0x09, 0x09,
  0x09, 0x09, 0x09, 0x09, 0x3c, 0x78, 0x73, 0x3a, 0x61, 0x6e, 0x6e, 0x6f, 0x74,
  0x61, 0x74, 0x69, 0x6f, 0x6e, 0x3e, 0x0d, 0x0a, 0x09, 0x09, 0x09, 0x09, 0x09,
  0x09, 0x09, 0x09, 0x09, 0x09, 0x3c, 0x78, 0x73, 0x3a, 0x64, 0x6f, 0x63, 0x75,
  0x6d, 0x65, 0x6e, 0x74, 0x61, 0x74, 0x69, 0x6f, 0x6e, 0x3e, 0xd0, 0x9d, 0xd0,
  0xb0, 0xd0, 0xb8, 0xd0, 0xbc, 0xd0, 0xb5, 0xd0, 0xbd, 0xd0, 0xbe, 0xd0, 0xb2,
  0xd0, 0xb0, 0xd0, 0xbd, 0xd0, 0xb8, 0xd0, 0xb5, 0x20, 0xd0, 0xbe, 0xd0, 0xb3,
  0xd1, 0x80, 0xd0, 0xb0, 0xd0, 0xbd, 0xd0, 0xb8, 0xd1, 0x87, 0xd0, 0xb5, 0xd0,
  0xbd, 0xd0, 0xb8, 0xd1, 0x8f, 0x3c, 0x2f, 0x78, 0x73, 0x3a, 0x64, 0x6f, 0x63,
  0x75, 0x6d, 0x65, 0x6e, 0x74, 0x61, 0x74, 0x69, 0x6f, 0x6e, 0x3e, 0x0d, 0x0a,
  0x09, 0x09, 0x09, 0x09, 0x09, 0x09, 0x09, 0x09, 0x09, 0x3c, 0x2f, 0x78, 0x73,
  0x3a, 0x61, 0x6e, 0x6e, 0x6f, 0x74, 0x61, 0x74, 0x69, 0x6f, 0x6e, 0x3e, 0x0d,
  0x0a, 0x09, 0x09, 0x09, 0x09, 0x09, 0x09, 0x09, 0x09, 0x09, 0x3c, 0x78, 0x73,
  0x3a, 0x73, 0x69, 0x6d, 0x70, 0x6c, 0x65, 0x54, 0x79, 0x70, 0x65, 0x3e, 0x0d,
  0x0a, 0x09, 0x09, 0x09, 0x09, 0x09, 0x09, 0x09, 0x09, 0x09, 0x09, 0x3c, 0x78,
  0x73, 0x3a, 0x72, 0x65, 0x73, 0x74, 0x72, 0x69, 0x63, 0x74, 0x69, 0x6f, 0x6e,
  0x20, 0x62, 0x61, 0x73, 0x65, 0x3d, 0x22, 0x78, 0x73, 0x3a, 0x73, 0x74, 0x72,
  0x69, 0x6e, 0x67, 0x22, 0x3e, 0x0d, 0x0a, 0x09, 0x09, 0x09, 0x09, 0x09, 0x09,
  0x09, 0x09, 0x09, 0x09, 0x09, 0x3c, 0x78, 0x73, 0x3a, 0x6d, 0x69, 0x6e, 0x4c,
  0x65, 0x6e, 0x67, 0x74, 0x68, 0x20, 0x76, 0x61, 0x6c, 0x75, 0x65, 0x3d, 0x22,
  0x31, 0x22, 0x2f, 0x3e, 0x0d, 0x0a, 0x09, 0x09, 0x09, 0x09, 0x09, 0x09, 0x09,
  0x09, 0x09, 0x09, 0x09, 0x3c, 0x78, 0x73, 0x3a, 0x6d, 0x61, 0x78, 0x4c, 0x65,
  0x6e, 0x67, 0x74, 0x68, 0x20, 0x76, 0x61, 0x6c, 0x75, 0x65, 0x3d, 0x22, 0x32,
  0x35, 0x35, 0x22, 0x2f, 0x3e, 0x0d, 0x0a, 0x09, 0x09, 0x09, 0x09, 0x09, 0x09,
  0x09, 0x09, 0x09, 0x09, 0x3c, 0x2f, 0x78, 0x73, 0x3a, 0x72, 0x65, 0x73, 0x74,
  0x72, 0x69, 0x63, 0x74, 0x69, 0x6f, 0x6e, 0x3e, 0x0d, 0x0a, 0x09, 0x09, 0x09,
  0x09, 0x09, 0x09, 0x09, 0x09, 0x09, 0x3c, 0x2f, 0x78, 0x73, 0x3a, 0x73, 0x69,
  0x6d, 0x70, 0x6c, 0x65, 0x54, 0x79, 0x70, 0x65, 0x3e, 0x0d, 0x0a, 0x09, 0x09,
  0x09, 0x09, 0x09, 0x09, 0x09, 0x09, 0x3c, 0x2f, 0x78, 0x73, 0x3a, 0x61, 0x74,
  0x74, 0x72, 0x69, 0x62, 0x75, 0x74, 0x65, 0x3e, 0x0d, 0x0a, 0x09, 0x09, 0x09,
  0x09, 0x09, 0x09, 0x09, 0x09, 0x3c, 0x78, 0x73, 0x3a, 0x61, 0x74, 0x74, 0x72,
  0x69, 0x62, 0x75, 0x74, 0x65, 0x20, 0x6e, 0x61, 0x6d, 0x65, 0x3d, 0x22, 0xd0,
  0x9d, 0xd0, 0xb0, 0xd0, 0xb8, 0xd0, 0xbc, 0xd0, 0x97, 0xd0, 0xbd, 0xd0, 0xb0,
  0xd1, 0x87, 0xd0, 0x9e, 0xd0, 0xb3, 0xd1, 0x80, 0x22, 0x20, 0x75, 0x73, 0x65,
  0x3d, 0x22, 0x6f, 0x70, 0x74, 0x69, 0x6f, 0x6e, 0x61, 0x6c, 0x22, 0x3e, 0x0d,
  0x0a, 0x09, 0x09, 0x09, 0x09, 0x09, 0x09, 0x09, 0x09, 0x09, 0x3c, 0x78, 0x73,
  0x3a, 0x61, 0x6e, 0x6e, 0x6f, 0x74, 0x61, 0x74, 0x69, 0x6f, 0x6e, 0x3e, 0x0d,
  0x0a, 0x09, 0x09, 0x09, 0x09, 0x09, 0x09, 0x09, 0x09, 0x09, 0x09, 0x3c, 0x78,
  0x73, 0x3a, 0x64, 0x6f, 0x63, 0x75, 0x6d, 0x65, 0x6e, 0x74, 0x61, 0x74, 0x69,
  0x6f, 0x6e, 0x3e, 0xd0, 0x9d, 0xd0, 0xb0, 0xd0, 0xb8, 0xd0, 0xbc, 0xd0, 0xb5,
  0xd0, 0xbd, 0xd0, 0xbe, 0xd0, 0xb2, 0xd0, 0xb0, 0xd0, 0xbd, 0xd0, 0xb8, 0xd0,
  0xb5, 0x20, 0xd0, 0xb7, 0xd0, 0xbd, 0xd0, 0xb0, 0xd1, 0x87, 0xd0, 0xb5, 0xd0,
  0xbd, 0xd0, 0xb8, 0xd1, 0x8f, 0x20, 0xd0, 0xb4, 0xd0, 0xbb, 0xd1, 0x8f, 0x20,
  0xd0, 0xbe, 0xd0, 0xb3, 0xd1, 0x80, 0xd0, 0xb0, 0xd0, 0xbd, 0xd0, 0xb8, 0xd1,
  0x87, 0xd0, 0xb5, 0xd0, 0xbd, 0xd0, 0xb8, 0xd1, 0x8f, 0x3c, 0x2f, 0x78, 0x73,
  0x3a, 0x64, 0x6f, 0x63, 0x75, 0x6d, 0x65, 0x6e, 0x74, 0x61, 0x74, 0x69, 0x6f,
  0x6e, 0x3e, 0x0d, 0x0a, 0x09, 0x09, 0x09, 0x09, 0x09, 0x09, 0x09, 0x09, 0x09,
  0x3c, 0x2f, 0x78, 0x73, 0x3a, 0x61, 0x6e, 0x6e, 0x6f, 0x74, 0x61, 0x74, 0x69,
  0x6f, 0x6e, 0x3e, 0x0d, 0x0a, 0x09, 0x09, 0x09, 0x09, 0x09, 0x09, 0x09, 0x09,
  0x09, 0x3c, 0x78, 0x73, 0x3a, 0x73, 0x69, 0x6d, 0x70, 0x6c, 0x65, 0x54, 0x79,
  0x70, 0x65, 0x3e, 0x0d, 0x0a, 0x09, 0x09, 0x09, 0x09, 0x09, 0x09, 0x09, 0x09,
  0x09, 0x09, 0x3c, 0x78, 0x73, 0x3a, 0x72, 0x65, 0x73, 0x74, 0x72, 0x69, 0x63,
  0x74, 0x69, 0x6f, 0x6e, 0x20, 0x62, 0x61, 0x73, 0x65, 0x3d, 0x22, 0x78, 0x73,
  0x3a, 0x73, 0x74, 0x72, 0x69, 0x6e, 0x67, 0x22, 0x3e, 0x0d, 0x0a, 0x09, 0x09,
  0x09, 0x09, 0x09, 0x09, 0x09, 0x09, 0x09, 0x09, 0x09, 0x3c, 0x78, 0x73, 0x3a,
  0x6d, 0x69, 0x6e, 0x4c, 0x65, 0x6e, 0x67, 0x74, 0x68, 0x20, 0x76, 0x61, 0x6c,
  0x75, 0x65, 0x3d, 0x22, 0x31, 0x22, 0x2f, 0x3e, 0x0d, 0x0a, 0x09, 0x09, 0x09,
  0x09, 0x09, 0x09, 0x09, 0x09, 0x09, 0x09, 0x09, 0x3c, 0x78, 0x73, 0x3a, 0x6d,
  0x61, 0x78, 0x4c, 0x65, 0x6e, 0x67, 0x74, 0x68, 0x20, 0x76, 0x61, 0x6c, 0x75,
  0x65, 0x3d, 0x22, 0x32, 0x35, 0x35, 0x22, 0x2f, 0x3e, 0x0d, 0x0a, 0x09, 0x09,
  0x09, 0x09, 0x09, 0x09, 0x09, 0x09, 0x09, 0x09, 0x3c, 0x2f, 0x78, 0x73, 0x3a,
  0x72, 0x65, 0x73, 0x74, 0x72, 0x69, 0x63, 0x74, 0x69, 0x6f, 0x6e, 0x3e, 0x0d,
  0x0a, 0x09, 0x09, 0x09, 0x09, 0x09, 0x09, 0x09, 0x09, 0x09, 0x3c, 0x2f, 0x78,
  0x73, 0x3a, 0x73, 0x69, 0x6d, 0x70, 0x6c, 0x65, 0x54, 0x79, 0x70, 0x65, 0x3e,
  0x0d, 0x0a, 0x09, 0x09, 0x09, 0x09, 0x09, 0x09, 0x09, 0x09, 0x3c, 0x2f, 0x78,
  0x73, 0x3a, 0x61, 0x74, 0x74, 0x72, 0x69, 0x62, 0x75, 0x74, 0x65, 0x3e, 0x0d,
  0x0a, 0x09, 0x09, 0x09, 0x09, 0x09, 0x09, 0x09, 0x3c, 0x2f, 0x78, 0x73, 0x3a,
  0x63, 0x6f, 0x6d, 0x70, 0x6c, 0x65, 0x78, 0x54, 0x79, 0x70, 0x65, 0x3e, 0x0d,
  0x0a, 0x09, 0x09, 0x09, 0x09, 0x09, 0x09, 0x3c, 0x2f, 0x78, 0x73, 0x3a, 0x65,
  0x6c, 0x65, 0x6d, 0x65, 0x6e, 0x74, 0x3e, 0x0d, 0x0a, 0x09, 0x09, 0x09, 0x09,
  0x09, 0x3c, 0x2f, 0x78, 0x73, 0x3a, 0x73, 0x65, 0x71, 0x75, 0x65, 0x6e, 0x63,
  0x65, 0x3e, 0x0d, 0x0a, 0x09, 0x09, 0x09, 0x09, 0x09, 0x3c, 0x78, 0x73, 0x3a,
  0x61, 0x74, 0x74, 0x72, 0x69, 0x62, 0x75, 0x74, 0x65, 0x20, 0x6e, 0x61, 0x6d,
  0x65, 0x3d, 0x22, 0xd0, 0x9c, 0xd0, 0xbd, 0xd0, 0x9f, 0xd0, 0xbe, 0xd0, 0xbb,
  0xd0, 0xbd, 0x22, 0x20, 0x75, 0x73, 0x65, 0x3d, 0x22, 0x6f, 0x70, 0x74, 0x69,
  0x6f, 0x6e, 0x61, 0x6c, 0x22, 0x3e, 0x0d, 0x0a, 0x09, 0x09, 0x09, 0x09, 0x09,
  0x09, 0x3c, 0x78, 0x73, 0x3a, 0x61, 0x6e, 0x6e, 0x6f, 0x74, 0x61, 0x74, 0x69,
  0x6f, 0x6e, 0x3e, 0x0d, 0x0a, 0x09, 0x09, 0x09, 0x09, 0x09, 0x09, 0x09, 0x3c,
  0x78, 0x73, 0x3a, 0x64, 0x6f, 0x63, 0x75, 0x6d, 0x65, 0x6e, 0x74, 0x61, 0x74,
  0x69, 0x6f, 0x6e, 0x3e, 0xd0, 0x9c, 0xd0, 0xbd, 0xd0, 0xb5, 0xd0, 0xbc, 0xd0,
  0xbe, 0xd0, 0xbd, 0xd0, 0xb8, 0xd0, 0xba, 0xd0, 0xb0, 0x20, 0xd0, 0xbf, 0xd0,
  0xbe, 0xd0, 0xbb, 0xd0, 0xbd, 0xd0, 0xbe, 0xd0, 0xbc, 0xd0, 0xbe, 0xd1, 0x87,
  0xd0, 0xb8, 0xd1, 0x8f, 0x3c, 0x2f, 0x78, 0x73, 0x3a, 0x64, 0x6f, 0x63, 0x75,
  0x6d, 0x65, 0x6e, 0x74, 0x61, 0x74, 0x69, 0x6f, 0x6e, 0x3e, 0x0d, 0x0a, 0x09,
  0x09, 0x09, 0x09, 0x09, 0x09, 0x3c, 0x2f, 0x78, 0x73, 0x3a, 0x61, 0x6e, 0x6e,
  0x6f, 0x74, 0x61, 0x74, 0x69, 0x6f, 0x6e, 0x3e, 0x0d, 0x0a, 0x09, 0x09, 0x09,
  0x09, 0x09, 0x09, 0x3c, 0x78, 0x73, 0x3a, 0x73, 0x69, 0x6d, 0x70, 0x6c, 0x65,
  0x54, 0x79, 0x70, 0x65, 0x3e, 0x0d, 0x0a, 0x09, 0x09, 0x09, 0x09, 0x09, 0x09,
  0x09, 0x3c, 0x78, 0x73, 0x3a, 0x72, 0x65, 0x73, 0x74, 0x72, 0x69, 0x63, 0x74,
  0x69, 0x6f, 0x6e, 0x20, 0x62, 0x61, 0x73, 0x65, 0x3d, 0x22, 0x78, 0x73, 0x3a,
  0x73, 0x74, 0x72, 0x69, 0x6e, 0x67, 0x22, 0x3e, 0x0d, 0x0a, 0x09, 0x09, 0x09,
  0x09, 0x09, 0x09, 0x09, 0x09, 0x3c, 0x78, 0x73, 0x3a, 0x6d, 0x69, 0x6e, 0x4c,
  0x65, 0x6e, 0x67, 0x74, 0x68, 0x20, 0x76, 0x61, 0x6c, 0x75, 0x65, 0x3d, 0x22,
  0x36, 0x22, 0x2f, 0x3e, 0x0d, 0x0a, 0x09, 0x09, 0x09, 0x09, 0x09, 0x09, 0x09,
  0x09, 0x3c, 0x78, 0x73, 0x3a, 0x6d, 0x61, 0x78, 0x4c, 0x65, 0x6e, 0x67, 0x74,
  0x68, 0x20, 0x76, 0x61, 0x6c, 0x75, 0x65, 0x3d, 0x22, 0x32, 0x35, 0x35, 0x22,
  0x2f, 0x3e, 0x0d, 0x0a, 0x09, 0x09, 0x09, 0x09, 0x09, 0x09, 0x09, 0x3c, 0x2f,
  0x78, 0x73, 0x3a, 0x72, 0x65, 0x73, 0x74, 0x72, 0x69, 0x63, 0x74, 0x69, 0x6f,
  0x6e, 0x3e, 0x0d, 0x0a, 0x09, 0x09, 0x09, 0x09, 0x09, 0x09, 0x3c, 0x2f, 0x78,
  0x73, 0x3a, 0x73, 0x69, 0x6d, 0x70, 0x6c, 0x65, 0x54, 0x79, 0x70, 0x65, 0x3e,
  0x0d, 0x0a, 0x09, 0x09, 0x09, 0x09, 0x09, 0x3c, 0x2f, 0x78, 0x73, 0x3a, 0x61,
  0x74, 0x74, 0x72, 0x69, 0x62, 0x75, 0x74, 0x65, 0x3e, 0x0d, 0x0a, 0x09, 0x09,
  0x09, 0x09, 0x09, 0x3c, 0x78, 0x73, 0x3a, 0x61, 0x74, 0x74, 0x72, 0x69, 0x62,
  0x75, 0x74, 0x65, 0x20, 0x6e, 0x61, 0x6d, 0x65, 0x3d, 0x22, 0xd0, 0x9a, 0xd0,
  0xbe, 0xd0, 0xb4, 0xd0, 0x9f, 0xd0, 0xbe, 0xd0, 0xbb, 0xd0, 0xbd, 0x22, 0x20,
  0x75, 0x73, 0x65, 0x3d, 0x22, 0x72, 0x65, 0x71, 0x75, 0x69, 0x72, 0x65, 0x64,
  0x22, 0x3e, 0x0d, 0x0a, 0x09, 0x09, 0x09, 0x09, 0x09, 0x09, 0x3c, 0x78, 0x73,
  0x3a, 0x61, 0x6e, 0x6e, 0x6f, 0x74, 0x61, 0x74, 0x69, 0x6f, 0x6e, 0x3e, 0x0d,
  0x0a, 0x09, 0x09, 0x09, 0x09, 0x09, 0x09, 0x09, 0x3c, 0x78, 0x73, 0x3a, 0x64,
  0x6f, 0x63, 0x75, 0x6d, 0x65, 0x6e, 0x74, 0x61, 0x74, 0x69, 0x6f, 0x6e, 0x3e,
  0xd0, 0x9a, 0xd0, 0xbe, 0xd0, 0xb4, 0x20, 0xd0, 0xbf, 0xd0, 0xbe, 0xd0, 0xbb,
  0xd0, 0xbd, 0xd0, 0xbe, 0xd0, 0xbc, 0xd0, 0xbe, 0xd1, 0x87, 0xd0, 0xb8, 0xd1,
  0x8f, 0x3c, 0x2f, 0x78, 0x73, 0x3a, 0x64, 0x6f, 0x63, 0x75, 0x6d, 0x65, 0x6e,
  0x74, 0x61, 0x74, 0x69, 0x6f, 0x6e, 0x3e, 0x0d, 0x0a, 0x09, 0x09, 0x09, 0x09,
  0x09, 0x09, 0x3c, 0x2f, 0x78, 0x73, 0x3a, 0x61, 0x6e, 0x6e, 0x6f, 0x74, 0x61,
  0x74, 0x69, 0x6f, 0x6e, 0x3e, 0x0d, 0x0a, 0x09, 0x09, 0x09, 0x09, 0x09, 0x09,
  0x3c, 0x78, 0x73, 0x3a, 0x73, 0x69, 0x6d, 0x70, 0x6c, 0x65, 0x54, 0x79, 0x70,
  0x65, 0x3e, 0x0d, 0x0a, 0x09, 0x09, 0x09, 0x09, 0x09, 0x09, 0x09, 0x3c, 0x78,
  0x73, 0x3a, 0x72, 0x65, 0x73, 0x74, 0x72, 0x69, 0x63, 0x74, 0x69, 0x6f, 0x6e,
  0x20, 0x62, 0x61, 0x73, 0x65, 0x3d, 0x22, 0x78, 0x73, 0x3a, 0x73, 0x74, 0x72,
  0x69, 0x6e, 0x67, 0x22, 0x3e, 0x0d, 0x0a, 0x09, 0x09, 0x09, 0x09, 0x09, 0x09,
  0x09, 0x09, 0x3c, 0x78, 0x73, 0x3a, 0x6d, 0x69, 0x6e, 0x4c, 0x65, 0x6e, 0x67,
  0x74, 0x68, 0x20, 0x76, 0x61, 0x6c, 0x75, 0x65, 0x3d, 0x22, 0x36, 0x22, 0x2f,
  0x3e, 0x0d, 0x0a, 0x09, 0x09, 0x09, 0x09, 0x09, 0x09, 0x09, 0x09, 0x3c, 0x78,
  0x73, 0x3a, 0x6d, 0x61, 0x78, 0x4c, 0x65, 0x6e, 0x67, 0x74, 0x68, 0x20, 0x76,
  0x61, 0x6c, 0x75, 0x65, 0x3d, 0x22, 0x32, 0x35, 0x35, 0x22, 0x2f, 0x3e, 0x0d,
  0x0a, 0x09, 0x09, 0x09, 0x09, 0x09, 0x09, 0x09, 0x3c, 0x2f, 0x78, 0x73, 0x3a,
  0x72, 0x65, 0x73, 0x74, 0x72, 0x69, 0x63, 0x74, 0x69, 0x6f, 0x6e, 0x3e, 0x0d,
  0x0a, 0x09, 0x09, 0x09, 0x09, 0x09, 0x09, 0x3c, 0x2f, 0x78, 0x73, 0x3a, 0x73,
  0x69, 0x6d, 0x70, 0x6c, 0x65, 0x54, 0x79, 0x70, 0x65, 0x3e, 0x0d, 0x0a, 0x09,
  0x09, 0x09, 0x09, 0x09, 0x3c, 0x2f, 0x78, 0x73, 0x3a, 0x61, 0x74, 0x74, 0x72,
  0x69, 0x62, 0x75, 0x74, 0x65, 0x3e, 0x0d, 0x0a, 0x09, 0x09, 0x09, 0x09, 0x09,
  0x3c, 0x78, 0x73, 0x3a, 0x61, 0x74, 0x74, 0x72, 0x69, 0x62, 0x75, 0x74, 0x65,
  0x20, 0x6e, 0x61, 0x6d, 0x65, 0x3d, 0x22, 0xd0, 0x9d, 0xd0, 0xb0, 0xd0, 0xb8,
  0xd0, 0xbc, 0xd0, 0x9f, 0xd0, 0xbe, 0xd0, 0xbb, 0xd0, 0xbd, 0x22, 0x20, 0x75,
  0x73, 0x65, 0x3d, 0x22, 0x72, 0x65, 0x71, 0x75, 0x69, 0x72, 0x65, 0x64, 0x22,
  0x3e, 0x0d, 0x0a, 0x09, 0x09, 0x09, 0x09, 0x09, 0x09, 0x3c, 0x78, 0x73, 0x3a,
  0x61, 0x6e, 0x6e, 0x6f, 0x74, 0x61, 0x74, 0x69, 0x6f, 0x6e, 0x3e, 0x0d, 0x0a,
  0x09, 0x09, 0x09, 0x09, 0x09, 0x09, 0x09, 0x3c, 0x78, 0x73, 0x3a, 0x64, 0x6f,
  0x63, 0x75, 0x6d, 0x65, 0x6e, 0x74, 0x61, 0x74, 0x69, 0x6f, 0x6e, 0x3e, 0xd0,
  0x9d, 0xd0, 0xb0, 0xd0, 0xb8, 0xd0, 0xbc, 0xd0, 0xb5, 0xd0, 0xbd, 0xd0, 0xbe,
  0xd0, 0xb2, 0xd0, 0xb0, 0xd0, 0xbd, 0xd0, 0xb8, 0xd0, 0xb5, 0x20, 0xd0, 0xbf,
  0xd0, 0xbe, 0xd0, 0xbb, 0xd0, 0xbd, 0xd0, 0xbe, 0xd0, 0xbc, 0xd0, 0xbe, 0xd1,
  0x87, 0xd0, 0xb8, 0xd1, 0x8f, 0x3c, 0x2f, 0x78, 0x73, 0x3a, 0x64, 0x6f, 0x63,
  0x75, 0x6d, 0x65, 0x6e, 0x74, 0x61, 0x74, 0x69, 0x6f, 0x6e, 0x3e, 0x0d, 0x0a,
  0x09, 0x09, 0x09, 0x09, 0x09, 0x09, 0x3c, 0x2f, 0x78, 0x73, 0x3a, 0x61, 0x6e,
  0x6e, 0x6f, 0x74, 0x61, 0x74, 0x69, 0x6f, 0x6e, 0x3e, 0x0d, 0x0a, 0x09, 0x09,
  0x09, 0x09, 0x09, 0x09, 0x3c, 0x78, 0x73, 0x3a, 0x73, 0x69, 0x6d, 0x70, 0x6c,
  0x65, 0x54, 0x79, 0x70, 0x65, 0x3e, 0x0d, 0x0a, 0x09, 0x09, 0x09, 0x09, 0x09,
  0x09, 0x09, 0x3c, 0x78, 0x73, 0x3a, 0x72, 0x65, 0x73, 0x74, 0x72, 0x69, 0x63,
  0x74, 0x69, 0x6f, 0x6e, 0x20, 0x62, 0x61, 0x73, 0x65, 0x3d, 0x22, 0x78, 0x73,
  0x3a, 0x73, 0x74, 0x72, 0x69, 0x6e, 0x67, 0x22, 0x3e, 0x0d, 0x0a, 0x09, 0x09,
  0x09, 0x09, 0x09, 0x09, 0x09, 0x09, 0x3c, 0x78, 0x73, 0x3a, 0x6d, 0x69, 0x6e,
  0x4c, 0x65, 0x6e, 0x67, 0x74, 0x68, 0x20, 0x76, 0x61, 0x6c, 0x75, 0x65, 0x3d,
  0x22, 0x31, 0x22, 0x2f, 0x3e, 0x0d, 0x0a, 0x09, 0x09, 0x09, 0x09, 0x09, 0x09,
  0x09, 0x09, 0x3c, 0x78, 0x73, 0x3a, 0x6d, 0x61, 0x78, 0x4c, 0x65, 0x6e, 0x67,
  0x74, 0x68, 0x20, 0x76, 0x61, 0x6c, 0x75, 0x65, 0x3d, 0x22, 0x32, 0x35, 0x35,
  0x22, 0x2f, 0x3e, 0x0d, 0x0a, 0x09, 0x09, 0x09, 0x09, 0x09, 0x09, 0x09, 0x3c,
  0x2f, 0x78, 0x73, 0x3a, 0x72, 0x65, 0x73, 0x74, 0x72, 0x69, 0x63, 0x74, 0x69,
  0x6f, 0x6e, 0x3e, 0x0d, 0x0a, 0x09, 0x09, 0x09, 0x09, 0x09, 0x09, 0x3c, 0x2f,
  0x78, 0x73, 0x3a, 0x73, 0x69, 0x6d, 0x70, 0x6c, 0x65, 0x54, 0x79, 0x70, 0x65,
  0x3e, 0x0d, 0x0a, 0x09, 0x09, 0x09, 0x09, 0x09, 0x3c, 0x2f, 0x78, 0x73, 0x3a,
  0x61, 0x74, 0x74, 0x72, 0x69, 0x62, 0x75, 0x74, 0x65, 0x3e, 0x0d, 0x0a, 0x09,
  0x09, 0x09, 0x09, 0x3c, 0x2f, 0x78, 0x73, 0x3a, 0x63, 0x6f, 0x6d, 0x70, 0x6c,
  0x65, 0x78, 0x54, 0x79, 0x70, 0x65, 0x3e, 0x0d, 0x0a, 0x09, 0x09, 0x09, 0x3c,
  0x2f, 0x78, 0x73, 0x3a, 0x65, 0x6c, 0x65, 0x6d, 0x65, 0x6e, 0x74, 0x3e, 0x0d,
  0x0a, 0x09, 0x09, 0x3c, 0x2f, 0x78, 0x73, 0x3a, 0x73, 0x65, 0x71, 0x75, 0x65,
  0x6e, 0x63, 0x65, 0x3e, 0x0d, 0x0a, 0x09, 0x09, 0x3c, 0x78, 0x73, 0x3a, 0x61,
  0x74, 0x74, 0x72, 0x69, 0x62, 0x75, 0x74, 0x65, 0x20, 0x6e, 0x61, 0x6d, 0x65,
  0x3d, 0x22, 0xd0, 0xa2, 0xd0, 0xb8, 0xd0, 0xbf, 0xd0, 0x9f, 0xd0, 0xbe, 0xd0,
  0xbb, 0xd0, 0xbd, 0x22, 0x20, 0x75, 0x73, 0x65, 0x3d, 0x22, 0x72, 0x65, 0x71,
  0x75, 0x69, 0x72, 0x65, 0x64, 0x22, 0x3e, 0x0d, 0x0a, 0x09, 0x09, 0x09, 0x3c,
  0x78, 0x73, 0x3a, 0x61, 0x6e, 0x6e, 0x6f, 0x74, 0x61, 0x74, 0x69, 0x6f, 0x6e,
  0x3e, 0x0d, 0x0a, 0x09, 0x09, 0x09, 0x09, 0x3c, 0x78, 0x73, 0x3a, 0x64, 0x6f,
  0x63, 0x75, 0x6d, 0x65, 0x6e, 0x74, 0x61, 0x74, 0x69, 0x6f, 0x6e, 0x3e, 0xd0,
  0xa2, 0xd0, 0xb8, 0xd0, 0xbf, 0x20, 0xd0, 0xbf, 0xd0, 0xbe, 0xd0, 0xbb, 0xd0,
  0xbd, 0xd0, 0xbe, 0xd0, 0xbc, 0xd0, 0xbe, 0xd1, 0x87, 0xd0, 0xb8, 0xd1, 0x8f,
  0x3c, 0x2f, 0x78, 0x73, 0x3a, 0x64, 0x6f, 0x63, 0x75, 0x6d, 0x65, 0x6e, 0x74,
  0x61, 0x74, 0x69, 0x6f, 0x6e, 0x3e, 0x0d, 0x0a, 0x09, 0x09, 0x09, 0x3c, 0x2f,
  0x78, 0x73, 0x3a, 0x61, 0x6e, 0x6e, 0x6f, 0x74, 0x61, 0x74, 0x69, 0x6f, 0x6e,
  0x3e, 0x0d, 0x0a, 0x09, 0x09, 0x09, 0x3c, 0x78, 0x73, 0x3a, 0x73, 0x69, 0x6d,
  0x70, 0x6c, 0x65, 0x54, 0x79, 0x70, 0x65, 0x3e, 0x0d, 0x0a, 0x09, 0x09, 0x09,
  0x09, 0x3c, 0x78, 0x73, 0x3a, 0x72, 0x65, 0x73, 0x74, 0x72, 0x69, 0x63, 0x74,
  0x69, 0x6f, 0x6e, 0x20, 0x62, 0x61, 0x73, 0x65, 0x3d, 0x22, 0x78, 0x73, 0x3a,
  0x73, 0x74, 0x72, 0x69, 0x6e, 0x67, 0x22, 0x3e, 0x0d, 0x0a, 0x09, 0x09, 0x09,
  0x09, 0x09, 0x3c, 0x78, 0x73, 0x3a, 0x6c, 0x65, 0x6e, 0x67, 0x74, 0x68, 0x20,
  0x76, 0x61, 0x6c, 0x75, 0x65, 0x3d, 0x22, 0x31, 0x22, 0x2f, 0x3e, 0x0d, 0x0a,
  0x09, 0x09, 0x09, 0x09, 0x09, 0x3c, 0x78, 0x73, 0x3a, 0x65, 0x6e, 0x75, 0x6d,
  0x65, 0x72, 0x61, 0x74, 0x69, 0x6f, 0x6e, 0x20, 0x76, 0x61, 0x6c, 0x75, 0x65,
  0x3d, 0x22, 0x30, 0x22, 0x2f, 0x3e, 0x0d, 0x0a, 0x09, 0x09, 0x09, 0x09, 0x09,
  0x3c, 0x78, 0x73, 0x3a, 0x65, 0x6e, 0x75, 0x6d, 0x65, 0x72, 0x61, 0x74, 0x69,
  0x6f, 0x6e, 0x20, 0x76, 0x61, 0x6c, 0x75, 0x65, 0x3d, 0x22, 0x31, 0x22, 0x2f,
  0x3e, 0x0d, 0x0a, 0x09, 0x09, 0x09, 0x09, 0x3c, 0x2f, 0x78, 0x73, 0x3a, 0x72,
  0x65, 0x73, 0x74, 0x72, 0x69, 0x63, 0x74, 0x69, 0x6f, 0x6e, 0x3e, 0x0d, 0x0a,
  0x09, 0x09, 0x09, 0x3c, 0x2f, 0x78, 0x73, 0x3a, 0x73, 0x69, 0x6d, 0x70, 0x6c,
  0x65, 0x54, 0x79, 0x70, 0x65, 0x3e, 0x0d, 0x0a, 0x09, 0x09, 0x3c, 0x2f, 0x78,
  0x73, 0x3a, 0x61, 0x74, 0x74, 0x72, 0x69, 0x62, 0x75, 0x74, 0x65, 0x3e, 0x0d,
  0x0a, 0x09, 0x09, 0x3c, 0x78, 0x73, 0x3a, 0x61, 0x74, 0x74, 0x72, 0x69, 0x62,
  0x75, 0x74, 0x65, 0x20, 0x6e, 0x61, 0x6d, 0x65, 0x3d, 0x22, 0xd0, 0x9f, 0xd1,
  0x80, 0xd0, 0xa1, 0xd0, 0xbe, 0xd0, 0xb2, 0xd0, 0xbc, 0xd0, 0x9f, 0xd0, 0xbe,
  0xd0, 0xbb, 0xd0, 0xbd, 0x22, 0x20, 0x75, 0x73, 0x65, 0x3d, 0x22, 0x72, 0x65,
  0x71, 0x75, 0x69, 0x72, 0x65, 0x64, 0x22, 0x3e, 0x0d, 0x0a, 0x09, 0x09, 0x09,
  0x3c, 0x78, 0x73, 0x3a, 0x61, 0x6e, 0x6e, 0x6f, 0x74, 0x61, 0x74, 0x69, 0x6f,
  0x6e, 0x3e, 0x0d, 0x0a, 0x09, 0x09, 0x09, 0x09, 0x3c, 0x78, 0x73, 0x3a, 0x64,
  0x6f, 0x63, 0x75, 0x6d, 0x65, 0x6e, 0x74, 0x61, 0x74, 0x69, 0x6f, 0x6e, 0x3e,
  0xd0, 0x9f, 0xd1, 0x80, 0xd0, 0xb8, 0xd0, 0xb7, 0xd0, 0xbd, 0xd0, 0xb0, 0xd0,
  0xba, 0x20, 0xd1, 0x81, 0xd0, 0xbe, 0xd0, 0xb2, 0xd0, 0xbc, 0xd0, 0xb5, 0xd1,
  0x81, 0xd1, 0x82, 0xd0, 0xbd, 0xd0, 0xbe, 0xd0, 0xb3, 0xd0, 0xbe, 0x20, 0xd0,
  0xbe, 0xd1, 0x81, 0xd1, 0x83, 0xd1, 0x89, 0xd0, 0xb5, 0xd1, 0x81, 0xd1, 0x82,
  0xd0, 0xb2, 0xd0, 0xbb, 0xd0, 0xb5, 0xd0, 0xbd, 0xd0, 0xb8, 0xd1, 0x8f, 0x20,
  0xd0, 0xbf, 0xd0, 0xbe, 0xd0, 0xbb, 0xd0, 0xbd, 0xd0, 0xbe, 0xd0, 0xbc, 0xd0,
  0xbe, 0xd1, 0x87, 0xd0, 0xb8, 0xd0, 0xb9, 0x3c, 0x2f, 0x78, 0x73, 0x3a, 0x64,
  0x6f, 0x63, 0x75, 0x6d, 0x65, 0x6e, 0x74, 0x61, 0x74, 0x69, 0x6f, 0x6e, 0x3e,
  0x0d, 0x0a, 0x09, 0x09, 0x09, 0x3c, 0x2f, 0x78, 0x73, 0x3a, 0x61, 0x6e, 0x6e,
  0x6f, 0x74, 0x61, 0x74, 0x69, 0x6f, 0x6e, 0x3e, 0x0d, 0x0a, 0x09, 0x09, 0x09,
  0x3c, 0x78, 0x73, 0x3a, 0x73, 0x69, 0x6d, 0x70, 0x6c, 0x65, 0x54, 0x79, 0x70,
  0x65, 0x3e, 0x0d, 0x0a, 0x09, 0x09, 0x09, 0x09, 0x3c, 0x78, 0x73, 0x3a, 0x72,
  0x65, 0x73, 0x74, 0x72, 0x69, 0x63, 0x74, 0x69, 0x6f, 0x6e, 0x20, 0x62, 0x61,
  0x73, 0x65, 0x3d, 0x22, 0x78, 0x73, 0x3a, 0x73, 0x74, 0x72, 0x69, 0x6e, 0x67,
  0x22, 0x3e, 0x0d, 0x0a, 0x09, 0x09, 0x09, 0x09, 0x09, 0x3c, 0x78, 0x73, 0x3a,
  0x6c, 0x65, 0x6e, 0x67, 0x74, 0x68, 0x20, 0x76, 0x61, 0x6c, 0x75, 0x65, 0x3d,
  0x22, 0x31, 0x22, 0x2f, 0x3e, 0x0d, 0x0a, 0x09, 0x09, 0x09, 0x09, 0x09, 0x3c,
  0x78, 0x73, 0x3a, 0x65, 0x6e, 0x75, 0x6d, 0x65, 0x72, 0x61, 0x74, 0x69, 0x6f,
  0x6e, 0x20, 0x76, 0x61, 0x6c, 0x75, 0x65, 0x3d, 0x22, 0x31, 0x22, 0x2f, 0x3e,
  0x0d, 0x0a, 0x09, 0x09, 0x09, 0x09, 0x09, 0x3c, 0x78, 0x73, 0x3a, 0x65, 0x6e,
  0x75, 0x6d, 0x65, 0x72, 0x61, 0x74, 0x69, 0x6f, 0x6e, 0x20, 0x76, 0x61, 0x6c,
  0x75, 0x65, 0x3d, 0x22, 0x32, 0x22, 0x2f, 0x3e, 0x0d, 0x0a, 0x09, 0x09, 0x09,
  0x09, 0x3c, 0x2f, 0x78, 0x73, 0x3a, 0x72, 0x65, 0x73, 0x74, 0x72, 0x69, 0x63,
  0x74, 0x69, 0x6f, 0x6e, 0x3e, 0x0d, 0x0a, 0x09, 0x09, 0x09, 0x3c, 0x2f, 0x78,
  0x73, 0x3a, 0x73, 0x69, 0x6d, 0x70, 0x6c, 0x65, 0x54, 0x79, 0x70, 0x65, 0x3e,
  0x0d, 0x0a, 0x09, 0x09, 0x3c, 0x2f, 0x78, 0x73, 0x3a, 0x61, 0x74, 0x74, 0x72,
  0x69, 0x62, 0x75, 0x74, 0x65, 0x3e, 0x0d, 0x0a, 0x09, 0x09, 0x3c, 0x78, 0x73,
  0x3a, 0x61, 0x74, 0x74, 0x72, 0x69, 0x62, 0x75, 0x74, 0x65, 0x20, 0x6e, 0x61,
  0x6d, 0x65, 0x3d, 0x22, 0xd0, 0x9f, 0xd1, 0x80, 0xd0, 0xa3, 0xd1, 0x82, 0xd1,
  0x80, 0xd0, 0x9f, 0xd0, 0xbe, 0xd0, 0xbb, 0xd0, 0xbd, 0x22, 0x20, 0x75, 0x73,
  0x65, 0x3d, 0x22, 0x6f, 0x70, 0x74, 0x69, 0x6f, 0x6e, 0x61, 0x6c, 0x22, 0x3e,
  0x0d, 0x0a, 0x09, 0x09, 0x09, 0x3c, 0x78, 0x73, 0x3a, 0x61, 0x6e, 0x6e, 0x6f,
  0x74, 0x61, 0x74, 0x69, 0x6f, 0x6e, 0x3e, 0x0d, 0x0a, 0x09, 0x09, 0x09, 0x09,
  0x3c, 0x78, 0x73, 0x3a, 0x64, 0x6f, 0x63, 0x75, 0x6d, 0x65, 0x6e, 0x74, 0x61,
  0x74, 0x69, 0x6f, 0x6e, 0x3e, 0xd0, 0x9f, 0xd1, 0x80, 0xd0, 0xb8, 0xd0, 0xb7,
  0xd0, 0xbd, 0xd0, 0xb0, 0xd0, 0xba, 0x20, 0xd1, 0x83, 0xd1, 0x82, 0xd1, 0x80,
  0xd0, 0xb0, 0xd1, 0x82, 0xd1, 0x8b, 0x20, 0xd0, 0xbf, 0xd0, 0xbe, 0xd0, 0xbb,
  0xd0, 0xbd, 0xd0, 0xbe, 0xd0, 0xbc, 0xd0, 0xbe, 0xd1, 0x87, 0xd0, 0xb8, 0xd0,
  0xb9, 0x20, 0xd0, 0xbf, 0xd1, 0x80, 0xd0, 0xb8, 0x20, 0xd0, 0xbf, 0xd0, 0xb5,
  0xd1, 0x80, 0xd0, 0xb5, 0xd0, 0xb4, 0xd0, 0xbe, 0xd0, 0xb2, 0xd0, 0xb5, 0xd1,
  0x80, 0xd0, 0xb8, 0xd0, 0xb8, 0x3c, 0x2f, 0x78, 0x73, 0x3a, 0x64, 0x6f, 0x63,
  0x75, 0x6d, 0x65, 0x6e, 0x74, 0x61, 0x74, 0x69, 0x6f, 0x6e, 0x3e, 0x0d, 0x0a,
  0x09, 0x09, 0x09, 0x3c, 0x2f, 0x78, 0x73, 0x3a, 0x61, 0x6e, 0x6e, 0x6f, 0x74,
  0x61, 0x74, 0x69, 0x6f, 0x6e, 0x3e, 0x0d, 0x0a, 0x09, 0x09, 0x09, 0x3c, 0x78,
  0x73, 0x3a, 0x73, 0x69, 0x6d, 0x70, 0x6c, 0x65, 0x54, 0x79, 0x70, 0x65, 0x3e,
  0x0d, 0x0a, 0x09, 0x09, 0x09, 0x09, 0x3c, 0x78, 0x73, 0x3a, 0x72, 0x65, 0x73,
  0x74, 0x72, 0x69, 0x63, 0x74, 0x69, 0x6f, 0x6e, 0x20, 0x62, 0x61, 0x73, 0x65,
  0x3d, 0x22, 0x78, 0x73, 0x3a, 0x73, 0x74, 0x72, 0x69, 0x6e, 0x67, 0x22, 0x3e,
  0x0d, 0x0a, 0x09, 0x09, 0x09, 0x09, 0x09, 0x3c, 0x78, 0x73, 0x3a, 0x6c, 0x65,
  0x6e, 0x67, 0x74, 0x68, 0x20, 0x76, 0x61, 0x6c, 0x75, 0x65, 0x3d, 0x22, 0x31,
  0x22, 0x2f, 0x3e, 0x0d, 0x0a, 0x09, 0x09, 0x09, 0x09, 0x09, 0x3c, 0x78, 0x73,
  0x3a, 0x65, 0x6e, 0x75, 0x6d, 0x65, 0x72, 0x61, 0x74, 0x69, 0x6f, 0x6e, 0x20,
  0x76, 0x61, 0x6c, 0x75, 0x65, 0x3d, 0x22, 0x31, 0x22, 0x2f, 0x3e, 0x0d, 0x0a,
  0x09, 0x09, 0x09, 0x09, 0x09, 0x3c, 0x78, 0x73, 0x3a, 0x65, 0x6e, 0x75, 0x6d,
  0x65, 0x72, 0x61, 0x74, 0x69, 0x6f, 0x6e, 0x20, 0x76, 0x61, 0x6c, 0x75, 0x65,
  0x3d, 0x22, 0x32, 0x22, 0x2f, 0x3e, 0x0d, 0x0a, 0x09, 0x09, 0x09, 0x09, 0x3c,
  0x2f, 0x78, 0x73, 0x3a, 0x72, 0x65, 0x73, 0x74, 0x72, 0x69, 0x63, 0x74, 0x69,
  0x6f, 0x6e, 0x3e, 0x0d, 0x0a, 0x09, 0x09, 0x09, 0x3c, 0x2f, 0x78, 0x73, 0x3a,
  0x73, 0x69, 0x6d, 0x70, 0x6c, 0x65, 0x54, 0x79, 0x70, 0x65, 0x3e, 0x0d, 0x0a,
  0x09, 0x09, 0x3c, 0x2f, 0x78, 0x73, 0x3a, 0x61, 0x74, 0x74, 0x72, 0x69, 0x62,
  0x75, 0x74, 0x65, 0x3e, 0x0d, 0x0a, 0x09, 0x3c, 0x2f, 0x78, 0x73, 0x3a, 0x63,
  0x6f, 0x6d, 0x70, 0x6c, 0x65, 0x78, 0x54, 0x79, 0x70, 0x65, 0x3e, 0x0d, 0x0a,
  0x09, 0x3c, 0x78, 0x73, 0x3a, 0x63, 0x6f, 0x6d, 0x70, 0x6c, 0x65, 0x78, 0x54,
  0x79, 0x70, 0x65, 0x20, 0x6e, 0x61, 0x6d, 0x65, 0x3d, 0x22, 0xd0, 0xa1, 0xd0,
  0xb2, 0xd0, 0x9d, 0xd0, 0xbe, 0xd1, 0x82, 0xd0, 0xa3, 0xd0, 0xb4, 0xd0, 0xa2,
  0xd0, 0xb8, 0xd0, 0xbf, 0x22, 0x3e, 0x0d, 0x0a, 0x09, 0x09, 0x3c, 0x78, 0x73,
  0x3a, 0x61, 0x6e, 0x6e, 0x6f, 0x74, 0x61, 0x74, 0x69, 0x6f, 0x6e, 0x3e, 0x0d,
  0x0a, 0x09, 0x09, 0x09, 0x3c, 0x78, 0x73, 0x3a, 0x64, 0x6f, 0x63, 0x75, 0x6d,
  0x65, 0x6e, 0x74, 0x61, 0x74, 0x69, 0x6f, 0x6e, 0x3e, 0xd0, 0xa1, 0xd0, 0xb2,
  0xd0, 0xb5, 0xd0, 0xb4, 0xd0, 0xb5, 0xd0, 0xbd, 0xd0, 0xb8, 0xd1, 0x8f, 0x20,
  0xd0, 0xbe, 0x20, 0xd0, 0xbd, 0xd0, 0xbe, 0xd1, 0x82, 0xd0, 0xb0, 0xd1, 0x80,
  0xd0, 0xb8, 0xd0, 0xb0, 0xd0, 0xbb, 0xd1, 0x8c, 0xd0, 0xbd, 0xd0, 0xbe, 0xd0,
  0xbc, 0x20, 0xd1, 0x83, 0xd0, 0xb4, 0xd0, 0xbe, 0xd1, 0x81, 0xd1, 0x82, 0xd0,
  0xbe, 0xd0, 0xb2, 0xd0, 0xb5, 0xd1, 0x80, 0xd0, 0xb5, 0xd0, 0xbd, 0xd0, 0xb8,
  0xd0, 0xb8, 0x3c, 0x2f, 0x78, 0x73, 0x3a, 0x64, 0x6f, 0x63, 0x75, 0x6d, 0x65,
  0x6e, 0x74, 0x61, 0x74, 0x69, 0x6f, 0x6e, 0x3e, 0x0d, 0x0a, 0x09, 0x09, 0x3c,
  0x2f, 0x78, 0x73, 0x3a, 0x61, 0x6e, 0x6e, 0x6f, 0x74, 0x61, 0x74, 0x69, 0x6f,
  0x6e, 0x3e, 0x0d, 0x0a, 0x09, 0x09, 0x3c, 0x78, 0x73, 0x3a, 0x73, 0x65, 0x71,
  0x75, 0x65, 0x6e, 0x63, 0x65, 0x3e, 0x0d, 0x0a, 0x09, 0x09, 0x09, 0x3c, 0x78,
  0x73, 0x3a, 0x65, 0x6c, 0x65, 0x6d, 0x65, 0x6e, 0x74, 0x20, 0x6e, 0x61, 0x6d,
  0x65, 0x3d, 0x22, 0xd0, 0x98, 0xd0, 0xbd, 0xd0, 0xa1, 0xd0, 0xb2, 0xd0, 0xa3,
  0xd0, 0xb4, 0xd0, 0x9d, 0xd0, 0xb0, 0xd0, 0xb4, 0xd0, 0xbf, 0xd0, 0xb8, 0xd1,
  0x81, 0x22, 0x20, 0x6d, 0x69, 0x6e, 0x4f, 0x63, 0x63, 0x75, 0x72, 0x73, 0x3d,
  0x22, 0x30, 0x22, 0x3e, 0x0d, 0x0a, 0x09, 0x09, 0x09, 0x09, 0x3c, 0x78, 0x73,
  0x3a, 0x61, 0x6e, 0x6e, 0x6f, 0x74, 0x61, 0x74, 0x69, 0x6f, 0x6e, 0x3e, 0x0d,
  0x0a, 0x09, 0x09, 0x09, 0x09, 0x09, 0x3c, 0x78, 0x73, 0x3a, 0x64, 0x6f, 0x63,
  0x75, 0x6d, 0x65, 0x6e, 0x74, 0x61, 0x74, 0x69, 0x6f, 0x6e, 0x3e, 0xd0, 0x98,
  0xd0, 0xbd, 0xd1, 0x8b, 0xd0, 0xb5, 0x20, 0xd1, 0x81, 0xd0, 0xb2, 0xd0, 0xb5,
  0xd0, 0xb4, 0xd0, 0xb5, 0xd0, 0xbd, 0xd0, 0xb8, 0xd1, 0x8f, 0x20, 0xd1, 0x83,
  0xd0, 0xb4, 0xd0, 0xbe, 0xd1, 0x81, 0xd1, 0x82, 0xd0, 0xbe, 0xd0, 0xb2, 0xd0,
  0xb5, 0xd1, 0x80, 0xd0, 0xb8, 0xd1, 0x82, 0xd0, 0xb5, 0xd0, 0xbb, 0xd1, 0x8c,
  0xd0, 0xbd, 0xd0, 0xbe, 0xd0, 0xb9, 0x20, 0xd0, 0xbd, 0xd0, 0xb0, 0xd0, 0xb4,
  0xd0, 0xbf, 0xd0, 0xb8, 0xd1, 0x81, 0xd0, 0xb8, 0x3c, 0x2f, 0x78, 0x73, 0x3a,
  0x64, 0x6f, 0x63, 0x75, 0x6d, 0x65, 0x6e, 0x74, 0x61, 0x74, 0x69, 0x6f, 0x6e,
  0x3e, 0x0d, 0x0a, 0x09, 0x09, 0x09, 0x09, 0x3c, 0x2f, 0x78, 0x73, 0x3a, 0x61,
  0x6e, 0x6e, 0x6f, 0x74, 0x61, 0x74, 0x69, 0x6f, 0x6e, 0x3e, 0x0d, 0x0a, 0x09,
  0x09, 0x09, 0x09, 0x3c, 0x78, 0x73, 0x3a, 0x73, 0x69, 0x6d, 0x70, 0x6c, 0x65,
  0x54, 0x79, 0x70, 0x65, 0x3e, 0x0d, 0x0a, 0x09, 0x09, 0x09, 0x09, 0x09, 0x3c,
  0x78, 0x73, 0x3a, 0x72, 0x65, 0x73, 0x74, 0x72, 0x69, 0x63, 0x74, 0x69, 0x6f,
  0x6e, 0x20, 0x62, 0x61, 0x73, 0x65, 0x3d, 0x22, 0x78, 0x73, 0x3a, 0x73, 0x74,
  0x72, 0x69, 0x6e, 0x67, 0x22, 0x3e, 0x0d, 0x0a, 0x09, 0x09, 0x09, 0x09, 0x09,
  0x09, 0x3c, 0x78, 0x73, 0x3a, 0x6d, 0x69, 0x6e, 0x4c, 0x65, 0x6e, 0x67, 0x74,
  0x68, 0x20, 0x76, 0x61, 0x6c, 0x75, 0x65, 0x3d, 0x22, 0x31, 0x22, 0x2f, 0x3e,
  0x0d, 0x0a, 0x09, 0x09, 0x09, 0x09, 0x09, 0x09, 0x3c, 0x78, 0x73, 0x3a, 0x6d,
  0x61, 0x78, 0x4c, 0x65, 0x6e, 0x67, 0x74, 0x68, 0x20, 0x76, 0x61, 0x6c, 0x75,
  0x65, 0x3d, 0x22, 0x32, 0x35, 0x30, 0x30, 0x22, 0x2f, 0x3e, 0x0d, 0x0a, 0x09,
  0x09, 0x09, 0x09, 0x09, 0x3c, 0x2f, 0x78, 0x73, 0x3a, 0x72, 0x65, 0x73, 0x74,
  0x72, 0x69, 0x63, 0x74, 0x69, 0x6f, 0x6e, 0x3e, 0x0d, 0x0a, 0x09, 0x09, 0x09,
  0x09, 0x3c, 0x2f, 0x78, 0x73, 0x3a, 0x73, 0x69, 0x6d, 0x70, 0x6c, 0x65, 0x54,
  0x79, 0x70, 0x65, 0x3e, 0x0d, 0x0a, 0x09, 0x09, 0x09, 0x3c, 0x2f, 0x78, 0x73,
  0x3a, 0x65, 0x6c, 0x65, 0x6d, 0x65, 0x6e, 0x74, 0x3e, 0x0d, 0x0a, 0x09, 0x09,
  0x09, 0x3c, 0x78, 0x73, 0x3a, 0x65, 0x6c, 0x65, 0x6d, 0x65, 0x6e, 0x74, 0x20,
  0x6e, 0x61, 0x6d, 0x65, 0x3d, 0x22, 0xd0, 0xa1, 0xd0, 0xb2, 0xd0, 0x9d, 0xd0,
  0xbe, 0xd1, 0x82, 0xd0, 0x94, 0xd0, 0xb5, 0xd0, 0xb9, 0xd1, 0x81, 0xd1, 0x82,
  0xd0, 0xb2, 0x22, 0x20, 0x74, 0x79, 0x70, 0x65, 0x3d, 0x22, 0xd0, 0xa1, 0xd0,
  0xb2, 0xd0, 0x9d, 0xd0, 0xbe, 0xd1, 0x82, 0xd0, 0x94, 0xd0, 0xb5, 0xd0, 0xb9,
  0xd1, 0x81, 0xd1, 0x82, 0xd0, 0xb2, 0xd0, 0xa2, 0xd0, 0xb8, 0xd0, 0xbf, 0x22,
  0x3e, 0x0d, 0x0a, 0x09, 0x09, 0x09, 0x09, 0x3c, 0x78, 0x73, 0x3a, 0x61, 0x6e,
  0x6e, 0x6f, 0x74, 0x61, 0x74, 0x69, 0x6f, 0x6e, 0x3e, 0x0d, 0x0a, 0x09, 0x09,
  0x09, 0x09, 0x09, 0x3c, 0x78, 0x73, 0x3a, 0x64, 0x6f, 0x63, 0x75, 0x6d, 0x65,
  0x6e, 0x74, 0x61, 0x74, 0x69, 0x6f, 0x6e, 0x3e, 0xd0, 0xa1, 0xd0, 0xb2, 0xd0,
  0xb5, 0xd0, 0xb4, 0xd0, 0xb5, 0xd0, 0xbd, 0xd0, 0xb8, 0xd1, 0x8f, 0x20, 0xd0,
  0xbe, 0x20, 0xd0, 0xbd, 0xd0, 0xbe, 0xd1, 0x82, 0xd0, 0xb0, 0xd1, 0x80, 0xd0,
  0xb8, 0xd1, 0x83, 0xd1, 0x81, 0xd0, 0xb5, 0x2c, 0x20, 0xd1, 0x81, 0xd0, 0xbe,
  0xd0, 0xb2, 0xd0, 0xb5, 0xd1, 0x80, 0xd1, 0x88, 0xd0, 0xb8, 0xd0, 0xb2, 0xd1,
  0x88, 0xd0, 0xb5, 0xd0, 0xbc, 0x20, 0xd0, 0xbd, 0xd0, 0xbe, 0xd1, 0x82, 0xd0,
  0xb0, 0xd1, 0x80, 0xd0, 0xb8, 0xd0, 0xb0, 0xd0, 0xbb, 0xd1, 0x8c, 0xd0, 0xbd,
  0xd0, 0xbe, 0xd0, 0xb5, 0x20, 0xd0, 0xb4, 0xd0, 0xb5, 0xd0, 0xb9, 0xd1, 0x81,
  0xd1, 0x82, 0xd0, 0xb2, 0xd0, 0xb8, 0xd0, 0xb5, 0x3c, 0x2f, 0x78, 0x73, 0x3a,
  0x64, 0x6f, 0x63, 0x75, 0x6d, 0x65, 0x6e, 0x74, 0x61, 0x74, 0x69, 0x6f, 0x6e,
  0x3e, 0x0d, 0x0a, 0x09, 0x09, 0x09, 0x09, 0x3c, 0x2f, 0x78, 0x73, 0x3a, 0x61,
  0x6e, 0x6e, 0x6f, 0x74, 0x61, 0x74, 0x69, 0x6f, 0x6e, 0x3e, 0x0d, 0x0a, 0x09,
  0x09, 0x09, 0x3c, 0x2f, 0x78, 0x73, 0x3a, 0x65, 0x6c, 0x65, 0x6d, 0x65, 0x6e,
  0x74, 0x3e, 0x0d, 0x0a, 0x09, 0x09, 0x09, 0x3c, 0x78, 0x73, 0x3a, 0x65, 0x6c,
  0x65, 0x6d, 0x65, 0x6e, 0x74, 0x20, 0x6e, 0x61, 0x6d, 0x65, 0x3d, 0x22, 0xd0,
  0x9f, 0xd0, 0xbe, 0xd0, 0xb4, 0xd0, 0xbf, 0xd0, 0xa0, 0xd1, 0x83, 0xd0, 0xba,
  0xd0, 0xbe, 0xd0, 0xbf, 0xd0, 0xb8, 0xd1, 0x81, 0x22, 0x20, 0x6d, 0x61, 0x78,
  0x4f, 0x63, 0x63, 0x75, 0x72, 0x73, 0x3d, 0x22, 0x75, 0x6e, 0x62, 0x6f, 0x75,
  0x6e, 0x64, 0x65, 0x64, 0x22, 0x3e, 0x0d, 0x0a, 0x09, 0x09, 0x09, 0x09, 0x3c,
  0x78, 0x73, 0x3a, 0x61, 0x6e, 0x6e, 0x6f, 0x74, 0x61, 0x74, 0x69, 0x6f, 0x6e,
  0x3e, 0x0d, 0x0a, 0x09, 0x09, 0x09, 0x09, 0x09, 0x3c, 0x78, 0x73, 0x3a, 0x64,
  0x6f, 0x63, 0x75, 0x6d, 0x65, 0x6e, 0x74, 0x61, 0x74, 0x69, 0x6f, 0x6e, 0x3e,
  0xd0, 0xa0, 0xd1, 0x83, 0xd0, 0xba, 0xd0, 0xbe, 0xd0, 0xbf, 0xd0, 0xb8, 0xd1,
  0x81, 0xd0, 0xbd, 0xd0, 0xb0, 0xd1, 0x8f, 0x20, 0xd0, 0xbf, 0xd0, 0xbe, 0xd0,
  0xb4, 0xd0, 0xbf, 0xd0, 0xb8, 0xd1, 0x81, 0xd1, 0x8c, 0x3c, 0x2f, 0x78, 0x73,
  0x3a, 0x64, 0x6f, 0x63, 0x75, 0x6d, 0x65, 0x6e, 0x74, 0x61, 0x74, 0x69, 0x6f,
  0x6e, 0x3e, 0x0d, 0x0a, 0x09, 0x09, 0x09, 0x09, 0x3c, 0x2f, 0x78, 0x73, 0x3a,
  0x61, 0x6e, 0x6e, 0x6f, 0x74, 0x61, 0x74, 0x69, 0x6f, 0x6e, 0x3e, 0x0d, 0x0a,
  0x09, 0x09, 0x09, 0x09, 0x3c, 0x78, 0x73, 0x3a, 0x63, 0x6f, 0x6d, 0x70, 0x6c,
  0x65, 0x78, 0x54, 0x79, 0x70, 0x65, 0x3e, 0x0d, 0x0a, 0x09, 0x09, 0x09, 0x09,
  0x09, 0x3c, 0x78, 0x73, 0x3a, 0x73, 0x65, 0x71, 0x75, 0x65, 0x6e, 0x63, 0x65,
  0x3e, 0x0d, 0x0a, 0x09, 0x09, 0x09, 0x09, 0x09, 0x09, 0x3c, 0x78, 0x73, 0x3a,
  0x65, 0x6c, 0x65, 0x6d, 0x65, 0x6e, 0x74, 0x20, 0x6e, 0x61, 0x6d, 0x65, 0x3d,
  0x22, 0xd0, 0xa5, 0xd0, 0xb5, 0xd1, 0x88, 0x50, 0x44, 0x46, 0xd0, 0x94, 0xd0,
  0xbe, 0xd0, 0xba, 0x22, 0x3e, 0x0d, 0x0a, 0x09, 0x09, 0x09, 0x09, 0x09, 0x09,
  0x09, 0x3c, 0x78, 0x73, 0x3a, 0x61, 0x6e, 0x6e, 0x6f, 0x74, 0x61, 0x74, 0x69,
  0x6f, 0x6e, 0x3e, 0x0d, 0x0a, 0x09, 0x09, 0x09, 0x09, 0x09, 0x09, 0x09, 0x09,
  0x3c, 0x78, 0x73, 0x3a, 0x64, 0x6f, 0x63, 0x75, 0x6d, 0x65, 0x6e, 0x74, 0x61,
  0x74, 0x69, 0x6f, 0x6e, 0x3e, 0xd0, 0xa5, 0xd0, 0xb5, 0xd1, 0x88, 0x20, 0x50,
  0x44, 0x46, 0x20, 0xd0, 0xb4, 0xd0, 0xbe, 0xd0, 0xba, 0xd1, 0x83, 0xd0, 0xbc,
  0xd0, 0xb5, 0xd0, 0xbd, 0xd1, 0x82, 0xd0, 0xb0, 0x3c, 0x2f, 0x78, 0x73, 0x3a,
  0x64, 0x6f, 0x63, 0x75, 0x6d, 0x65, 0x6e, 0x74, 0x61, 0x74, 0x69, 0x6f, 0x6e,
  0x3e, 0x0d, 0x0a, 0x09, 0x09, 0x09, 0x09, 0x09, 0x09, 0x09, 0x3c, 0x2f, 0x78,
  0x73, 0x3a, 0x61, 0x6e, 0x6e, 0x6f, 0x74, 0x61, 0x74, 0x69, 0x6f, 0x6e, 0x3e,
  0x0d, 0x0a, 0x09, 0x09, 0x09, 0x09, 0x09, 0x09, 0x09, 0x3c, 0x78, 0x73, 0x3a,
  0x73, 0x69, 0x6d, 0x70, 0x6c, 0x65, 0x54, 0x79, 0x70, 0x65, 0x3e, 0x0d, 0x0a,
  0x09, 0x09, 0x09, 0x09, 0x09, 0x09, 0x09, 0x09, 0x3c, 0x78, 0x73, 0x3a, 0x72,
  0x65, 0x73, 0x74, 0x72, 0x69, 0x63, 0x74, 0x69, 0x6f, 0x6e, 0x20, 0x62, 0x61,
  0x73, 0x65, 0x3d, 0x22, 0x78, 0x73, 0x3a, 0x73, 0x74, 0x72, 0x69, 0x6e, 0x67,
  0x22, 0x3e, 0x0d, 0x0a, 0x09, 0x09, 0x09, 0x09, 0x09, 0x09, 0x09, 0x09, 0x09,
  0x3c, 0x78, 0x73, 0x3a, 0x6d, 0x69, 0x6e, 0x4c, 0x65, 0x6e, 0x67, 0x74, 0x68,
  0x20, 0x76, 0x61, 0x6c, 0x75, 0x65, 0x3d, 0x22, 0x31, 0x22, 0x2f, 0x3e, 0x0d,
  0x0a, 0x09, 0x09, 0x09, 0x09, 0x09, 0x09, 0x09, 0x09, 0x09, 0x3c, 0x78, 0x73,
  0x3a, 0x6d, 0x61, 0x78, 0x4c, 0x65, 0x6e, 0x67, 0x74, 0x68, 0x20, 0x76, 0x61,
  0x6c, 0x75, 0x65, 0x3d, 0x22, 0x31, 0x36, 0x30, 0x30, 0x30, 0x22, 0x2f, 0x3e,
  0x0d, 0x0a, 0x09, 0x09, 0x09, 0x09, 0x09, 0x09, 0x09, 0x09, 0x3c, 0x2f, 0x78,
  0x73, 0x3a, 0x72, 0x65, 0x73, 0x74, 0x72, 0x69, 0x63, 0x74, 0x69, 0x6f, 0x6e,
  0x3e, 0x0d, 0x0a, 0x09, 0x09, 0x09, 0x09, 0x09, 0x09, 0x09, 0x3c, 0x2f, 0x78,
  0x73, 0x3a, 0x73, 0x69, 0x6d, 0x70, 0x6c, 0x65, 0x54, 0x79, 0x70, 0x65, 0x3e,
  0x0d, 0x0a, 0x09, 0x09, 0x09, 0x09, 0x09, 0x09, 0x3c, 0x2f, 0x78, 0x73, 0x3a,
  0x65, 0x6c, 0x65, 0x6d, 0x65, 0x6e, 0x74, 0x3e, 0x0d, 0x0a, 0x09, 0x09, 0x09,
  0x09, 0x09, 0x09, 0x3c, 0x78, 0x73, 0x3a, 0x65, 0x6c, 0x65, 0x6d, 0x65, 0x6e,
  0x74, 0x20, 0x6e, 0x61, 0x6d, 0x65, 0x3d, 0x22, 0xd0, 0x9f, 0xd0, 0xbe, 0xd0,
  0xb4, 0xd0, 0xbf, 0xd0, 0x98, 0xd0, 0xb7, 0xd0, 0xbe, 0xd0, 0xb1, 0xd1, 0x80,
  0x22, 0x3e, 0x0d, 0x0a, 0x09, 0x09, 0x09, 0x09, 0x09, 0x09, 0x09, 0x3c, 0x78,
  0x73, 0x3a, 0x61, 0x6e, 0x6e, 0x6f, 0x74, 0x61, 0x74, 0x69, 0x6f, 0x6e, 0x3e,
  0x0d, 0x0a, 0x09, 0x09, 0x09, 0x09, 0x09, 0x09, 0x09, 0x09, 0x3c, 0x78, 0x73,
  0x3a, 0x64, 0x6f, 0x63, 0x75, 0x6d, 0x65, 0x6e, 0x74, 0x61, 0x74, 0x69, 0x6f,
  0x6e, 0x3e, 0xd0, 0x98, 0xd0, 0xb7, 0xd0, 0xbe, 0xd0, 0xb1, 0xd1, 0x80, 0xd0,
  0xb0, 0xd0, 0xb6, 0xd0, 0xb5, 0xd0, 0xbd, 0xd0, 0xb8, 0xd0, 0xb5, 0x20, 0xd0,
  0xbf, 0xd0, 0xbe, 0xd0, 0xb4, 0xd0, 0xbf, 0xd0, 0xb8, 0xd1, 0x81, 0xd0, 0xb8,
  0x3c, 0x2f, 0x78, 0x73, 0x3a, 0x64, 0x6f, 0x63, 0x75, 0x6d, 0x65, 0x6e, 0x74,
  0x61, 0x74, 0x69, 0x6f, 0x6e, 0x3e, 0x0d, 0x0a, 0x09, 0x09, 0x09, 0x09, 0x09,
  0x09, 0x09, 0x3c, 0x2f, 0x78, 0x73, 0x3a, 0x61, 0x6e, 0x6e, 0x6f, 0x74, 0x61,
  0x74, 0x69, 0x6f, 0x6e, 0x3e, 0x0d, 0x0a, 0x09, 0x09, 0x09, 0x09, 0x09, 0x09,
  0x09, 0x3c, 0x78, 0x73, 0x3a, 0x73, 0x69, 0x6d, 0x70, 0x6c, 0x65, 0x54, 0x79,
  0x70, 0x65, 0x3e, 0x0d, 0x0a, 0x09, 0x09, 0x09, 0x09, 0x09, 0x09, 0x09, 0x09,
  0x3c, 0x78, 0x73, 0x3a, 0x72, 0x65, 0x73, 0x74, 0x72, 0x69, 0x63, 0x74, 0x69,
  0x6f, 0x6e, 0x20, 0x62, 0x61, 0x73, 0x65, 0x3d, 0x22, 0x78, 0x73, 0x3a, 0x73,
  0x74, 0x72, 0x69, 0x6e, 0x67, 0x22, 0x3e, 0x0d, 0x0a, 0x09, 0x09, 0x09, 0x09,
  0x09, 0x09, 0x09, 0x09, 0x09, 0x3c, 0x78, 0x73, 0x3a, 0x6d, 0x69, 0x6e, 0x4c,
  0x65, 0x6e, 0x67, 0x74, 0x68, 0x20, 0x76, 0x61, 0x6c, 0x75, 0x65, 0x3d, 0x22,
  0x31, 0x22, 0x2f, 0x3e, 0x0d, 0x0a, 0x09, 0x09, 0x09, 0x09, 0x09, 0x09, 0x09,
  0x09, 0x09, 0x3c, 0x78, 0x73, 0x3a, 0x6d, 0x61, 0x78, 0x4c, 0x65, 0x6e, 0x67,
  0x74, 0x68, 0x20, 0x76, 0x61, 0x6c, 0x75, 0x65, 0x3d, 0x22, 0x31, 0x36, 0x30,
  0x30, 0x30, 0x22, 0x2f, 0x3e, 0x0d, 0x0a, 0x09, 0x09, 0x09, 0x09, 0x09, 0x09,
  0x09, 0x09, 0x3c, 0x2f, 0x78, 0x73, 0x3a, 0x72, 0x65, 0x73, 0x74, 0x72, 0x69,
  0x63, 0x74, 0x69, 0x6f, 0x6e, 0x3e, 0x0d, 0x0a, 0x09, 0x09, 0x09, 0x09, 0x09,
  0x09, 0x09, 0x3c, 0x2f, 0x78, 0x73, 0x3a, 0x73, 0x69, 0x6d, 0x70, 0x6c, 0x65,
  0x54, 0x79, 0x70, 0x65, 0x3e, 0x0d, 0x0a, 0x09, 0x09, 0x09, 0x09, 0x09, 0x09,
  0x3c, 0x2f, 0x78, 0x73, 0x3a, 0x65, 0x6c, 0x65, 0x6d, 0x65, 0x6e, 0x74, 0x3e,
  0x0d, 0x0a, 0x09, 0x09, 0x09, 0x09, 0x09, 0x09, 0x3c, 0x78, 0x73, 0x3a, 0x65,
  0x6c, 0x65, 0x6d, 0x65, 0x6e, 0x74, 0x20, 0x6e, 0x61, 0x6d, 0x65, 0x3d, 0x22,
  0xd0, 0xa5, 0xd0, 0xb5, 0xd1, 0x88, 0xd0, 0x9f, 0xd0, 0xbe, 0xd0, 0xb4, 0xd0,
  0xbf, 0x22, 0x3e, 0x0d, 0x0a, 0x09, 0x09, 0x09, 0x09, 0x09, 0x09, 0x09, 0x3c,
  0x78, 0x73, 0x3a, 0x61, 0x6e, 0x6e, 0x6f, 0x74, 0x61, 0x74, 0x69, 0x6f, 0x6e,
  0x3e, 0x0d, 0x0a, 0x09, 0x09, 0x09, 0x09, 0x09, 0x09, 0x09, 0x09, 0x3c, 0x78,
  0x73, 0x3a, 0x64, 0x6f, 0x63, 0x75, 0x6d, 0x65, 0x6e, 0x74, 0x61, 0x74, 0x69,
  0x6f, 0x6e, 0x3e, 0xd0, 0xa5, 0xd0, 0xb5, 0xd1, 0x88, 0x20, 0xd0, 0xbf, 0xd0,
  0xbe, 0xd0, 0xb4, 0xd0, 0xbf, 0xd0, 0xb8, 0xd1, 0x81, 0xd0, 0xb8, 0x3c, 0x2f,
  0x78, 0x73, 0x3a, 0x64, 0x6f, 0x63, 0x75, 0x6d, 0x65, 0x6e, 0x74, 0x61, 0x74,
  0x69, 0x6f, 0x6e, 0x3e, 0x0d, 0x0a, 0x09, 0x09, 0x09, 0x09, 0x09, 0x09, 0x09,
  0x3c, 0x2f, 0x78, 0x73, 0x3a, 0x61, 0x6e, 0x6e, 0x6f, 0x74, 0x61, 0x74, 0x69,
  0x6f, 0x6e, 0x3e, 0x0d, 0x0a, 0x09, 0x09, 0x09, 0x09, 0x09, 0x09, 0x09, 0x3c,
  0x78, 0x73, 0x3a, 0x73, 0x69, 0x6d, 0x70, 0x6c, 0x65, 0x54, 0x79, 0x70, 0x65,
  0x3e, 0x0d, 0x0a, 0x09, 0x09, 0x09, 0x09, 0x09, 0x09, 0x09, 0x09, 0x3c, 0x78,
  0x73, 0x3a, 0x72, 0x65, 0x73, 0x74, 0x72, 0x69, 0x63, 0x74, 0x69, 0x6f, 0x6e,
  0x20, 0x62, 0x61, 0x73, 0x65, 0x3d, 0x22, 0x78, 0x73, 0x3a, 0x73, 0x74, 0x72,
  0x69, 0x6e, 0x67, 0x22, 0x3e, 0x0d, 0x0a, 0x09, 0x09, 0x09, 0x09, 0x09, 0x09,
  0x09, 0x09, 0x09, 0x3c, 0x78, 0x73, 0x3a, 0x6d, 0x69, 0x6e, 0x4c, 0x65, 0x6e,
  0x67, 0x74, 0x68, 0x20, 0x76, 0x61, 0x6c, 0x75, 0x65, 0x3d, 0x22, 0x31, 0x22,
  0x2f, 0x3e, 0x0d, 0x0a, 0x09, 0x09, 0x09, 0x09, 0x09, 0x09, 0x09, 0x09, 0x09,
  0x3c, 0x78, 0x73, 0x3a, 0x6d, 0x61, 0x78, 0x4c, 0x65, 0x6e, 0x67, 0x74, 0x68,
  0x20, 0x76, 0x61, 0x6c, 0x75, 0x65, 0x3d, 0x22, 0x31, 0x36, 0x30, 0x30, 0x30,
  0x22, 0x2f, 0x3e, 0x0d, 0x0a, 0x09, 0x09, 0x09, 0x09, 0x09, 0x09, 0x09, 0x09,
  0x3c, 0x2f, 0x78, 0x73, 0x3a, 0x72, 0x65, 0x73, 0x74, 0x72, 0x69, 0x63, 0x74,
  0x69, 0x6f, 0x6e, 0x3e, 0x0d, 0x0a, 0x09, 0x09, 0x09, 0x09, 0x09, 0x09, 0x09,
  0x3c, 0x2f, 0x78, 0x73, 0x3a, 0x73, 0x69, 0x6d, 0x70, 0x6c, 0x65, 0x54, 0x79,
  0x70, 0x65, 0x3e, 0x0d, 0x0a, 0x09, 0x09, 0x09, 0x09, 0x09, 0x09, 0x3c, 0x2f,
  0x78, 0x73, 0x3a, 0x65, 0x6c, 0x65, 0x6d, 0x65, 0x6e, 0x74, 0x3e, 0x0d, 0x0a,
  0x09, 0x09, 0x09, 0x09, 0x09, 0x09, 0x3c, 0x78, 0x73, 0x3a, 0x65, 0x6c, 0x65,
  0x6d, 0x65, 0x6e, 0x74, 0x20, 0x6e, 0x61, 0x6d, 0x65, 0x3d, 0x22, 0xd0, 0x94,
  0xd0, 0xb0, 0xd1, 0x82, 0xd0, 0xb0, 0xd0, 0x92, 0xd1, 0x80, 0xd0, 0xb5, 0xd0,
  0xbc, 0xd0, 0x9f, 0xd0, 0xbe, 0xd0, 0xb4, 0xd0, 0xbf, 0x22, 0x3e, 0x0d, 0x0a,
  0x09, 0x09, 0x09, 0x09, 0x09, 0x09, 0x09, 0x3c, 0x78, 0x73, 0x3a, 0x61, 0x6e,
  0x6e, 0x6f, 0x74, 0x61, 0x74, 0x69, 0x6f, 0x6e, 0x3e, 0x0d, 0x0a, 0x09, 0x09,
  0x09, 0x09, 0x09, 0x09, 0x09, 0x09, 0x3c, 0x78, 0x73, 0x3a, 0x64, 0x6f, 0x63,
  0x75, 0x6d, 0x65, 0x6e, 0x74, 0x61, 0x74, 0x69, 0x6f, 0x6e, 0x3e, 0xd0, 0x94,
  0xd0, 0xb0, 0xd1, 0x82, 0xd0, 0xb0, 0x20, 0xd0, 0xb8, 0x20, 0xd0, 0xb2, 0xd1,
  0x80, 0xd0, 0xb5, 0xd0, 0xbc, 0xd1, 0x8f, 0x20, 0xd0, 0xbf, 0xd0, 0xbe, 0xd0,
  0xb4, 0xd0, 0xbf, 0xd0, 0xb8, 0xd1, 0x81, 0xd0, 0xb8, 0x3c, 0x2f, 0x78, 0x73,
  0x3a, 0x64, 0x6f, 0x63, 0x75, 0x6d, 0x65, 0x6e, 0x74, 0x61, 0x74, 0x69, 0x6f,
  0x6e, 0x3e, 0x0d, 0x0a, 0x09, 0x09, 0x09, 0x09, 0x09, 0x09, 0x09, 0x3c, 0x2f,
  0x78, 0x73, 0x3a, 0x61, 0x6e, 0x6e, 0x6f, 0x74, 0x61, 0x74, 0x69, 0x6f, 0x6e,
  0x3e, 0x0d, 0x0a, 0x09, 0x09, 0x09, 0x09, 0x09, 0x09, 0x09, 0x3c, 0x78, 0x73,
  0x3a, 0x73, 0x69, 0x6d, 0x70, 0x6c, 0x65, 0x54, 0x79, 0x70, 0x65, 0x3e, 0x0d,
  0x0a, 0x09, 0x09, 0x09, 0x09, 0x09, 0x09, 0x09, 0x09, 0x3c, 0x78, 0x73, 0x3a,
  0x72, 0x65, 0x73, 0x74, 0x72, 0x69, 0x63, 0x74, 0x69, 0x6f, 0x6e, 0x20, 0x62,
  0x61, 0x73, 0x65, 0x3d, 0x22, 0x78, 0x73, 0x3a, 0x69, 0x6e, 0x74, 0x65, 0x67,
  0x65, 0x72, 0x22, 0x3e, 0x0d, 0x0a, 0x09, 0x09, 0x09, 0x09, 0x09, 0x09, 0x09,
  0x09, 0x09, 0x3c, 0x78, 0x73, 0x3a, 0x74, 0x6f, 0x74, 0x61, 0x6c, 0x44, 0x69,
  0x67, 0x69, 0x74, 0x73, 0x20, 0x76, 0x61, 0x6c, 0x75, 0x65, 0x3d, 0x22, 0x31,
  0x30, 0x22, 0x2f, 0x3e, 0x0d, 0x0a, 0x09, 0x09, 0x09, 0x09, 0x09, 0x09, 0x09,
  0x09, 0x3c, 0x2f, 0x78, 0x73, 0x3a, 0x72, 0x65, 0x73, 0x74, 0x72, 0x69, 0x63,
  0x74, 0x69, 0x6f, 0x6e, 0x3e, 0x0d, 0x0a, 0x09, 0x09, 0x09, 0x09, 0x09, 0x09,
  0x09, 0x3c, 0x2f, 0x78, 0x73, 0x3a, 0x73, 0x69, 0x6d, 0x70, 0x6c, 0x65, 0x54,
  0x79, 0x70, 0x65, 0x3e, 0x0d, 0x0a, 0x09, 0x09, 0x09, 0x09, 0x09, 0x09, 0x3c,
  0x2f, 0x78, 0x73, 0x3a, 0x65, 0x6c, 0x65, 0x6d, 0x65, 0x6e, 0x74, 0x3e, 0x0d,
  0x0a, 0x09, 0x09, 0x09, 0x09, 0x09, 0x09, 0x3c, 0x78, 0x73, 0x3a, 0x65, 0x6c,
  0x65, 0x6d, 0x65, 0x6e, 0x74, 0x20, 0x6e, 0x61, 0x6d, 0x65, 0x3d, 0x22, 0xd0,
  0xa4, 0xd0, 0x98, 0xd0, 0x9e, 0xd0, 0x9e, 0xd1, 0x82, 0xd0, 0xb2, 0x22, 0x20,
  0x74, 0x79, 0x70, 0x65, 0x3d, 0x22, 0xd0, 0xa4, 0xd0, 0x98, 0xd0, 0x9e, 0xd0,
  0xa2, 0xd0, 0xb8, 0xd0, 0xbf, 0x22, 0x3e, 0x0d, 0x0a, 0x09, 0x09, 0x09, 0x09,
  0x09, 0x09, 0x09, 0x3c, 0x78, 0x73, 0x3a, 0x61, 0x6e, 0x6e, 0x6f, 0x74, 0x61,
  0x74, 0x69, 0x6f, 0x6e, 0x3e, 0x0d, 0x0a, 0x09, 0x09, 0x09, 0x09, 0x09, 0x09,
  0x09, 0x09, 0x3c, 0x78, 0x73, 0x3a, 0x64, 0x6f, 0x63, 0x75, 0x6d, 0x65, 0x6e,
  0x74, 0x61, 0x74, 0x69, 0x6f, 0x6e, 0x3e, 0xd0, 0xa4, 0xd0, 0x98, 0xd0, 0x9e,
  0x20, 0xd0, 0xbb, 0xd0, 0xb8, 0xd1, 0x86, 0xd0, 0xb0, 0x2c, 0x20, 0xd0, 0xbf,
  0xd0, 0xbe, 0xd0, 0xb4, 0xd0, 0xbf, 0xd0, 0xb8, 0xd1, 0x81, 0xd0, 0xb0, 0xd0,
  0xb2, 0xd1, 0x88, 0xd0, 0xb5, 0xd0, 0xb3, 0xd0, 0xbe, 0x20, 0xd0, 0xb4, 0xd0,
  0xbe, 0xd0, 0xb2, 0xd0, 0xb5, 0xd1, 0x80, 0xd0, 0xb5, 0xd0, 0xbd, 0xd0, 0xbd,
  0xd0, 0xbe, 0xd1, 0x81, 0xd1, 0x82, 0xd1, 0x8c, 0x3c, 0x2f, 0x78, 0x73, 0x3a,
  0x64, 0x6f, 0x63, 0x75, 0x6d, 0x65, 0x6e, 0x74, 0x61, 0x74, 0x69, 0x6f, 0x6e,
  0x3e, 0x0d, 0x0a, 0x09, 0x09, 0x09, 0x09, 0x09, 0x09, 0x09, 0x3c, 0x2f, 0x78,
  0x73, 0x3a, 0x61, 0x6e, 0x6e, 0x6f, 0x74, 0x61, 0x74, 0x69, 0x6f, 0x6e, 0x3e,
  0x0d, 0x0a, 0x09, 0x09, 0x09, 0x09, 0x09, 0x09, 0x3c, 0x2f, 0x78, 0x73, 0x3a,
  0x65, 0x6c, 0x65, 0x6d, 0x65, 0x6e, 0x74, 0x3e, 0x0d, 0x0a, 0x09, 0x09, 0x09,
  0x09, 0x09, 0x3c, 0x2f, 0x78, 0x73, 0x3a, 0x73, 0x65, 0x71, 0x75, 0x65, 0x6e,
  0x63, 0x65, 0x3e, 0x0d, 0x0a, 0x09, 0x09, 0x09, 0x09, 0x3c, 0x2f, 0x78, 0x73,
  0x3a, 0x63, 0x6f, 0x6d, 0x70, 0x6c, 0x65, 0x78, 0x54, 0x79, 0x70, 0x65, 0x3e,
  0x0d, 0x0a, 0x09, 0x09, 0x09, 0x3c, 0x2f, 0x78, 0x73, 0x3a, 0x65, 0x6c, 0x65,
  0x6d, 0x65, 0x6e, 0x74, 0x3e, 0x0d, 0x0a, 0x09, 0x09, 0x09, 0x3c, 0x78, 0x73,
  0x3a, 0x65, 0x6c, 0x65, 0x6d, 0x65, 0x6e, 0x74, 0x20, 0x6e, 0x61, 0x6d, 0x65,
  0x3d, 0x22, 0xd0, 0x92, 0xd1, 0x80, 0xd0, 0xb8, 0xd0, 0xbe, 0xd0, 0x9d, 0xd0,
  0xbe, 0xd1, 0x82, 0x22, 0x20, 0x74, 0x79, 0x70, 0x65, 0x3d, 0x22, 0xd0, 0x92,
  0xd1, 0x80, 0xd0, 0xb8, 0xd0, 0xbe, 0xd0, 0x9d, 0xd0, 0xbe, 0xd1, 0x82, 0xd0,
  0xa2, 0xd0, 0xb8, 0xd0, 0xbf, 0x22, 0x20, 0x6d, 0x69, 0x6e, 0x4f, 0x63, 0x63,
  0x75, 0x72, 0x73, 0x3d, 0x22, 0x30, 0x22, 0x3e, 0x0d, 0x0a, 0x09, 0x09, 0x09,
  0x09, 0x3c, 0x78, 0x73, 0x3a, 0x61, 0x6e, 0x6e, 0x6f, 0x74, 0x61, 0x74, 0x69,
  0x6f, 0x6e, 0x3e, 0x0d, 0x0a, 0x09, 0x09, 0x09, 0x09, 0x09, 0x3c, 0x78, 0x73,
  0x3a, 0x64, 0x6f, 0x63, 0x75, 0x6d, 0x65, 0x6e, 0x74, 0x61, 0x74, 0x69, 0x6f,
  0x6e, 0x3e, 0xd0, 0x92, 0xd0, 0xa0, 0xd0, 0x98, 0xd0, 0x9e, 0x20, 0xd0, 0xbd,
  0xd0, 0xbe, 0xd1, 0x82, 0xd0, 0xb0, 0xd1, 0x80, 0xd0, 0xb8, 0xd1, 0x83, 0xd1,
  0x81, 0xd0, 0xb0, 0x3c, 0x2f, 0x78, 0x73, 0x3a, 0x64, 0x6f, 0x63, 0x75, 0x6d,
  0x65, 0x6e, 0x74, 0x61, 0x74, 0x69, 0x6f, 0x6e, 0x3e, 0x0d, 0x0a, 0x09, 0x09,
  0x09, 0x09, 0x3c, 0x2f, 0x78, 0x73, 0x3a, 0x61, 0x6e, 0x6e, 0x6f, 0x74, 0x61,
  0x74, 0x69, 0x6f, 0x6e, 0x3e, 0x0d, 0x0a, 0x09, 0x09, 0x09, 0x3c, 0x2f, 0x78,
  0x73, 0x3a, 0x65, 0x6c, 0x65, 0x6d, 0x65, 0x6e, 0x74, 0x3e, 0x0d, 0x0a, 0x09,
  0x09, 0x3c, 0x2f, 0x78, 0x73, 0x3a, 0x73, 0x65, 0x71, 0x75, 0x65, 0x6e, 0x63,
  0x65, 0x3e, 0x0d, 0x0a, 0x09, 0x09, 0x3c, 0x78, 0x73, 0x3a, 0x61, 0x74, 0x74,
  0x72, 0x69, 0x62, 0x75, 0x74, 0x65, 0x20, 0x6e, 0x61, 0x6d, 0x65, 0x3d, 0x22,
  0xd0, 0x9c, 0xd0, 0xb5, 0xd1, 0x81, 0xd1, 0x82, 0xd0, 0xbe, 0xd0, 0x94, 0xd0,
  0xbe, 0xd0, 0xb2, 0xd0, 0xb5, 0xd1, 0x80, 0x22, 0x20, 0x75, 0x73, 0x65, 0x3d,
  0x22, 0x72, 0x65, 0x71, 0x75, 0x69, 0x72, 0x65, 0x64, 0x22, 0x3e, 0x0d, 0x0a,
  0x09, 0x09, 0x09, 0x3c, 0x78, 0x73, 0x3a, 0x61, 0x6e, 0x6e, 0x6f, 0x74, 0x61,
  0x74, 0x69, 0x6f, 0x6e, 0x3e, 0x0d, 0x0a, 0x09, 0x09, 0x09, 0x09, 0x3c, 0x78,
  0x73, 0x3a, 0x64, 0x6f, 0x63, 0x75, 0x6d, 0x65, 0x6e, 0x74, 0x61, 0x74, 0x69,
  0x6f, 0x6e, 0x3e, 0xd0, 0x9c, 0xd0, 0xb5, 0xd1, 0x81, 0xd1, 0x82, 0xd0, 0xbe,
  0x20, 0xd1, 0x81, 0xd0, 0xbe, 0xd0, 0xb2, 0xd0, 0xb5, 0xd1, 0x80, 0xd1, 0x88,
  0xd0, 0xb5, 0xd0, 0xbd, 0xd0, 0xb8, 0xd1, 0x8f, 0x20, 0xd0, 0xb4, 0xd0, 0xbe,
  0xd0, 0xb2, 0xd0, 0xb5, 0xd1, 0x80, 0xd0, 0xb5, 0xd0, 0xbd, 0xd0, 0xbd, 0xd0,
  0xbe, 0xd1, 0x81, 0xd1, 0x82, 0xd0, 0xb8, 0x3c, 0x2f, 0x78, 0x73, 0x3a, 0x64,
  0x6f, 0x63, 0x75, 0x6d, 0x65, 0x6e, 0x74, 0x61, 0x74, 0x69, 0x6f, 0x6e, 0x3e,
  0x0d, 0x0a, 0x09, 0x09, 0x09, 0x3c, 0x2f, 0x78, 0x73, 0x3a, 0x61, 0x6e, 0x6e,
  0x6f, 0x74, 0x61, 0x74, 0x69, 0x6f, 0x6e, 0x3e, 0x0d, 0x0a, 0x09, 0x09, 0x09,
  0x3c, 0x78, 0x73, 0x3a, 0x73, 0x69, 0x6d, 0x70, 0x6c, 0x65, 0x54, 0x79, 0x70,
  0x65, 0x3e, 0x0d, 0x0a, 0x09, 0x09, 0x09, 0x09, 0x3c, 0x78, 0x73, 0x3a, 0x72,
  0x65, 0x73, 0x74, 0x72, 0x69, 0x63, 0x74, 0x69, 0x6f, 0x6e, 0x20, 0x62, 0x61,
  0x73, 0x65, 0x3d, 0x22, 0x78, 0x73, 0x3a, 0x73, 0x74, 0x72, 0x69, 0x6e, 0x67,
  0x22, 0x3e, 0x0d, 0x0a, 0x09, 0x09, 0x09, 0x09, 0x09, 0x3c, 0x78, 0x73, 0x3a,
  0x6d, 0x69, 0x6e, 0x4c, 0x65, 0x6e, 0x67, 0x74, 0x68, 0x20, 0x76, 0x61, 0x6c,
  0x75, 0x65, 0x3d, 0x22, 0x31, 0x22, 0x2f, 0x3e, 0x0d, 0x0a, 0x09, 0x09, 0x09,
  0x09, 0x09, 0x3c, 0x78, 0x73, 0x3a, 0x6d, 0x61, 0x78, 0x4c, 0x65, 0x6e, 0x67,
  0x74, 0x68, 0x20, 0x76, 0x61, 0x6c, 0x75, 0x65, 0x3d, 0x22, 0x32, 0x35, 0x30,
  0x22, 0x2f, 0x3e, 0x0d, 0x0a, 0x09, 0x09, 0x09, 0x09, 0x3c, 0x2f, 0x78, 0x73,
  0x3a, 0x72, 0x65, 0x73, 0x74, 0x72, 0x69, 0x63, 0x74, 0x69, 0x6f, 0x6e, 0x3e,
  0x0d, 0x0a, 0x09, 0x09, 0x09, 0x3c, 0x2f, 0x78, 0x73, 0x3a, 0x73, 0x69, 0x6d,
  0x70, 0x6c, 0x65, 0x54, 0x79, 0x70, 0x65, 0x3e, 0x0d, 0x0a, 0x09, 0x09, 0x3c,
  0x2f, 0x78, 0x73, 0x3a, 0x61, 0x74, 0x74, 0x72, 0x69, 0x62, 0x75, 0x74, 0x65,
  0x3e, 0x0d, 0x0a, 0x09, 0x09, 0x3c, 0x78, 0x73, 0x3a, 0x61, 0x74, 0x74, 0x72,
  0x69, 0x62, 0x75, 0x74, 0x65, 0x20, 0x6e, 0x61, 0x6d, 0x65, 0x3d, 0x22, 0xd0,
  0x9d, 0xd0, 0xb0, 0xd0, 0xbf, 0xd1, 0x80, 0xd0, 0x94, 0xd0, 0xbe, 0xd0, 0xba,
  0xd0, 0x94, 0xd0, 0xbe, 0xd0, 0xb2, 0xd0, 0x95, 0xd0, 0x9f, 0xd0, 0x93, 0xd0,
  0xa3, 0x22, 0x20, 0x75, 0x73, 0x65, 0x3d, 0x22, 0x6f, 0x70, 0x74, 0x69, 0x6f,
  0x6e, 0x61, 0x6c, 0x22, 0x3e, 0x0d, 0x0a, 0x09, 0x09, 0x09, 0x3c, 0x78, 0x73,
  0x3a, 0x61, 0x6e, 0x6e, 0x6f, 0x74, 0x61, 0x74, 0x69, 0x6f, 0x6e, 0x3e, 0x0d,
  0x0a, 0x09, 0x09, 0x09, 0x09, 0x3c, 0x78, 0x73, 0x3a, 0x64, 0x6f, 0x63, 0x75,
  0x6d, 0x65, 0x6e, 0x74, 0x61, 0x74, 0x69, 0x6f, 0x6e, 0x3e, 0xd0, 0x9d, 0xd0,
  0xb0, 0xd0, 0xbf, 0xd1, 0x80, 0xd0, 0xb0, 0xd0, 0xb2, 0xd0, 0xbb, 0xd0, 0xb5,
  0xd0, 0xbd, 0xd0, 0xb8, 0xd0, 0xb5, 0x20, 0xd1, 0x81, 0xd1, 0x84, 0xd0, 0xbe,
  0xd1, 0x80, 0xd0, 0xbc, 0xd0, 0xb8, 0xd1, 0x80, 0xd0, 0xbe, 0xd0, 0xb2, 0xd0,
  0xb0, 0xd0, 0xbd, 0xd0, 0xbd, 0xd0, 0xbe, 0xd0, 0xb3, 0xd0, 0xbe, 0x20, 0xd1,
  0x8d, 0xd0, 0xbb, 0xd0, 0xb5, 0xd0, 0xba, 0xd1, 0x82, 0xd1, 0x80, 0xd0, 0xbe,
  0xd0, 0xbd, 0xd0, 0xbd, 0xd0, 0xbe, 0xd0, 0xb3, 0xd0, 0xbe, 0x20, 0xd0, 0xb4,
  0xd0, 0xbe, 0xd0, 0xba, 0xd1, 0x83, 0xd0, 0xbc, 0xd0, 0xb5, 0xd0, 0xbd, 0xd1,
  0x82, 0xd0, 0xb0, 0x20, 0xd0, 0xb2, 0x20, 0xd0, 0x9b, 0xd0, 0x9a, 0x20, 0xd0,
  0xb4, 0xd0, 0xbe, 0xd0, 0xb2, 0xd0, 0xb5, 0xd1, 0x80, 0xd0, 0xb8, 0xd1, 0x82,
  0xd0, 0xb5, 0xd0, 0xbb, 0xd1, 0x8f, 0x20, 0xd0, 0xbd, 0xd0, 0xb0, 0x20, 0xd1,
  0x81, 0xd0, 0xb0, 0xd0, 0xb9, 0xd1, 0x82, 0xd0, 0xb5, 0x20, 0xd0, 0x95, 0xd0,
  0x9f, 0xd0, 0x93, 0xd0, 0xa3, 0x3c, 0x2f, 0x78, 0x73, 0x3a, 0x64, 0x6f, 0x63,
  0x75, 0x6d, 0x65, 0x6e, 0x74, 0x61, 0x74, 0x69, 0x6f, 0x6e, 0x3e, 0x0d, 0x0a,
  0x09, 0x09, 0x09, 0x3c, 0x2f, 0x78, 0x73, 0x3a, 0x61, 0x6e, 0x6e, 0x6f, 0x74,
  0x61, 0x74, 0x69, 0x6f, 0x6e, 0x3e, 0x0d, 0x0a, 0x09, 0x09, 0x09, 0x3c, 0x78,
  0x73, 0x3a, 0x73, 0x69, 0x6d, 0x70, 0x6c, 0x65, 0x54, 0x79, 0x70, 0x65, 0x3e,
  0x0d, 0x0a, 0x09, 0x09, 0x09, 0x09, 0x3c, 0x78, 0x73, 0x3a, 0x72, 0x65, 0x73,
  0x74, 0x72, 0x69, 0x63, 0x74, 0x69, 0x6f, 0x6e, 0x20, 0x62, 0x61, 0x73, 0x65,
  0x3d, 0x22, 0x78, 0x73, 0x3a, 0x73, 0x74, 0x72, 0x69, 0x6e, 0x67, 0x22, 0x3e,
  0x0d, 0x0a, 0x09, 0x09, 0x09, 0x09, 0x09, 0x3c, 0x78, 0x73, 0x3a, 0x6c, 0x65,
  0x6e, 0x67, 0x74, 0x68, 0x20, 0x76, 0x61, 0x6c, 0x75, 0x65, 0x3d, 0x22, 0x31,
  0x22, 0x2f, 0x3e, 0x0d, 0x0a, 0x09, 0x09, 0x09, 0x09, 0x09, 0x3c, 0x78, 0x73,
  0x3a, 0x65, 0x6e, 0x75, 0x6d, 0x65, 0x72, 0x61, 0x74, 0x69, 0x6f, 0x6e, 0x20,
  0x76, 0x61, 0x6c, 0x75, 0x65, 0x3d, 0x22, 0x30, 0x22, 0x2f, 0x3e, 0x0d, 0x0a,
  0x09, 0x09, 0x09, 0x09, 0x09, 0x3c, 0x78, 0x73, 0x3a, 0x65, 0x6e, 0x75, 0x6d,
  0x65, 0x72, 0x61, 0x74, 0x69, 0x6f, 0x6e, 0x20, 0x76, 0x61, 0x6c, 0x75, 0x65,
  0x3d, 0x22, 0x31, 0x22, 0x2f, 0x3e, 0x0d, 0x0a, 0x09, 0x09, 0x09, 0x09, 0x3c,
  0x2f, 0x78, 0x73, 0x3a, 0x72, 0x65, 0x73, 0x74, 0x72, 0x69, 0x63, 0x74, 0x69,
  0x6f, 0x6e, 0x3e, 0x0d, 0x0a, 0x09, 0x09, 0x09, 0x3c, 0x2f, 0x78, 0x73, 0x3a,
  0x73, 0x69, 0x6d, 0x70, 0x6c, 0x65, 0x54, 0x79, 0x70, 0x65, 0x3e, 0x0d, 0x0a,
  0x09, 0x09, 0x3c, 0x2f, 0x78, 0x73, 0x3a, 0x61, 0x74, 0x74, 0x72, 0x69, 0x62,
  0x75, 0x74, 0x65, 0x3e, 0x0d, 0x0a, 0x09, 0x09, 0x3c, 0x78, 0x73, 0x3a, 0x61,
  0x74, 0x74, 0x72, 0x69, 0x62, 0x75, 0x74, 0x65, 0x20, 0x6e, 0x61, 0x6d, 0x65,
  0x3d, 0x22, 0xd0, 0x9d, 0xd0, 0xb0, 0xd0, 0xbf, 0xd1, 0x80, 0xd0, 0x94, 0xd0,
  0xbe, 0xd0, 0xba, 0xd0, 0x9f, 0xd0, 0xbe, 0xd0, 0xb2, 0xd0, 0x95, 0xd0, 0x9f,
  0xd0, 0x93, 0xd0, 0xa3, 0x22, 0x20, 0x75, 0x73, 0x65, 0x3d, 0x22, 0x6f, 0x70,
  0x74, 0x69, 0x6f, 0x6e, 0x61, 0x6c, 0x22, 0x3e, 0x0d, 0x0a, 0x09, 0x09, 0x09,
  0x3c, 0x78, 0x73, 0x3a, 0x61, 0x6e, 0x6e, 0x6f, 0x74, 0x61, 0x74, 0x69, 0x6f,
  0x6e, 0x3e, 0x0d, 0x0a, 0x09, 0x09, 0x09, 0x09, 0x3c, 0x78, 0x73, 0x3a, 0x64,
  0x6f, 0x63, 0x75, 0x6d, 0x65, 0x6e, 0x74, 0x61, 0x74, 0x69, 0x6f, 0x6e, 0x3e,
  0xd0, 0x9d, 0xd0, 0xb0, 0xd0, 0xbf, 0xd1, 0x80, 0xd0, 0xb0, 0xd0, 0xb2, 0xd0,
  0xbb, 0xd0, 0xb5, 0xd0, 0xbd, 0xd0, 0xb8, 0xd0, 0xb5, 0x20, 0xd1, 0x81, 0xd1,
  0x84, 0xd0, 0xbe, 0xd1, 0x80, 0xd0, 0xbc, 0xd0, 0xb8, 0xd1, 0x80, 0xd0, 0xbe,
  0xd0, 0xb2, 0xd0, 0xb0, 0xd0, 0xbd, 0xd0, 0xbd, 0xd0, 0xbe, 0xd0, 0xb3, 0xd0,
  0xbe, 0x20, 0xd1, 0x8d, 0xd0, 0xbb, 0xd0, 0xb5, 0xd0, 0xba, 0xd1, 0x82, 0xd1,
  0x80, 0xd0, 0xbe, 0xd0, 0xbd, 0xd0, 0xbd, 0xd0, 0xbe, 0xd0, 0xb3, 0xd0, 0xbe,
  0x20, 0xd0, 0xb4, 0xd0, 0xbe, 0xd0, 0xba, 0xd1, 0x83, 0xd0, 0xbc, 0xd0, 0xb5,
  0xd0, 0xbd, 0xd1, 0x82, 0xd0, 0xb0, 0x20, 0xd0, 0xb2, 0x20, 0xd0, 0x9b, 0xd0,
  0x9a, 0x20, 0xd0, 0xbf, 0xd0, 0xbe, 0xd0, 0xb2, 0xd0, 0xb5, 0xd1, 0x80, 0xd0,
  0xb5, 0xd0, 0xbd, 0xd0, 0xbd, 0xd0, 0xbe, 0xd0, 0xb3, 0xd0, 0xbe, 0x20, 0xd0,
  0xbd, 0xd0, 0xb0, 0x20, 0xd1, 0x81, 0xd0, 0xb0, 0xd0, 0xb9, 0xd1, 0x82, 0xd0,
  0xb5, 0x20, 0xd0, 0x95, 0xd0, 0x9f, 0xd0, 0x93, 0xd0, 0xa3, 0x3c, 0x2f, 0x78,
  0x73, 0x3a, 0x64, 0x6f, 0x63, 0x75, 0x6d, 0x65, 0x6e, 0x74, 0x61, 0x74, 0x69,
  0x6f, 0x6e, 0x3e, 0x0d, 0x0a, 0x09, 0x09, 0x09, 0x3c, 0x2f, 0x78, 0x73, 0x3a,
  0x61, 0x6e, 0x6e, 0x6f, 0x74, 0x61, 0x74, 0x69, 0x6f, 0x6e, 0x3e, 0x0d, 0x0a,
  0x09, 0x09, 0x09, 0x3c, 0x78, 0x73, 0x3a, 0x73, 0x69, 0x6d, 0x70, 0x6c, 0x65,
  0x54, 0x79, 0x70, 0x65, 0x3e, 0x0d, 0x0a, 0x09, 0x09, 0x09, 0x09, 0x3c, 0x78,
  0x73, 0x3a, 0x72, 0x65, 0x73, 0x74, 0x72, 0x69, 0x63, 0x74, 0x69, 0x6f, 0x6e,
  0x20, 0x62, 0x61, 0x73, 0x65, 0x3d, 0x22, 0x78, 0x73, 0x3a, 0x73, 0x74, 0x72,
  0x69, 0x6e, 0x67, 0x22, 0x3e, 0x0d, 0x0a, 0x09, 0x09, 0x09, 0x09, 0x09, 0x3c,
  0x78, 0x73, 0x3a, 0x6c, 0x65, 0x6e, 0x67, 0x74, 0x68, 0x20, 0x76, 0x61, 0x6c,
  0x75, 0x65, 0x3d, 0x22, 0x31, 0x22, 0x2f, 0x3e, 0x0d, 0x0a, 0x09, 0x09, 0x09,
  0x09, 0x09, 0x3c, 0x78, 0x73, 0x3a, 0x65, 0x6e, 0x75, 0x6d, 0x65, 0x72, 0x61,
  0x74, 0x69, 0x6f, 0x6e, 0x20, 0x76, 0x61, 0x6c, 0x75, 0x65, 0x3d, 0x22, 0x30,
  0x22, 0x2f, 0x3e, 0x0d, 0x0a, 0x09, 0x09, 0x09, 0x09, 0x09, 0x3c, 0x78, 0x73,
  0x3a, 0x65, 0x6e, 0x75, 0x6d, 0x65, 0x72, 0x61, 0x74, 0x69, 0x6f, 0x6e, 0x20,
  0x76, 0x61, 0x6c, 0x75, 0x65, 0x3d, 0x22, 0x31, 0x22, 0x2f, 0x3e, 0x0d, 0x0a,
  0x09, 0x09, 0x09, 0x09, 0x3c, 0x2f, 0x78, 0x73, 0x3a, 0x72, 0x65, 0x73, 0x74,
  0x72, 0x69, 0x63, 0x74, 0x69, 0x6f, 0x6e, 0x3e, 0x0d, 0x0a, 0x09, 0x09, 0x09,
  0x3c, 0x2f, 0x78, 0x73, 0x3a, 0x73, 0x69, 0x6d, 0x70, 0x6c, 0x65, 0x54, 0x79,
  0x70, 0x65, 0x3e, 0x0d, 0x0a, 0x09, 0x09, 0x3c, 0x2f, 0x78, 0x73, 0x3a, 0x61,
  0x74, 0x74, 0x72, 0x69, 0x62, 0x75, 0x74, 0x65, 0x3e, 0x0d, 0x0a, 0x09, 0x09,
  0x3c, 0x78, 0x73, 0x3a, 0x61, 0x74, 0x74, 0x72, 0x69, 0x62, 0x75, 0x74, 0x65,
  0x20, 0x6e, 0x61, 0x6d, 0x65, 0x3d, 0x22, 0xd0, 0x9d, 0xd0, 0xb0, 0xd0, 0xbf,
  0xd1, 0x80, 0xd0, 0x94, 0xd0, 0xbe, 0xd0, 0xba, 0xd0, 0x97, 0xd0, 0xb2, 0xd0,
  0xbb, 0xd0, 0xa4, 0xd0, 0x9d, 0xd0, 0x9f, 0x22, 0x20, 0x75, 0x73, 0x65, 0x3d,
  0x22, 0x6f, 0x70, 0x74, 0x69, 0x6f, 0x6e, 0x61, 0x6c, 0x22, 0x3e, 0x0d, 0x0a,
  0x09, 0x09, 0x09, 0x3c, 0x78, 0x73, 0x3a, 0x61, 0x6e, 0x6e, 0x6f, 0x74, 0x61,
  0x74, 0x69, 0x6f, 0x6e, 0x3e, 0x0d, 0x0a, 0x09, 0x09, 0x09, 0x09, 0x3c, 0x78,
  0x73, 0x3a, 0x64, 0x6f, 0x63, 0x75, 0x6d, 0x65, 0x6e, 0x74, 0x61, 0x74, 0x69,
  0x6f, 0x6e, 0x3e, 0xd0, 0x9d, 0xd0, 0xb0, 0xd0, 0xbf, 0xd1, 0x80, 0xd0, 0xb0,
  0xd0, 0xb2, 0xd0, 0xbb, 0xd0, 0xb5, 0xd0, 0xbd, 0xd0, 0xb8, 0xd0, 0xb5, 0x20,
  0xd1, 0x81, 0xd1, 0x84, 0xd0, 0xbe, 0xd1, 0x80, 0xd0, 0xbc, 0xd0, 0xb8, 0xd1,
  0x80, 0xd0, 0xbe, 0xd0, 0xb2, 0xd0, 0xb0, 0xd0, 0xbd, 0xd0, 0xbd, 0xd0, 0xbe,
  0xd0, 0xb3, 0xd0, 0xbe, 0x20, 0xd1, 0x8d, 0xd0, 0xbb, 0xd0, 0xb5, 0xd0, 0xba,
  0xd1, 0x82, 0xd1, 0x80, 0xd0, 0xbe, 0xd0, 0xbd, 0xd0, 0xbd, 0xd0, 0xbe, 0xd0,
  0xb3, 0xd0, 0xbe, 0x20, 0xd0, 0xb4, 0xd0, 0xbe, 0xd0, 0xba, 0xd1, 0x83, 0xd0,
  0xbc, 0xd0, 0xb5, 0xd0, 0xbd, 0xd1, 0x82, 0xd0, 0xb0, 0x20, 0xd0, 0xb2, 0x20,
  0xd0, 0x9b, 0xd0, 0x9a, 0x20, 0xd0, 0xb7, 0xd0, 0xb0, 0xd1, 0x8f, 0xd0, 0xb2,
  0xd0, 0xb8, 0xd1, 0x82, 0xd0, 0xb5, 0xd0, 0xbb, 0xd1, 0x8f, 0x20, 0xd0, 0xbd,
  0xd0, 0xb0, 0x20, 0xd1, 0x81, 0xd0, 0xb0, 0xd0, 0xb9, 0xd1, 0x82, 0xd0, 0xb5,
  0x20, 0xd0, 0xa4, 0xd0, 0x9d, 0xd0, 0x9f, 0x3c, 0x2f, 0x78, 0x73, 0x3a, 0x64,
  0x6f, 0x63, 0x75, 0x6d, 0x65, 0x6e, 0x74, 0x61, 0x74, 0x69, 0x6f, 0x6e, 0x3e,
  0x0d, 0x0a, 0x09, 0x09, 0x09, 0x3c, 0x2f, 0x78, 0x73, 0x3a, 0x61, 0x6e, 0x6e,
  0x6f, 0x74, 0x61, 0x74, 0x69, 0x6f, 0x6e, 0x3e, 0x0d, 0x0a, 0x09, 0x09, 0x09,
  0x3c, 0x78, 0x73, 0x3a, 0x73, 0x69, 0x6d, 0x70, 0x6c, 0x65, 0x54, 0x79, 0x70,
  0x65, 0x3e, 0x0d, 0x0a, 0x09, 0x09, 0x09, 0x09, 0x3c, 0x78, 0x73, 0x3a, 0x72,
  0x65, 0x73, 0x74, 0x72, 0x69, 0x63, 0x74, 0x69, 0x6f, 0x6e, 0x20, 0x62, 0x61,
  0x73, 0x65, 0x3d, 0x22, 0x78, 0x73, 0x3a, 0x73, 0x74, 0x72, 0x69, 0x6e, 0x67,
  0x22, 0x3e, 0x0d, 0x0a, 0x09, 0x09, 0x09, 0x09, 0x09, 0x3c, 0x78, 0x73, 0x3a,
  0x6c, 0x65, 0x6e, 0x67, 0x74, 0x68, 0x20, 0x76, 0x61, 0x6c, 0x75, 0x65, 0x3d,
  0x22, 0x31, 0x22, 0x2f, 0x3e, 0x0d, 0x0a, 0x09, 0x09, 0x09, 0x09, 0x09, 0x3c,
  0x78, 0x73, 0x3a, 0x65, 0x6e, 0x75, 0x6d, 0x65, 0x72, 0x61, 0x74, 0x69, 0x6f,
  0x6e, 0x20, 0x76, 0x61, 0x6c, 0x75, 0x65, 0x3d, 0x22, 0x30, 0x22, 0x2f, 0x3e,
  0x0d, 0x0a, 0x09, 0x09, 0x09, 0x09, 0x09, 0x3c, 0x78, 0x73, 0x3a, 0x65, 0x6e,
  0x75, 0x6d, 0x65, 0x72, 0x61, 0x74, 0x69, 0x6f, 0x6e, 0x20, 0x76, 0x61, 0x6c,
  0x75, 0x65, 0x3d, 0x22, 0x31, 0x22, 0x2f, 0x3e, 0x0d, 0x0a, 0x09, 0x09, 0x09,
  0x09, 0x3c, 0x2f, 0x78, 0x73, 0x3a, 0x72, 0x65, 0x73, 0x74, 0x72, 0x69, 0x63,
  0x74, 0x69, 0x6f, 0x6e, 0x3e, 0x0d, 0x0a, 0x09, 0x09, 0x09, 0x3c, 0x2f, 0x78,
  0x73, 0x3a, 0x73, 0x69, 0x6d, 0x70, 0x6c, 0x65, 0x54, 0x79, 0x70, 0x65, 0x3e,
  0x0d, 0x0a, 0x09, 0x09, 0x3c, 0x2f, 0x78, 0x73, 0x3a, 0x61, 0x74, 0x74, 0x72,
  0x69, 0x62, 0x75, 0x74, 0x65, 0x3e, 0x0d, 0x0a, 0x09, 0x09, 0x3c, 0x78, 0x73,
  0x3a, 0x61, 0x74, 0x74, 0x72, 0x69, 0x62, 0x75, 0x74, 0x65, 0x20, 0x6e, 0x61,
  0x6d, 0x65, 0x3d, 0x22, 0xd0, 0x9d, 0xd0, 0xb0, 0xd0, 0xbf, 0xd1, 0x80, 0xd0,
  0x94, 0xd0, 0xbe, 0xd0, 0xba, 0xd0, 0x9f, 0xd0, 0xbe, 0xd0, 0xb2, 0xd0, 0xa4,
  0xd0, 0x9d, 0xd0, 0x9f, 0x22, 0x20, 0x75, 0x73, 0x65, 0x3d, 0x22, 0x6f, 0x70,
  0x74, 0x69, 0x6f, 0x6e, 0x61, 0x6c, 0x22, 0x3e, 0x0d, 0x0a, 0x09, 0x09, 0x09,
  0x3c, 0x78, 0x73, 0x3a, 0x61, 0x6e, 0x6e, 0x6f, 0x74, 0x61, 0x74, 0x69, 0x6f,
  0x6e, 0x3e, 0x0d, 0x0a, 0x09, 0x09, 0x09, 0x09, 0x3c, 0x78, 0x73, 0x3a, 0x64,
  0x6f, 0x63, 0x75, 0x6d, 0x65, 0x6e, 0x74, 0x61, 0x74, 0x69, 0x6f, 0x6e, 0x3e,
  0xd0, 0x9d, 0xd0, 0xb0, 0xd0, 0xbf, 0xd1, 0x80, 0xd0, 0xb0, 0xd0, 0xb2, 0xd0,
  0xbb, 0xd0, 0xb5, 0xd0, 0xbd, 0xd0, 0xb8, 0xd0, 0xb5, 0x20, 0xd1, 0x81, 0xd1,
  0x84, 0xd0, 0xbe, 0xd1, 0x80, 0xd0, 0xbc, 0xd0, 0xb8, 0xd1, 0x80, 0xd0, 0xbe,
  0xd0, 0xb2, 0xd0, 0xb0, 0xd0, 0xbd, 0xd0, 0xbd, 0xd0, 0xbe, 0xd0, 0xb3, 0xd0,
  0xbe, 0x20, 0xd1, 0x8d, 0xd0, 0xbb, 0xd0, 0xb5, 0xd0, 0xba, 0xd1, 0x82, 0xd1,
  0x80, 0xd0, 0xbe, 0xd0, 0xbd, 0xd0, 0xbd, 0xd0, 0xbe, 0xd0, 0xb3, 0xd0, 0xbe,
  0x20, 0xd0, 0xb4, 0xd0, 0xbe, 0xd0, 0xba, 0xd1, 0x83, 0xd0, 0xbc, 0xd0, 0xb5,
  0xd0, 0xbd, 0xd1, 0x82, 0xd0, 0xb0, 0x20, 0xd0, 0xb2, 0x20, 0xd0, 0x9b, 0xd0,
  0x9a, 0x20, 0xd0, 0xbf, 0xd0, 0xbe, 0xd0, 0xb2, 0xd0, 0xb5, 0xd1, 0x80, 0xd0,
  0xb5, 0xd0, 0xbd, 0xd0, 0xbd, 0xd0, 0xbe, 0xd0, 0xb3, 0xd0, 0xbe, 0x20, 0xd0,
  0xbd, 0xd0, 0xb0, 0x20, 0xd1, 0x81, 0xd0, 0xb0, 0xd0, 0xb9, 0xd1, 0x82, 0xd0,
  0xb5, 0x20, 0xd0, 0xa4, 0xd0, 0x9d, 0xd0, 0x9f, 0x3c, 0x2f, 0x78, 0x73, 0x3a,
  0x64, 0x6f, 0x63, 0x75, 0x6d, 0x65, 0x6e, 0x74, 0x61, 0x74, 0x69, 0x6f, 0x6e,
  0x3e, 0x0d, 0x0a, 0x09, 0x09, 0x09, 0x3c, 0x2f, 0x78, 0x73, 0x3a, 0x61, 0x6e,
  0x6e, 0x6f, 0x74, 0x61, 0x74, 0x69, 0x6f, 0x6e, 0x3e, 0x0d, 0x0a, 0x09, 0x09,
  0x09, 0x3c, 0x78, 0x73, 0x3a, 0x73, 0x69, 0x6d, 0x70, 0x6c, 0x65, 0x54, 0x79,
  0x70, 0x65, 0x3e, 0x0d, 0x0a, 0x09, 0x09, 0x09, 0x09, 0x3c, 0x78, 0x73, 0x3a,
  0x72, 0x65, 0x73, 0x74, 0x72, 0x69, 0x63, 0x74, 0x69, 0x6f, 0x6e, 0x20, 0x62,
  0x61, 0x73, 0x65, 0x3d, 0x22, 0x78, 0x73, 0x3a, 0x73, 0x74, 0x72, 0x69, 0x6e,
  0x67, 0x22, 0x3e, 0x0d, 0x0a, 0x09, 0x09, 0x09, 0x09, 0x09, 0x3c, 0x78, 0x73,
  0x3a, 0x6c, 0x65, 0x6e, 0x67, 0x74, 0x68, 0x20, 0x76, 0x61, 0x6c, 0x75, 0x65,
  0x3d, 0x22, 0x31, 0x22, 0x2f, 0x3e, 0x0d, 0x0a, 0x09, 0x09, 0x09, 0x09, 0x09,
  0x3c, 0x78, 0x73, 0x3a, 0x65, 0x6e, 0x75, 0x6d, 0x65, 0x72, 0x61, 0x74, 0x69,
  0x6f, 0x6e, 0x20, 0x76, 0x61, 0x6c, 0x75, 0x65, 0x3d, 0x22, 0x30, 0x22, 0x2f,
  0x3e, 0x0d, 0x0a, 0x09, 0x09, 0x09, 0x09, 0x09, 0x3c, 0x78, 0x73, 0x3a, 0x65,
  0x6e, 0x75, 0x6d, 0x65, 0x72, 0x61, 0x74, 0x69, 0x6f, 0x6e, 0x20, 0x76, 0x61,
  0x6c, 0x75, 0x65, 0x3d, 0x22, 0x31, 0x22, 0x2f, 0x3e, 0x0d, 0x0a, 0x09, 0x09,
  0x09, 0x09, 0x3c, 0x2f, 0x78, 0x73, 0x3a, 0x72, 0x65, 0x73, 0x74, 0x72, 0x69,
  0x63, 0x74, 0x69, 0x6f, 0x6e, 0x3e, 0x0d, 0x0a, 0x09, 0x09, 0x09, 0x3c, 0x2f,
  0x78, 0x73, 0x3a, 0x73, 0x69, 0x6d, 0x70, 0x6c, 0x65, 0x54, 0x79, 0x70, 0x65,
  0x3e, 0x0d, 0x0a, 0x09, 0x09, 0x3c, 0x2f, 0x78, 0x73, 0x3a, 0x61, 0x74, 0x74,
  0x72, 0x69, 0x62, 0x75, 0x74, 0x65, 0x3e, 0x0d, 0x0a, 0x09, 0x09, 0x3c, 0x78,
  0x73, 0x3a, 0x61, 0x74, 0x74, 0x72, 0x69, 0x62, 0x75, 0x74, 0x65, 0x20, 0x6e,
  0x61, 0x6d, 0x65, 0x3d, 0x22, 0xd0, 0xa3, 0xd0, 0xbf, 0xd0, 0xbb, 0xd0, 0x9d,
  0xd0, 0xbe, 0xd1, 0x82, 0xd0, 0x94, 0xd0, 0xb5, 0xd0, 0xb9, 0xd1, 0x81, 0xd1,
  0x82, 0x22, 0x20, 0x75, 0x73, 0x65, 0x3d, 0x22, 0x72, 0x65, 0x71, 0x75, 0x69,
  0x72, 0x65, 0x64, 0x22, 0x3e, 0x0d, 0x0a, 0x09, 0x09, 0x09, 0x3c, 0x78, 0x73,
  0x3a, 0x61, 0x6e, 0x6e, 0x6f, 0x74, 0x61, 0x74, 0x69, 0x6f, 0x6e, 0x3e, 0x0d,
  0x0a, 0x09, 0x09, 0x09, 0x09, 0x3c, 0x78, 0x73, 0x3a, 0x64, 0x6f, 0x63, 0x75,
  0x6d, 0x65, 0x6e, 0x74, 0x61, 0x74, 0x69, 0x6f, 0x6e, 0x3e, 0xd0, 0xa1, 0xd0,
  0xb2, 0xd0, 0xb5, 0xd0, 0xb4, 0xd0, 0xb5, 0xd0, 0xbd, 0xd0, 0xb8, 0xd1, 0x8f,
  0x20, 0xd0, 0xbe, 0xd0, 0xb1, 0x20, 0xd1, 0x83, 0xd0, 0xbf, 0xd0, 0xbb, 0xd0,
  0xb0, 0xd1, 0x82, 0xd0, 0xb5, 0x20, 0xd0, 0xb7, 0xd0, 0xb0, 0x20, 0xd1, 0x81,
  0xd0, 0xbe, 0xd0, 0xb2, 0xd0, 0xb5, 0xd1, 0x80, 0xd1, 0x88, 0xd0, 0xb5, 0xd0,
  0xbd, 0xd0, 0xb8, 0xd0, 0xb5, 0x20, 0xd0, 0xbd, 0xd0, 0xbe, 0xd1, 0x82, 0xd0,
  0xb0, 0xd1, 0x80, 0xd0, 0xb8, 0xd0, 0xb0, 0xd0, 0xbb, 0xd1, 0x8c, 0xd0, 0xbd,
  0xd0, 0xbe, 0xd0, 0xb3, 0xd0, 0xbe, 0x20, 0xd0, 0xb4, 0xd0, 0xb5, 0xd0, 0xb9,
  0xd1, 0x81, 0xd1, 0x82, 0xd0, 0xb2, 0xd0, 0xb8, 0xd1, 0x8f, 0x3c, 0x2f, 0x78,
  0x73, 0x3a, 0x64, 0x6f, 0x63, 0x75, 0x6d, 0x65, 0x6e, 0x74, 0x61, 0x74, 0x69,
  0x6f, 0x6e, 0x3e, 0x0d, 0x0a, 0x09, 0x09, 0x09, 0x3c, 0x2f, 0x78, 0x73, 0x3a,
  0x61, 0x6e, 0x6e, 0x6f, 0x74, 0x61, 0x74, 0x69, 0x6f, 0x6e, 0x3e, 0x0d, 0x0a,
  0x09, 0x09, 0x09, 0x3c, 0x78, 0x73, 0x3a, 0x73, 0x69, 0x6d, 0x70, 0x6c, 0x65,
  0x54, 0x79, 0x70, 0x65, 0x3e, 0x0d, 0x0a, 0x09, 0x09, 0x09, 0x09, 0x3c, 0x78,
  0x73, 0x3a, 0x72, 0x65, 0x73, 0x74, 0x72, 0x69, 0x63, 0x74, 0x69, 0x6f, 0x6e,
  0x20, 0x62, 0x61, 0x73, 0x65, 0x3d, 0x22, 0x78, 0x73, 0x3a, 0x64, 0x65, 0x63,
  0x69, 0x6d, 0x61, 0x6c, 0x22, 0x3e, 0x0d, 0x0a, 0x09, 0x09, 0x09, 0x09, 0x09,
  0x3c, 0x78, 0x73, 0x3a, 0x74, 0x6f, 0x74, 0x61, 0x6c, 0x44, 0x69, 0x67, 0x69,
  0x74, 0x73, 0x20, 0x76, 0x61, 0x6c, 0x75, 0x65, 0x3d, 0x22, 0x31, 0x30, 0x22,
  0x2f, 0x3e, 0x0d, 0x0a, 0x09, 0x09, 0x09, 0x09, 0x09, 0x3c, 0x78, 0x73, 0x3a,
  0x66, 0x72, 0x61, 0x63, 0x74, 0x69, 0x6f, 0x6e, 0x44, 0x69, 0x67, 0x69, 0x74,
  0x73, 0x20, 0x76, 0x61, 0x6c, 0x75, 0x65, 0x3d, 0x22, 0x32, 0x22, 0x2f, 0x3e,
  0x0d, 0x0a, 0x09, 0x09, 0x09, 0x09, 0x3c, 0x2f, 0x78, 0x73, 0x3a, 0x72, 0x65,
  0x73, 0x74, 0x72, 0x69, 0x63, 0x74, 0x69, 0x6f, 0x6e, 0x3e, 0x0d, 0x0a, 0x09,
  0x09, 0x09, 0x3c, 0x2f, 0x78, 0x73, 0x3a, 0x73, 0x69, 0x6d, 0x70, 0x6c, 0x65,
  0x54, 0x79, 0x70, 0x65, 0x3e, 0x0d, 0x0a, 0x09, 0x09, 0x3c, 0x2f, 0x78, 0x73,
  0x3a, 0x61, 0x74, 0x74, 0x72, 0x69, 0x62, 0x75, 0x74, 0x65, 0x3e, 0x0d, 0x0a,
  0x09, 0x09, 0x3c, 0x78, 0x73, 0x3a, 0x61, 0x74, 0x74, 0x72, 0x69, 0x62, 0x75,
  0x74, 0x65, 0x20, 0x6e, 0x61, 0x6d, 0x65, 0x3d, 0x22, 0xd0, 0x9b, 0xd1, 0x8c,
  0xd0, 0xb3, 0xd0, 0xbe, 0xd1, 0x82, 0xd0, 0xb0, 0xd0, 0xa1, 0xd1, 0x83, 0xd0,
  0xbc, 0x22, 0x20, 0x75, 0x73, 0x65, 0x3d, 0x22, 0x6f, 0x70, 0x74, 0x69, 0x6f,
  0x6e, 0x61, 0x6c, 0x22, 0x3e, 0x0d, 0x0a, 0x09, 0x09, 0x09, 0x3c, 0x78, 0x73,
  0x3a, 0x61, 0x6e, 0x6e, 0x6f, 0x74, 0x61, 0x74, 0x69, 0x6f, 0x6e, 0x3e, 0x0d,
  0x0a, 0x09, 0x09, 0x09, 0x09, 0x3c, 0x78, 0x73, 0x3a, 0x64, 0x6f, 0x63, 0x75,
  0x6d, 0x65, 0x6e, 0x74, 0x61, 0x74, 0x69, 0x6f, 0x6e, 0x3e, 0xd0, 0x9f, 0xd1,
  0x80, 0xd0, 0xb5, 0xd0, 0xb4, 0xd0, 0xbe, 0xd1, 0x81, 0xd1, 0x82, 0xd0, 0xb0,
  0xd0, 0xb2, 0xd0, 0xbb, 0xd0, 0xb5, 0xd0, 0xbd, 0xd0, 0xbd, 0xd0, 0xb0, 0xd1,
  0x8f, 0x20, 0xd0, 0xbb, 0xd1, 0x8c, 0xd0, 0xb3, 0xd0, 0xbe, 0xd1, 0x82, 0xd0,
  0xb0, 0x20, 0xd0, 0xbd, 0xd0, 0xb0, 0x20, 0xd1, 0x81, 0xd1, 0x83, 0xd0, 0xbc,
  0xd0, 0xbc, 0xd1, 0x83, 0x3c, 0x2f, 0x78, 0x73, 0x3a, 0x64, 0x6f, 0x63, 0x75,
  0x6d, 0x65, 0x6e, 0x74, 0x61, 0x74, 0x69, 0x6f, 0x6e, 0x3e, 0x0d, 0x0a, 0x09,
  0x09, 0x09, 0x3c, 0x2f, 0x78, 0x73, 0x3a, 0x61, 0x6e, 0x6e, 0x6f, 0x74, 0x61,
  0x74, 0x69, 0x6f, 0x6e, 0x3e, 0x0d, 0x0a, 0x09, 0x09, 0x09, 0x3c, 0x78, 0x73,
  0x3a, 0x73, 0x69, 0x6d, 0x70, 0x6c, 0x65, 0x54, 0x79, 0x70, 0x65, 0x3e, 0x0d,
  0x0a, 0x09, 0x09, 0x09, 0x09, 0x3c, 0x78, 0x73, 0x3a, 0x72, 0x65, 0x73, 0x74,
  0x72, 0x69, 0x63, 0x74, 0x69, 0x6f, 0x6e, 0x20, 0x62, 0x61, 0x73, 0x65, 0x3d,
  0x22, 0x78, 0x73, 0x3a, 0x64, 0x65, 0x63, 0x69, 0x6d, 0x61, 0x6c, 0x22, 0x3e,
  0x0d, 0x0a, 0x09, 0x09, 0x09, 0x09, 0x09, 0x3c, 0x78, 0x73, 0x3a, 0x74, 0x6f,
  0x74, 0x61, 0x6c, 0x44, 0x69, 0x67, 0x69, 0x74, 0x73, 0x20, 0x76, 0x61, 0x6c,
  0x75, 0x65, 0x3d, 0x22, 0x31, 0x30, 0x22, 0x2f, 0x3e, 0x0d, 0x0a, 0x09, 0x09,
  0x09, 0x09, 0x09, 0x3c, 0x78, 0x73, 0x3a, 0x66, 0x72, 0x61, 0x63, 0x74, 0x69,
  0x6f, 0x6e, 0x44, 0x69, 0x67, 0x69, 0x74, 0x73, 0x20, 0x76, 0x61, 0x6c, 0x75,
  0x65, 0x3d, 0x22, 0x32, 0x22, 0x2f, 0x3e, 0x0d, 0x0a, 0x09, 0x09, 0x09, 0x09,
  0x3c, 0x2f, 0x78, 0x73, 0x3a, 0x72, 0x65, 0x73, 0x74, 0x72, 0x69, 0x63, 0x74,
  0x69, 0x6f, 0x6e, 0x3e, 0x0d, 0x0a, 0x09, 0x09, 0x09, 0x3c, 0x2f, 0x78, 0x73,
  0x3a, 0x73, 0x69, 0x6d, 0x70, 0x6c, 0x65, 0x54, 0x79, 0x70, 0x65, 0x3e, 0x0d,
  0x0a, 0x09, 0x09, 0x3c, 0x2f, 0x78, 0x73, 0x3a, 0x61, 0x74, 0x74, 0x72, 0x69,
  0x62, 0x75, 0x74, 0x65, 0x3e, 0x0d, 0x0a, 0x09, 0x09, 0x3c, 0x78, 0x73, 0x3a,
  0x61, 0x74, 0x74, 0x72, 0x69, 0x62, 0x75, 0x74, 0x65, 0x20, 0x6e, 0x61, 0x6d,
  0x65, 0x3d, 0x22, 0xd0, 0x94, 0xd1, 0x80, 0xd0, 0x98, 0xd0, 0xbd, 0xd1, 0x84,
  0xd0, 0xa1, 0xd0, 0xb8, 0xd1, 0x81, 0xd1, 0x82, 0x22, 0x20, 0x75, 0x73, 0x65,
  0x3d, 0x22, 0x6f, 0x70, 0x74, 0x69, 0x6f, 0x6e, 0x61, 0x6c, 0x22, 0x3e, 0x0d,
  0x0a, 0x09, 0x09, 0x09, 0x3c, 0x78, 0x73, 0x3a, 0x61, 0x6e, 0x6e, 0x6f, 0x74,
  0x61, 0x74, 0x69, 0x6f, 0x6e, 0x3e, 0x0d, 0x0a, 0x09, 0x09, 0x09, 0x09, 0x3c,
  0x78, 0x73, 0x3a, 0x64, 0x6f, 0x63, 0x75, 0x6d, 0x65, 0x6e, 0x74, 0x61, 0x74,
  0x69, 0x6f, 0x6e, 0x3e, 0xd0, 0xa1, 0xd0, 0xbf, 0xd0, 0xbe, 0xd1, 0x81, 0xd0,
  0xbe, 0xd0, 0xb1, 0x20, 0xd0, 0xb2, 0xd1, 0x8b, 0xd0, 0xb4, 0xd0, 0xb0, 0xd1,
  0x87, 0xd0, 0xb8, 0x20, 0xd1, 0x8d, 0xd0, 0xbb, 0xd0, 0xb5, 0xd0, 0xba, 0xd1,
  0x82, 0xd1, 0x80, 0xd0, 0xbe, 0xd0, 0xbd, 0xd0, 0xbd, 0xd0, 0xbe, 0xd0, 0xb3,
  0xd0, 0xbe, 0x20, 0xd0, 0xbd, 0xd0, 0xbe, 0xd1, 0x82, 0xd0, 0xb0, 0xd1, 0x80,
  0xd0, 0xb8, 0xd0, 0xb0, 0xd0, 0xbb, 0xd1, 0x8c, 0xd0, 0xbd, 0xd0, 0xbe, 0xd0,
  0xb3, 0xd0, 0xbe, 0x20, 0xd0, 0xb4, 0xd0, 0xbe, 0xd0, 0xba, 0xd1, 0x83, 0xd0,
  0xbc, 0xd0, 0xb5, 0xd0, 0xbd, 0xd1, 0x82, 0xd0, 0xb0, 0x3c, 0x2f, 0x78, 0x73,
  0x3a, 0x64, 0x6f, 0x63, 0x75, 0x6d, 0x65, 0x6e, 0x74, 0x61, 0x74, 0x69, 0x6f,
  0x6e, 0x3e, 0x0d, 0x0a, 0x09, 0x09, 0x09, 0x3c, 0x2f, 0x78, 0x73, 0x3a, 0x61,
  0x6e, 0x6e, 0x6f, 0x74, 0x61, 0x74, 0x69, 0x6f, 0x6e, 0x3e, 0x0d, 0x0a, 0x09,
  0x09, 0x09, 0x3c, 0x78, 0x73, 0x3a, 0x73, 0x69, 0x6d, 0x70, 0x6c, 0x65, 0x54,
  0x79, 0x70, 0x65, 0x3e, 0x0d, 0x0a, 0x09, 0x09, 0x09, 0x09, 0x3c, 0x78, 0x73,
  0x3a, 0x72, 0x65, 0x73, 0x74, 0x72, 0x69, 0x63, 0x74, 0x69, 0x6f, 0x6e, 0x20,
  0x62, 0x61, 0x73, 0x65, 0x3d, 0x22, 0x78, 0x73, 0x3a, 0x73, 0x74, 0x72, 0x69,
  0x6e, 0x67, 0x22, 0x3e, 0x0d, 0x0a, 0x09, 0x09, 0x09, 0x09, 0x09, 0x3c, 0x78,
  0x73, 0x3a, 0x6d, 0x69, 0x6e, 0x4c, 0x65, 0x6e, 0x67, 0x74, 0x68, 0x20, 0x76,
  0x61, 0x6c, 0x75, 0x65, 0x3d, 0x22, 0x31, 0x22, 0x2f, 0x3e, 0x0d, 0x0a, 0x09,
  0x09, 0x09, 0x09, 0x09, 0x3c, 0x78, 0x73, 0x3a, 0x6d, 0x61, 0x78, 0x4c, 0x65,
  0x6e, 0x67, 0x74, 0x68, 0x20, 0x76, 0x61, 0x6c, 0x75, 0x65, 0x3d, 0x22, 0x32,
  0x35, 0x35, 0x22, 0x2f, 0x3e, 0x0d, 0x0a, 0x09, 0x09, 0x09, 0x09, 0x3c, 0x2f,
  0x78, 0x73, 0x3a, 0x72, 0x65, 0x73, 0x74, 0x72, 0x69, 0x63, 0x74, 0x69, 0x6f,
  0x6e, 0x3e, 0x0d, 0x0a, 0x09, 0x09, 0x09, 0x3c, 0x2f, 0x78, 0x73, 0x3a, 0x73,
  0x69, 0x6d, 0x70, 0x6c, 0x65, 0x54, 0x79, 0x70, 0x65, 0x3e, 0x0d, 0x0a, 0x09,
  0x09, 0x3c, 0x2f, 0x78, 0x73, 0x3a, 0x61, 0x74, 0x74, 0x72, 0x69, 0x62, 0x75,
  0x74, 0x65, 0x3e, 0x0d, 0x0a, 0x09, 0x09, 0x3c, 0x78, 0x73, 0x3a, 0x61, 0x74,
  0x74, 0x72, 0x69, 0x62, 0x75, 0x74, 0x65, 0x20, 0x6e, 0x61, 0x6d, 0x65, 0x3d,
  0x22, 0xd0, 0x94, 0xd1, 0x80, 0xd0, 0xa1, 0xd0, 0xbf, 0xd0, 0xbe, 0xd1, 0x81,
  0xd0, 0x92, 0xd1, 0x8b, 0xd0, 0xb4, 0x22, 0x20, 0x75, 0x73, 0x65, 0x3d, 0x22,
  0x6f, 0x70, 0x74, 0x69, 0x6f, 0x6e, 0x61, 0x6c, 0x22, 0x3e, 0x0d, 0x0a, 0x09,
  0x09, 0x09, 0x3c, 0x78, 0x73, 0x3a, 0x61, 0x6e, 0x6e, 0x6f, 0x74, 0x61, 0x74,
  0x69, 0x6f, 0x6e, 0x3e, 0x0d, 0x0a, 0x09, 0x09, 0x09, 0x09, 0x3c, 0x78, 0x73,
  0x3a, 0x64, 0x6f, 0x63, 0x75, 0x6d, 0x65, 0x6e, 0x74, 0x61, 0x74, 0x69, 0x6f,
  0x6e, 0x3e, 0xd0, 0x98, 0xd0, 0xbd, 0xd0, 0xbe, 0xd0, 0xb9, 0x20, 0xd1, 0x81,
  0xd0, 0xbf, 0xd0, 0xbe, 0xd1, 0x81, 0xd0, 0xbe, 0xd0, 0xb1, 0x20, 0xd0, 0xb2,
  0xd1, 0x8b, 0xd0, 0xb4, 0xd0, 0xb0, 0xd1, 0x87, 0xd0, 0xb8, 0x3c, 0x2f, 0x78,
  0x73, 0x3a, 0x64, 0x6f, 0x63, 0x75, 0x6d, 0x65, 0x6e, 0x74, 0x61, 0x74, 0x69,
  0x6f, 0x6e, 0x3e, 0x0d, 0x0a, 0x09, 0x09, 0x09, 0x3c, 0x2f, 0x78, 0x73, 0x3a,
  0x61, 0x6e, 0x6e, 0x6f, 0x74, 0x61, 0x74, 0x69, 0x6f, 0x6e, 0x3e, 0x0d, 0x0a,
  0x09, 0x09, 0x09, 0x3c, 0x78, 0x73, 0x3a, 0x73, 0x69, 0x6d, 0x70, 0x6c, 0x65,
  0x54, 0x79, 0x70, 0x65, 0x3e, 0x0d, 0x0a, 0x09, 0x09, 0x09, 0x09, 0x3c, 0x78,
  0x73, 0x3a, 0x72, 0x65, 0x73, 0x74, 0x72, 0x69, 0x63, 0x74, 0x69, 0x6f, 0x6e,
  0x20, 0x62, 0x61, 0x73, 0x65, 0x3d, 0x22, 0x78, 0x73, 0x3a, 0x73, 0x74, 0x72,
  0x69, 0x6e, 0x67, 0x22, 0x3e, 0x0d, 0x0a, 0x09, 0x09, 0x09, 0x09, 0x09, 0x3c,
  0x78, 0x73, 0x3a, 0x6d, 0x69, 0x6e, 0x4c, 0x65, 0x6e, 0x67, 0x74, 0x68, 0x20,
  0x76, 0x61, 0x6c, 0x75, 0x65, 0x3d, 0x22, 0x31, 0x22, 0x2f, 0x3e, 0x0d, 0x0a,
  0x09, 0x09, 0x09, 0x09, 0x09, 0x3c, 0x78, 0x73, 0x3a, 0x6d, 0x61, 0x78, 0x4c,
  0x65, 0x6e, 0x67, 0x74, 0x68, 0x20, 0x76, 0x61, 0x6c, 0x75, 0x65, 0x3d, 0x22,
  0x32, 0x35, 0x35, 0x22, 0x2f, 0x3e, 0x0d, 0x0a, 0x09, 0x09, 0x09, 0x09, 0x3c,
  0x2f, 0x78, 0x73, 0x3a, 0x72, 0x65, 0x73, 0x74, 0x72, 0x69, 0x63, 0x74, 0x69,
  0x6f, 0x6e, 0x3e, 0x0d, 0x0a, 0x09, 0x09, 0x09, 0x3c, 0x2f, 0x78, 0x73, 0x3a,
  0x73, 0x69, 0x6d, 0x70, 0x6c, 0x65, 0x54, 0x79, 0x70, 0x65, 0x3e, 0x0d, 0x0a,
  0x09, 0x09, 0x3c, 0x2f, 0x78, 0x73, 0x3a, 0x61, 0x74, 0x74, 0x72, 0x69, 0x62,
  0x75, 0x74, 0x65, 0x3e, 0x0d, 0x0a, 0x09, 0x09, 0x3c, 0x78, 0x73, 0x3a, 0x61,
  0x74, 0x74, 0x72, 0x69, 0x62, 0x75, 0x74, 0x65, 0x20, 0x6e, 0x61, 0x6d, 0x65,
  0x3d, 0x22, 0xd0, 0x94, 0xd0, 0xbe, 0xd0, 0xbf, 0xd0, 0xa1, 0xd0, 0xb2, 0xd0,
  0x9d, 0xd0, 0xbe, 0xd1, 0x82, 0xd0, 0x94, 0xd0, 0xbe, 0xd0, 0xb2, 0xd0, 0xb5,
  0xd1, 0x80, 0x22, 0x20, 0x75, 0x73, 0x65, 0x3d, 0x22, 0x6f, 0x70, 0x74, 0x69,
  0x6f, 0x6e, 0x61, 0x6c, 0x22, 0x3e, 0x0d, 0x0a, 0x09, 0x09, 0x09, 0x3c, 0x78,
  0x73, 0x3a, 0x61, 0x6e, 0x6e, 0x6f, 0x74, 0x61, 0x74, 0x69, 0x6f, 0x6e, 0x3e,
  0x0d, 0x0a, 0x09, 0x09, 0x09, 0x09, 0x3c, 0x78, 0x73, 0x3a, 0x64, 0x6f, 0x63,
  0x75, 0x6d, 0x65, 0x6e, 0x74, 0x61, 0x74, 0x69, 0x6f, 0x6e, 0x3e, 0xd0, 0x94,
  0xd0, 0xbe, 0xd0, 0xbf, 0xd0, 0xbe, 0xd0, 0xbb, 0xd0, 0xbd, 0xd0, 0xb8, 0xd1,
  0x82, 0xd0, 0xb5, 0xd0, 0xbb, 0xd1, 0x8c, 0xd0, 0xbd, 0xd1, 0x8b, 0xd0, 0xb5,
  0x20, 0xd1, 0x81, 0xd0, 0xb2, 0xd0, 0xb5, 0xd0, 0xb4, 0xd0, 0xb5, 0xd0, 0xbd,
  0xd0, 0xb8, 0xd1, 0x8f, 0x3c, 0x2f, 0x78, 0x73, 0x3a, 0x64, 0x6f, 0x63, 0x75,
  0x6d, 0x65, 0x6e, 0x74, 0x61, 0x74, 0x69, 0x6f, 0x6e, 0x3e, 0x0d, 0x0a, 0x09,
  0x09, 0x09, 0x3c, 0x2f, 0x78, 0x73, 0x3a, 0x61, 0x6e, 0x6e, 0x6f, 0x74, 0x61,
  0x74, 0x69, 0x6f, 0x6e, 0x3e, 0x0d, 0x0a, 0x09, 0x09, 0x09, 0x3c, 0x78, 0x73,
  0x3a, 0x73, 0x69, 0x6d, 0x70, 0x6c, 0x65, 0x54, 0x79, 0x70, 0x65, 0x3e, 0x0d,
  0x0a, 0x09, 0x09, 0x09, 0x09, 0x3c, 0x78, 0x73, 0x3a, 0x72, 0x65, 0x73, 0x74,
  0x72, 0x69, 0x63, 0x74, 0x69, 0x6f, 0x6e, 0x20, 0x62, 0x61, 0x73, 0x65, 0x3d,
  0x22, 0x78, 0x73, 0x3a, 0x73, 0x74, 0x72, 0x69, 0x6e, 0x67, 0x22, 0x3e, 0x0d,
  0x0a, 0x09, 0x09, 0x09, 0x09, 0x09, 0x3c, 0x78, 0x73, 0x3a, 0x6d, 0x69, 0x6e,
  0x4c, 0x65, 0x6e, 0x67, 0x74, 0x68, 0x20, 0x76, 0x61, 0x6c, 0x75, 0x65, 0x3d,
  0x22, 0x31, 0x22, 0x2f, 0x3e, 0x0d, 0x0a, 0x09, 0x09, 0x09, 0x09, 0x09, 0x3c,
  0x78, 0x73, 0x3a, 0x6d, 0x61, 0x78, 0x4c, 0x65, 0x6e, 0x67, 0x74, 0x68, 0x20,
  0x76, 0x61, 0x6c, 0x75, 0x65, 0x3d, 0x22, 0x32, 0x35, 0x30, 0x30, 0x22, 0x2f,
  0x3e, 0x0d, 0x0a, 0x09, 0x09, 0x09, 0x09, 0x3c, 0x2f, 0x78, 0x73, 0x3a, 0x72,
  0x65, 0x73, 0x74, 0x72, 0x69, 0x63, 0x74, 0x69, 0x6f, 0x6e, 0x3e, 0x0d, 0x0a,
  0x09, 0x09, 0x09, 0x3c, 0x2f, 0x78, 0x73, 0x3a, 0x73, 0x69, 0x6d, 0x70, 0x6c,
  0x65, 0x54, 0x79, 0x70, 0x65, 0x3e, 0x0d, 0x0a, 0x09, 0x09, 0x3c, 0x2f, 0x78,
  0x73, 0x3a, 0x61, 0x74, 0x74, 0x72, 0x69, 0x62, 0x75, 0x74, 0x65, 0x3e, 0x0d,
  0x0a, 0x09, 0x3c, 0x2f, 0x78, 0x73, 0x3a, 0x63, 0x6f, 0x6d, 0x70, 0x6c, 0x65,
  0x78, 0x54, 0x79, 0x70, 0x65, 0x3e, 0x0d, 0x0a, 0x09, 0x3c, 0x78, 0x73, 0x3a,
  0x63, 0x6f, 0x6d, 0x70, 0x6c, 0x65, 0x78, 0x54, 0x79, 0x70, 0x65, 0x20, 0x6e,
  0x61, 0x6d, 0x65, 0x3d, 0x22, 0xd0, 0xa1, 0xd0, 0xb2, 0xd0, 0x9d, 0xd0, 0xbe,
  0xd1, 0x82, 0xd0, 0x94, 0xd0, 0xb5, 0xd0, 0xb9, 0xd1, 0x81, 0xd1, 0x82, 0xd0,
  0xb2, 0xd0, 0xa2, 0xd0, 0xb8, 0xd0, 0xbf, 0x22, 0x3e, 0x0d, 0x0a, 0x09, 0x09,
  0x3c, 0x78, 0x73, 0x3a, 0x61, 0x6e, 0x6e, 0x6f, 0x74, 0x61, 0x74, 0x69, 0x6f,
  0x6e, 0x3e, 0x0d, 0x0a, 0x09, 0x09, 0x09, 0x3c, 0x78, 0x73, 0x3a, 0x64, 0x6f,
  0x63, 0x75, 0x6d, 0x65, 0x6e, 0x74, 0x61, 0x74, 0x69, 0x6f, 0x6e, 0x3e, 0xd0,
  0xa1, 0xd0, 0xb2, 0xd0, 0xb5, 0xd0, 0xb4, 0xd0, 0xb5, 0xd0, 0xbd, 0xd0, 0xb8,
  0xd1, 0x8f, 0x20, 0xd0, 0xbe, 0x20, 0xd0, 0xbd, 0xd0, 0xbe, 0xd1, 0x82, 0xd0,
  0xb0, 0xd1, 0x80, 0xd0, 0xb8, 0xd1, 0x83, 0xd1, 0x81, 0xd0, 0xb5, 0x2c, 0x20,
  0xd1, 0x81, 0xd0, 0xbe, 0xd0, 0xb2, 0xd0, 0xb5, 0xd1, 0x80, 0xd1, 0x88, 0xd0,
  0xb8, 0xd0, 0xb2, 0xd1, 0x88, 0xd0, 0xb5, 0xd0, 0xbc, 0x20, 0xd0, 0xbd, 0xd0,
  0xbe, 0xd1, 0x82, 0xd0, 0xb0, 0xd1, 0x80, 0xd0, 0xb8, 0xd0, 0xb0, 0xd0, 0xbb,
  0xd1, 0x8c, 0xd0, 0xbd, 0xd0, 0xbe, 0xd0, 0xb5, 0x20, 0xd0, 0xb4, 0xd0, 0xb5,
  0xd0, 0xb9, 0xd1, 0x81, 0xd1, 0x82, 0xd0, 0xb2, 0xd0, 0xb8, 0xd0, 0xb5, 0x3c,
  0x2f, 0x78, 0x73, 0x3a, 0x64, 0x6f, 0x63, 0x75, 0x6d, 0x65, 0x6e, 0x74, 0x61,
  0x74, 0x69, 0x6f, 0x6e, 0x3e, 0x0d, 0x0a, 0x09, 0x09, 0x3c, 0x2f, 0x78, 0x73,
  0x3a, 0x61, 0x6e, 0x6e, 0x6f, 0x74, 0x61, 0x74, 0x69, 0x6f, 0x6e, 0x3e, 0x0d,
  0x0a, 0x09, 0x09, 0x3c, 0x78, 0x73, 0x3a, 0x73, 0x65, 0x71, 0x75, 0x65, 0x6e,
  0x63, 0x65, 0x3e, 0x0d, 0x0a, 0x09, 0x09, 0x09, 0x3c, 0x78, 0x73, 0x3a, 0x65,
  0x6c, 0x65, 0x6d, 0x65, 0x6e, 0x74, 0x20, 0x6e, 0x61, 0x6d, 0x65, 0x3d, 0x22,
  0xd0, 0xa4, 0xd0, 0x98, 0xd0, 0x9e, 0xd0, 0x9d, 0xd0, 0xbe, 0xd1, 0x82, 0xd0,
  0x94, 0xd0, 0xb5, 0xd0, 0xb9, 0xd1, 0x81, 0xd1, 0x82, 0xd0, 0xb2, 0x22, 0x20,
  0x74, 0x79, 0x70, 0x65, 0x3d, 0x22, 0xd0, 0xa4, 0xd0, 0x98, 0xd0, 0x9e, 0xd0,
  0xa2, 0xd0, 0xb8, 0xd0, 0xbf, 0x22, 0x3e, 0x0d, 0x0a, 0x09, 0x09, 0x09, 0x09,
  0x3c, 0x78, 0x73, 0x3a, 0x61, 0x6e, 0x6e, 0x6f, 0x74, 0x61, 0x74, 0x69, 0x6f,
  0x6e, 0x3e, 0x0d, 0x0a, 0x09, 0x09, 0x09, 0x09, 0x09, 0x3c, 0x78, 0x73, 0x3a,
  0x64, 0x6f, 0x63, 0x75, 0x6d, 0x65, 0x6e, 0x74, 0x61, 0x74, 0x69, 0x6f, 0x6e,
  0x3e, 0xd0, 0xa4, 0xd0, 0x98, 0xd0, 0x9e, 0x20, 0xd0, 0xbd, 0xd0, 0xbe, 0xd1,
  0x82, 0xd0, 0xb0, 0xd1, 0x80, 0xd0, 0xb8, 0xd1, 0x83, 0xd1, 0x81, 0xd0, 0xb0,
  0x3c, 0x2f, 0x78, 0x73, 0x3a, 0x64, 0x6f, 0x63, 0x75, 0x6d, 0x65, 0x6e, 0x74,
  0x61, 0x74, 0x69, 0x6f, 0x6e, 0x3e, 0x0d, 0x0a, 0x09, 0x09, 0x09, 0x09, 0x3c,
  0x2f, 0x78, 0x73, 0x3a, 0x61, 0x6e, 0x6e, 0x6f, 0x74, 0x61, 0x74, 0x69, 0x6f,
  0x6e, 0x3e, 0x0d, 0x0a, 0x09, 0x09, 0x09, 0x3c, 0x2f, 0x78, 0x73, 0x3a, 0x65,
  0x6c, 0x65, 0x6d, 0x65, 0x6e, 0x74, 0x3e, 0x0d, 0x0a, 0x09, 0x09, 0x3c, 0x2f,
  0x78, 0x73, 0x3a, 0x73, 0x65, 0x71, 0x75, 0x65, 0x6e, 0x63, 0x65, 0x3e, 0x0d,
  0x0a, 0x09, 0x09, 0x3c, 0x78, 0x73, 0x3a, 0x61, 0x74, 0x74, 0x72, 0x69, 0x62,
  0x75, 0x74, 0x65, 0x20, 0x6e, 0x61, 0x6d, 0x65, 0x3d, 0x22, 0xd0, 0x94, 0xd0,
  0xbe, 0xd0, 0xbb, 0xd0, 0xb6, 0xd0, 0xbd, 0xd0, 0xbe, 0xd1, 0x81, 0xd1, 0x82,
  0xd1, 0x8c, 0x22, 0x20, 0x75, 0x73, 0x65, 0x3d, 0x22, 0x72, 0x65, 0x71, 0x75,
  0x69, 0x72, 0x65, 0x64, 0x22, 0x3e, 0x0d, 0x0a, 0x09, 0x09, 0x09, 0x3c, 0x78,
  0x73, 0x3a, 0x61, 0x6e, 0x6e, 0x6f, 0x74, 0x61, 0x74, 0x69, 0x6f, 0x6e, 0x3e,
  0x0d, 0x0a, 0x09, 0x09, 0x09, 0x09, 0x3c, 0x78, 0x73, 0x3a, 0x64, 0x6f, 0x63,
  0x75, 0x6d, 0x65, 0x6e, 0x74, 0x61, 0x74, 0x69, 0x6f, 0x6e, 0x3e, 0xd0, 0x94,
  0xd0, 0xbe, 0xd0, 0xbb, 0xd0, 0xb6, 0xd0, 0xbd, 0xd0, 0xbe, 0xd1, 0x81, 0xd1,
  0x82, 0xd1, 0x8c, 0x3c, 0x2f, 0x78, 0x73, 0x3a, 0x64, 0x6f, 0x63, 0x75, 0x6d,
  0x65, 0x6e, 0x74, 0x61, 0x74, 0x69, 0x6f, 0x6e, 0x3e, 0x0d, 0x0a, 0x09, 0x09,
  0x09, 0x3c, 0x2f, 0x78, 0x73, 0x3a, 0x61, 0x6e, 0x6e, 0x6f, 0x74, 0x61, 0x74,
  0x69, 0x6f, 0x6e, 0x3e, 0x0d, 0x0a, 0x09, 0x09, 0x09, 0x3c, 0x78, 0x73, 0x3a,
  0x73, 0x69, 0x6d, 0x70, 0x6c, 0x65, 0x54, 0x79, 0x70, 0x65, 0x3e, 0x0d, 0x0a,
  0x09, 0x09, 0x09, 0x09, 0x3c, 0x78, 0x73, 0x3a, 0x72, 0x65, 0x73, 0x74, 0x72,
  0x69, 0x63, 0x74, 0x69, 0x6f, 0x6e, 0x20, 0x62, 0x61, 0x73, 0x65, 0x3d, 0x22,
  0x78, 0x73, 0x3a, 0x73, 0x74, 0x72, 0x69, 0x6e, 0x67, 0x22, 0x3e, 0x0d, 0x0a,
  0x09, 0x09, 0x09, 0x09, 0x09, 0x3c, 0x78, 0x73, 0x3a, 0x6d, 0x69, 0x6e, 0x4c,
  0x65, 0x6e, 0x67, 0x74, 0x68, 0x20, 0x76, 0x61, 0x6c, 0x75, 0x65, 0x3d, 0x22,
  0x31, 0x22, 0x2f, 0x3e, 0x0d, 0x0a, 0x09, 0x09, 0x09, 0x09, 0x09, 0x3c, 0x78,
  0x73, 0x3a, 0x6d, 0x61, 0x78, 0x4c, 0x65, 0x6e, 0x67, 0x74, 0x68, 0x20, 0x76,
  0x61, 0x6c, 0x75, 0x65, 0x3d, 0x22, 0x32, 0x35, 0x35, 0x22, 0x2f, 0x3e, 0x0d,
  0x0a, 0x09, 0x09, 0x09, 0x09, 0x3c, 0x2f, 0x78, 0x73, 0x3a, 0x72, 0x65, 0x73,
  0x74, 0x72, 0x69, 0x63, 0x74, 0x69, 0x6f, 0x6e, 0x3e, 0x0d, 0x0a, 0x09, 0x09,
  0x09, 0x3c, 0x2f, 0x78, 0x73, 0x3a, 0x73, 0x69, 0x6d, 0x70, 0x6c, 0x65, 0x54,
  0x79, 0x70, 0x65, 0x3e, 0x0d, 0x0a, 0x09, 0x09, 0x3c, 0x2f, 0x78, 0x73, 0x3a,
  0x61, 0x74, 0x74, 0x72, 0x69, 0x62, 0x75, 0x74, 0x65, 0x3e, 0x0d, 0x0a, 0x09,
  0x09, 0x3c, 0x78, 0x73, 0x3a, 0x61, 0x74, 0x74, 0x72, 0x69, 0x62, 0x75, 0x74,
  0x65, 0x20, 0x6e, 0x61, 0x6d, 0x65, 0x3d, 0x22, 0xd0, 0xa0, 0xd0, 0xb5, 0xd0,
  0xb3, 0xd0, 0x9d, 0xd0, 0xbe, 0xd0, 0xbc, 0xd0, 0x9d, 0xd0, 0xbe, 0xd1, 0x82,
  0x22, 0x20, 0x75, 0x73, 0x65, 0x3d, 0x22, 0x72, 0x65, 0x71, 0x75, 0x69, 0x72,
  0x65, 0x64, 0x22, 0x3e, 0x0d, 0x0a, 0x09, 0x09, 0x09, 0x3c, 0x78, 0x73, 0x3a,
  0x61, 0x6e, 0x6e, 0x6f, 0x74, 0x61, 0x74, 0x69, 0x6f, 0x6e, 0x3e, 0x0d, 0x0a,
  0x09, 0x09, 0x09, 0x09, 0x3c, 0x78, 0x73, 0x3a, 0x64, 0x6f, 0x63, 0x75, 0x6d,
  0x65, 0x6e, 0x74, 0x61, 0x74, 0x69, 0x6f, 0x6e, 0x3e, 0xd0, 0xa0, 0xd0, 0xb5,
  0xd0, 0xb3, 0xd0, 0xb8, 0xd1, 0x81, 0xd1, 0x82, 0xd1, 0x80, 0xd0, 0xb0, 0xd1,
  0x86, 0xd0, 0xb8, 0xd0, 0xbe, 0xd0, 0xbd, 0xd0, 0xbd, 0xd1, 0x8b, 0xd0, 0xb9,
  0x20, 0xd0, 0xbd, 0xd0, 0xbe, 0xd0, 0xbc, 0xd0, 0xb5, 0xd1, 0x80, 0x20, 0xd0,
  0xbd, 0xd0, 0xbe, 0xd1, 0x82, 0xd0, 0xb0, 0xd1, 0x80, 0xd0, 0xb8, 0xd1, 0x83,
  0xd1, 0x81, 0xd0, 0xb0, 0x20, 0xd0, 0xb2, 0x20, 0xd0, 0x9c, 0xd0, 0xb8, 0xd0,
  0xbd, 0xd1, 0x8e, 0xd1, 0x81, 0xd1, 0x82, 0xd0, 0xb5, 0x3c, 0x2f, 0x78, 0x73,
  0x3a, 0x64, 0x6f, 0x63, 0x75, 0x6d, 0x65, 0x6e, 0x74, 0x61, 0x74, 0x69, 0x6f,
  0x6e, 0x3e, 0x0d, 0x0a, 0x09, 0x09, 0x09, 0x3c, 0x2f, 0x78, 0x73, 0x3a, 0x61,
  0x6e, 0x6e, 0x6f, 0x74, 0x61, 0x74, 0x69, 0x6f, 0x6e, 0x3e, 0x0d, 0x0a, 0x09,
  0x09, 0x09, 0x3c, 0x78, 0x73, 0x3a, 0x73, 0x69, 0x6d, 0x70, 0x6c, 0x65, 0x54,
  0x79, 0x70, 0x65, 0x3e, 0x0d, 0x0a, 0x09, 0x09, 0x09, 0x09, 0x3c, 0x78, 0x73,
  0x3a, 0x72, 0x65, 0x73, 0x74, 0x72, 0x69, 0x63, 0x74, 0x69, 0x6f, 0x6e, 0x20,
  0x62, 0x61, 0x73, 0x65, 0x3d, 0x22, 0x78, 0x73, 0x3a, 0x73, 0x74, 0x72, 0x69,
  0x6e, 0x67, 0x22, 0x3e, 0x0d, 0x0a, 0x09, 0x09, 0x09, 0x09, 0x09, 0x3c, 0x78,
  0x73, 0x3a, 0x6d, 0x69, 0x6e, 0x4c, 0x65, 0x6e, 0x67, 0x74, 0x68, 0x20, 0x76,
  0x61, 0x6c, 0x75, 0x65, 0x3d, 0x22, 0x35, 0x22, 0x2f, 0x3e, 0x0d, 0x0a, 0x09,
  0x09, 0x09, 0x09, 0x09, 0x3c, 0x78, 0x73, 0x3a, 0x6d, 0x61, 0x78, 0x4c, 0x65,
  0x6e, 0x67, 0x74, 0x68, 0x20, 0x76, 0x61, 0x6c, 0x75, 0x65, 0x3d, 0x22, 0x31,
  0x33, 0x22, 0x2f, 0x3e, 0x0d, 0x0a, 0x09, 0x09, 0x09, 0x09, 0x3c, 0x2f, 0x78,
  0x73, 0x3a, 0x72, 0x65, 0x73, 0x74, 0x72, 0x69, 0x63, 0x74, 0x69, 0x6f, 0x6e,
  0x3e, 0x0d, 0x0a, 0x09, 0x09, 0x09, 0x3c, 0x2f, 0x78, 0x73, 0x3a, 0x73, 0x69,
  0x6d, 0x70, 0x6c, 0x65, 0x54, 0x79, 0x70, 0x65, 0x3e, 0x0d, 0x0a, 0x09, 0x09,
  0x3c, 0x2f, 0x78, 0x73, 0x3a, 0x61, 0x74, 0x74, 0x72, 0x69, 0x62, 0x75, 0x74,
  0x65, 0x3e, 0x0d, 0x0a, 0x09, 0x3c, 0x2f, 0x78, 0x73, 0x3a, 0x63, 0x6f, 0x6d,
  0x70, 0x6c, 0x65, 0x78, 0x54, 0x79, 0x70, 0x65, 0x3e, 0x0d, 0x0a, 0x09, 0x3c,
  0x78, 0x73, 0x3a, 0x63, 0x6f, 0x6d, 0x70, 0x6c, 0x65, 0x78, 0x54, 0x79, 0x70,
  0x65, 0x20, 0x6e, 0x61, 0x6d, 0x65, 0x3d, 0x22, 0xd0, 0x92, 0xd1, 0x80, 0xd0,
  0xb8, 0xd0, 0xbe, 0xd0, 0x9d, 0xd0, 0xbe, 0xd1, 0x82, 0xd0, 0xa2, 0xd0, 0xb8,
  0xd0, 0xbf, 0x22, 0x3e, 0x0d, 0x0a, 0x09, 0x09, 0x3c, 0x78, 0x73, 0x3a, 0x61,
  0x6e, 0x6e, 0x6f, 0x74, 0x61, 0x74, 0x69, 0x6f, 0x6e, 0x3e, 0x0d, 0x0a, 0x09,
  0x09, 0x09, 0x3c, 0x78, 0x73, 0x3a, 0x64, 0x6f, 0x63, 0x75, 0x6d, 0x65, 0x6e,
  0x74, 0x61, 0x74, 0x69, 0x6f, 0x6e, 0x3e, 0xd0, 0x92, 0xd0, 0xa0, 0xd0, 0x98,
  0xd0, 0x9e, 0x20, 0xd0, 0xbd, 0xd0, 0xbe, 0xd1, 0x82, 0xd0, 0xb0, 0xd1, 0x80,
  0xd0, 0xb8, 0xd1, 0x83, 0xd1, 0x81, 0xd0, 0xb0, 0x3c, 0x2f, 0x78, 0x73, 0x3a,
  0x64, 0x6f, 0x63, 0x75, 0x6d, 0x65, 0x6e, 0x74, 0x61, 0x74, 0x69, 0x6f, 0x6e,
  0x3e, 0x0d, 0x0a, 0x09, 0x09, 0x3c, 0x2f, 0x78, 0x73, 0x3a, 0x61, 0x6e, 0x6e,
  0x6f, 0x74, 0x61, 0x74, 0x69, 0x6f, 0x6e, 0x3e, 0x0d, 0x0a, 0x09, 0x09, 0x3c,
  0x78, 0x73, 0x3a, 0x73, 0x65, 0x71, 0x75, 0x65, 0x6e, 0x63, 0x65, 0x3e, 0x0d,
  0x0a, 0x09, 0x09, 0x09, 0x3c, 0x78, 0x73, 0x3a, 0x65, 0x6c, 0x65, 0x6d, 0x65,
  0x6e, 0x74, 0x20, 0x6e, 0x61, 0x6d, 0x65, 0x3d, 0x22, 0xd0, 0xa4, 0xd0, 0x98,
  0xd0, 0x9e, 0xd0, 0x92, 0xd1, 0x80, 0xd0, 0xb8, 0xd0, 0xbe, 0xd0, 0x9d, 0xd0,
  0xbe, 0xd1, 0x82, 0x22, 0x20, 0x74, 0x79, 0x70, 0x65, 0x3d, 0x22, 0xd0, 0xa4,
  0xd0, 0x98, 0xd0, 0x9e, 0xd0, 0xa2, 0xd0, 0xb8, 0xd0, 0xbf, 0x22, 0x3e, 0x0d,
  0x0a, 0x09, 0x09, 0x09, 0x09, 0x3c, 0x78, 0x73, 0x3a, 0x61, 0x6e, 0x6e, 0x6f,
  0x74, 0x61, 0x74, 0x69, 0x6f, 0x6e, 0x3e, 0x0d, 0x0a, 0x09, 0x09, 0x09, 0x09,
  0x09, 0x3c, 0x78, 0x73, 0x3a, 0x64, 0x6f, 0x63, 0x75, 0x6d, 0x65, 0x6e, 0x74,
  0x61, 0x74, 0x69, 0x6f, 0x6e, 0x3e, 0xd0, 0xa4, 0xd0, 0x98, 0xd0, 0x9e, 0x20,
  0xd0, 0x92, 0xd0, 0xa0, 0xd0, 0x98, 0xd0, 0x9e, 0x20, 0xd0, 0xbd, 0xd0, 0xbe,
  0xd1, 0x82, 0xd0, 0xb0, 0xd1, 0x80, 0xd0, 0xb8, 0xd1, 0x83, 0xd1, 0x81, 0xd0,
  0xb0, 0x3c, 0x2f, 0x78, 0x73, 0x3a, 0x64, 0x6f, 0x63, 0x75, 0x6d, 0x65, 0x6e,
  0x74, 0x61, 0x74, 0x69, 0x6f, 0x6e, 0x3e, 0x0d, 0x0a, 0x09, 0x09, 0x09, 0x09,
  0x3c, 0x2f, 0x78, 0x73, 0x3a, 0x61, 0x6e, 0x6e, 0x6f, 0x74, 0x61, 0x74, 0x69,
  0x6f, 0x6e, 0x3e, 0x0d, 0x0a, 0x09, 0x09, 0x09, 0x3c, 0x2f, 0x78, 0x73, 0x3a,
  0x65, 0x6c, 0x65, 0x6d, 0x65, 0x6e, 0x74, 0x3e, 0x0d, 0x0a, 0x09, 0x09, 0x3c,
  0x2f, 0x78, 0x73, 0x3a, 0x73, 0x65, 0x71, 0x75, 0x65, 0x6e, 0x63, 0x65, 0x3e,
  0x0d, 0x0a, 0x09, 0x09, 0x3c, 0x78, 0x73, 0x3a, 0x61, 0x74, 0x74, 0x72, 0x69,
  0x62, 0x75, 0x74, 0x65, 0x20, 0x6e, 0x61, 0x6d, 0x65, 0x3d, 0x22, 0xd0, 0x94,
  0xd0, 0xbe, 0xd0, 0xbb, 0xd0, 0xb6, 0xd0, 0xbd, 0xd0, 0xbe, 0xd1, 0x81, 0xd1,
  0x82, 0xd1, 0x8c, 0x22, 0x20, 0x75, 0x73, 0x65, 0x3d, 0x22, 0x72, 0x65, 0x71,
  0x75, 0x69, 0x72, 0x65, 0x64, 0x22, 0x3e, 0x0d, 0x0a, 0x09, 0x09, 0x09, 0x3c,
  0x78, 0x73, 0x3a, 0x61, 0x6e, 0x6e, 0x6f, 0x74, 0x61, 0x74, 0x69, 0x6f, 0x6e,
  0x3e, 0x0d, 0x0a, 0x09, 0x09, 0x09, 0x09, 0x3c, 0x78, 0x73, 0x3a, 0x64, 0x6f,
  0x63, 0x75, 0x6d, 0x65, 0x6e, 0x74, 0x61, 0x74, 0x69, 0x6f, 0x6e, 0x3e, 0xd0,
  0x94, 0xd0, 0xbe, 0xd0, 0xbb, 0xd0, 0xb6, 0xd0, 0xbd, 0xd0, 0xbe, 0xd1, 0x81,
  0xd1, 0x82, 0xd1, 0x8c, 0x3c, 0x2f, 0x78, 0x73, 0x3a, 0x64, 0x6f, 0x63, 0x75,
  0x6d, 0x65, 0x6e, 0x74, 0x61, 0x74, 0x69, 0x6f, 0x6e, 0x3e, 0x0d, 0x0a, 0x09,
  0x09, 0x09, 0x3c, 0x2f, 0x78, 0x73, 0x3a, 0x61, 0x6e, 0x6e, 0x6f, 0x74, 0x61,
  0x74, 0x69, 0x6f, 0x6e, 0x3e, 0x0d, 0x0a, 0x09, 0x09, 0x09, 0x3c, 0x78, 0x73,
  0x3a, 0x73, 0x69, 0x6d, 0x70, 0x6c, 0x65, 0x54, 0x79, 0x70, 0x65, 0x3e, 0x0d,
  0x0a, 0x09, 0x09, 0x09, 0x09, 0x3c, 0x78, 0x73, 0x3a, 0x72, 0x65, 0x73, 0x74,
  0x72, 0x69, 0x63, 0x74, 0x69, 0x6f, 0x6e, 0x20, 0x62, 0x61, 0x73, 0x65, 0x3d,
  0x22, 0x78, 0x73, 0x3a, 0x73, 0x74, 0x72, 0x69, 0x6e, 0x67, 0x22, 0x3e, 0x0d,
  0x0a, 0x09, 0x09, 0x09, 0x09, 0x09, 0x3c, 0x78, 0x73, 0x3a, 0x6d, 0x69, 0x6e,
  0x4c, 0x65, 0x6e, 0x67, 0x74, 0x68, 0x20, 0x76, 0x61, 0x6c, 0x75, 0x65, 0x3d,
  0x22, 0x31, 0x22, 0x2f, 0x3e, 0x0d, 0x0a, 0x09, 0x09, 0x09, 0x09, 0x09, 0x3c,
  0x78, 0x73, 0x3a, 0x6d, 0x61, 0x78, 0x4c, 0x65, 0x6e, 0x67, 0x74, 0x68, 0x20,
  0x76, 0x61, 0x6c, 0x75, 0x65, 0x3d, 0x22, 0x32, 0x35, 0x35, 0x22, 0x2f, 0x3e,
  0x0d, 0x0a, 0x09, 0x09, 0x09, 0x09, 0x3c, 0x2f, 0x78, 0x73, 0x3a, 0x72, 0x65,
  0x73, 0x74, 0x72, 0x69, 0x63, 0x74, 0x69, 0x6f, 0x6e, 0x3e, 0x0d, 0x0a, 0x09,
  0x09, 0x09, 0x3c, 0x2f, 0x78, 0x73, 0x3a, 0x73, 0x69, 0x6d, 0x70, 0x6c, 0x65,
  0x54, 0x79, 0x70, 0x65, 0x3e, 0x0d, 0x0a, 0x09, 0x09, 0x3c, 0x2f, 0x78, 0x73,
  0x3a, 0x61, 0x74, 0x74, 0x72, 0x69, 0x62, 0x75, 0x74, 0x65, 0x3e, 0x0d, 0x0a,
  0x09, 0x09, 0x3c, 0x78, 0x73, 0x3a, 0x61, 0x74, 0x74, 0x72, 0x69, 0x62, 0x75,
  0x74, 0x65, 0x20, 0x6e, 0x61, 0x6d, 0x65, 0x3d, 0x22, 0xd0, 0xa0, 0xd0, 0xb5,
  0xd0, 0xb3, 0xd0, 0x9d, 0xd0, 0xbe, 0xd0, 0xbc, 0xd0, 0x9d, 0xd0, 0xbe, 0xd1,
  0x82, 0x22, 0x20, 0x75, 0x73, 0x65, 0x3d, 0x22, 0x72, 0x65, 0x71, 0x75, 0x69,
  0x72, 0x65, 0x64, 0x22, 0x3e, 0x0d, 0x0a, 0x09, 0x09, 0x09, 0x3c, 0x78, 0x73,
  0x3a, 0x61, 0x6e, 0x6e, 0x6f, 0x74, 0x61, 0x74, 0x69, 0x6f, 0x6e, 0x3e, 0x0d,
  0x0a, 0x09, 0x09, 0x09, 0x09, 0x3c, 0x78, 0x73, 0x3a, 0x64, 0x6f, 0x63, 0x75,
  0x6d, 0x65, 0x6e, 0x74, 0x61, 0x74, 0x69, 0x6f, 0x6e, 0x3e, 0xd0, 0xa0, 0xd0,
  0xb5, 0xd0, 0xb3, 0xd0, 0xb8, 0xd1, 0x81, 0xd1, 0x82, 0xd1, 0x80, 0xd0, 0xb0,
  0xd1, 0x86, 0xd0, 0xb8, 0xd0, 0xbe, 0xd0, 0xbd, 0xd0, 0xbd, 0xd1, 0x8b, 0xd0,
  0xb9, 0x20, 0xd0, 0xbd, 0xd0, 0xbe, 0xd0, 0xbc, 0xd0, 0xb5, 0xd1, 0x80, 0x20,
  0xd0, 0xbb, 0xd0, 0xb8, 0xd1, 0x86, 0xd0, 0xb0, 0x2c, 0x20, 0xd1, 0x81, 0xd0,
  0xb4, 0xd0, 0xb0, 0xd0, 0xb2, 0xd1, 0x88, 0xd0, 0xb5, 0xd0, 0xb3, 0xd0, 0xbe,
  0x20, 0xd0, 0xba, 0xd0, 0xb2, 0xd0, 0xb0, 0xd0, 0xbb, 0xd0, 0xb8, 0xd1, 0x84,
  0xd0, 0xb8, 0xd0, 0xba, 0xd0, 0xb0, 0xd1, 0x86, 0xd0, 0xb8, 0xd0, 0xbe, 0xd0,
  0xbd, 0xd0, 0xbd, 0xd1, 0x8b, 0xd0, 0xb9, 0x20, 0xd1, 0x8d, 0xd0, 0xba, 0xd0,
  0xb7, 0xd0, 0xb0, 0xd0, 0xbc, 0xd0, 0xb5, 0xd0, 0xbd, 0x20, 0xd0, 0xb2, 0x20,
  0xd0, 0x9c, 0xd0, 0xb8, 0xd0, 0xbd, 0xd1, 0x8e, 0xd1, 0x81, 0xd1, 0x82, 0xd0,
  0xb5, 0x3c, 0x2f, 0x78, 0x73, 0x3a, 0x64, 0x6f, 0x63, 0x75, 0x6d, 0x65, 0x6e,
  0x74, 0x61, 0x74, 0x69, 0x6f, 0x6e, 0x3e, 0x0d, 0x0a, 0x09, 0x09, 0x09, 0x3c,
  0x2f, 0x78, 0x73, 0x3a, 0x61, 0x6e, 0x6e, 0x6f, 0x74, 0x61, 0x74, 0x69, 0x6f,
  0x6e, 0x3e, 0x0d, 0x0a, 0x09, 0x09, 0x09, 0x3c, 0x78, 0x73, 0x3a, 0x73, 0x69,
  0x6d, 0x70, 0x6c, 0x65, 0x54, 0x79, 0x70, 0x65, 0x3e, 0x0d, 0x0a, 0x09, 0x09,
  0x09, 0x09, 0x3c, 0x78, 0x73, 0x3a, 0x72, 0x65, 0x73, 0x74, 0x72, 0x69, 0x63,
  0x74, 0x69, 0x6f, 0x6e, 0x20, 0x62, 0x61, 0x73, 0x65, 0x3d, 0x22, 0x78, 0x73,
  0x3a, 0x73, 0x74, 0x72, 0x69, 0x6e, 0x67, 0x22, 0x3e, 0x0d, 0x0a, 0x09, 0x09,
  0x09, 0x09, 0x09, 0x3c, 0x78, 0x73, 0x3a, 0x6d, 0x69, 0x6e, 0x4c, 0x65, 0x6e,
  0x67, 0x74, 0x68, 0x20, 0x76, 0x61, 0x6c, 0x75, 0x65, 0x3d, 0x22, 0x33, 0x22,
  0x2f, 0x3e, 0x0d, 0x0a, 0x09, 0x09, 0x09, 0x09, 0x09, 0x3c, 0x78, 0x73, 0x3a,
  0x6d, 0x61, 0x78, 0x4c, 0x65, 0x6e, 0x67, 0x74, 0x68, 0x20, 0x76, 0x61, 0x6c,
  0x75, 0x65, 0x3d, 0x22, 0x38, 0x22, 0x2f, 0x3e, 0x0d, 0x0a, 0x09, 0x09, 0x09,
  0x09, 0x3c, 0x2f, 0x78, 0x73, 0x3a, 0x72, 0x65, 0x73, 0x74, 0x72, 0x69, 0x63,
  0x74, 0x69, 0x6f, 0x6e, 0x3e, 0x0d, 0x0a, 0x09, 0x09, 0x09, 0x3c, 0x2f, 0x78,
  0x73, 0x3a, 0x73, 0x69, 0x6d, 0x70, 0x6c, 0x65, 0x54, 0x79, 0x70, 0x65, 0x3e,
  0x0d, 0x0a, 0x09, 0x09, 0x3c, 0x2f, 0x78, 0x73, 0x3a, 0x61, 0x74, 0x74, 0x72,
  0x69, 0x62, 0x75, 0x74, 0x65, 0x3e, 0x0d, 0x0a, 0x09, 0x3c, 0x2f, 0x78, 0x73,
  0x3a, 0x63, 0x6f, 0x6d, 0x70, 0x6c, 0x65, 0x78, 0x54, 0x79, 0x70, 0x65, 0x3e,
  0x0d, 0x0a, 0x09, 0x3c, 0x78, 0x73, 0x3a, 0x63, 0x6f, 0x6d, 0x70, 0x6c, 0x65,
  0x78, 0x54, 0x79, 0x70, 0x65, 0x20, 0x6e, 0x61, 0x6d, 0x65, 0x3d, 0x22, 0xd0,
  0xa1, 0xd0, 0xb2, 0xd0, 0x9e, 0xd1, 0x80, 0xd0, 0xb3, 0xd0, 0xa2, 0xd0, 0xb8,
  0xd0, 0xbf, 0x22, 0x3e, 0x0d, 0x0a, 0x09, 0x09, 0x3c, 0x78, 0x73, 0x3a, 0x61,
  0x6e, 0x6e, 0x6f, 0x74, 0x61, 0x74, 0x69, 0x6f, 0x6e, 0x3e, 0x0d, 0x0a, 0x09,
  0x09, 0x09, 0x3c, 0x78, 0x73, 0x3a, 0x64, 0x6f, 0x63, 0x75, 0x6d, 0x65, 0x6e,
  0x74, 0x61, 0x74, 0x69, 0x6f, 0x6e, 0x3e, 0xd0, 0xa1, 0xd0, 0xb2, 0xd0, 0xb5,
  0xd0, 0xb4, 0xd0, 0xb5, 0xd0, 0xbd, 0xd0, 0xb8, 0xd1, 0x8f, 0x20, 0xd0, 0xbe,
  0x20, 0xd1, 0x8e, 0xd1, 0x80, 0xd0, 0xb8, 0xd0, 0xb4, 0xd0, 0xb8, 0xd1, 0x87,
  0xd0, 0xb5, 0xd1, 0x81, 0xd0, 0xba, 0xd0, 0xbe, 0xd0, 0xbc, 0x20, 0xd0, 0xbb,
  0xd0, 0xb8, 0xd1, 0x86, 0xd0, 0xb5, 0x20, 0x28, 0xd0, 0xb8, 0xd0, 0xbb, 0xd0,
  0xb8, 0x20, 0xd1, 0x84, 0xd0, 0xb8, 0xd0, 0xbb, 0xd0, 0xb8, 0xd0, 0xb0, 0xd0,
  0xbb, 0xd0, 0xb5, 0x20, 0x28, 0xd0, 0xbe, 0xd0, 0xb1, 0xd0, 0xbe, 0xd1, 0x81,
  0xd0, 0xbe, 0xd0, 0xb1, 0xd0, 0xbb, 0xd0, 0xb5, 0xd0, 0xbd, 0xd0, 0xbd, 0xd0,
  0xbe, 0xd0, 0xbc, 0x20, 0xd0, 0xbf, 0xd0, 0xbe, 0xd0, 0xb4, 0xd1, 0x80, 0xd0,
  0xb0, 0xd0, 0xb7, 0xd0, 0xb4, 0xd0, 0xb5, 0xd0, 0xbb, 0xd0, 0xb5, 0xd0, 0xbd,
  0xd0, 0xb8, 0xd0, 0xb8, 0x29, 0x20, 0xd1, 0x8e, 0xd1, 0x80, 0xd0, 0xb8, 0xd0,
  0xb4, 0xd0, 0xb8, 0xd1, 0x87, 0xd0, 0xb5, 0xd1, 0x81, 0xd0, 0xba, 0xd0, 0xbe,
  0xd0, 0xb3, 0xd0, 0xbe, 0x20, 0xd0, 0xbb, 0xd0, 0xb8, 0xd1, 0x86, 0xd0, 0xb0,
  0x3c, 0x2f, 0x78, 0x73, 0x3a, 0x64, 0x6f, 0x63, 0x75, 0x6d, 0x65, 0x6e, 0x74,
  0x61, 0x74, 0x69, 0x6f, 0x6e, 0x3e, 0x0d, 0x0a, 0x09, 0x09, 0x3c, 0x2f, 0x78,
  0x73, 0x3a, 0x61, 0x6e, 0x6e, 0x6f, 0x74, 0x61, 0x74, 0x69, 0x6f, 0x6e, 0x3e,
  0x0d, 0x0a, 0x09, 0x09, 0x3c, 0x78, 0x73, 0x3a, 0x73, 0x65, 0x71, 0x75, 0x65,
  0x6e, 0x63, 0x65, 0x3e, 0x0d, 0x0a, 0x09, 0x09, 0x09, 0x3c, 0x78, 0x73, 0x3a,
  0x65, 0x6c, 0x65, 0x6d, 0x65, 0x6e, 0x74, 0x20, 0x6e, 0x61, 0x6d, 0x65, 0x3d,
  0x22, 0xd0, 0x94, 0xd0, 0xbe, 0xd0, 0xba, 0xd0, 0x9f, 0xd0, 0xb4, 0xd1, 0x82,
  0xd0, 0xb2, 0x22, 0x20, 0x74, 0x79, 0x70, 0x65, 0x3d, 0x22, 0xd0, 0x94, 0xd0,
  0xbe, 0xd0, 0xba, 0xd0, 0x9f, 0xd0, 0xb4, 0xd1, 0x82, 0xd0, 0xb2, 0xd0, 0xa2,
  0xd0, 0xb8, 0xd0, 0xbf, 0x22, 0x20, 0x6d, 0x69, 0x6e, 0x4f, 0x63, 0x63, 0x75,
  0x72, 0x73, 0x3d, 0x22, 0x30, 0x22, 0x3e, 0x0d, 0x0a, 0x09, 0x09, 0x09, 0x09,
  0x3c, 0x78, 0x73, 0x3a, 0x61, 0x6e, 0x6e, 0x6f, 0x74, 0x61, 0x74, 0x69, 0x6f,
  0x6e, 0x3e, 0x0d, 0x0a, 0x09, 0x09, 0x09, 0x09, 0x09, 0x3c, 0x78, 0x73, 0x3a,
  0x64, 0x6f, 0x63, 0x75, 0x6d, 0x65, 0x6e, 0x74, 0x61, 0x74, 0x69, 0x6f, 0x6e,
  0x3e, 0xd0, 0x94, 0xd0, 0xbe, 0xd0, 0xba, 0xd1, 0x83, 0xd0, 0xbc, 0xd0, 0xb5,
  0xd0, 0xbd, 0xd1, 0x82, 0x2c, 0x20, 0xd0, 0xbf, 0xd0, 0xbe, 0xd0, 0xb4, 0xd1,
  0x82, 0xd0, 0xb2, 0xd0, 0xb5, 0xd1, 0x80, 0xd0, 0xb6, 0xd0, 0xb4, 0xd0, 0xb0,
  0xd1, 0x8e, 0xd1, 0x89, 0xd0, 0xb8, 0xd0, 0xb9, 0x20, 0xd0, 0xbf, 0xd0, 0xbe,
  0xd0, 0xbb, 0xd0, 0xbd, 0xd0, 0xbe, 0xd0, 0xbc, 0xd0, 0xbe, 0xd1, 0x87, 0xd0,
  0xb8, 0xd1, 0x8f, 0x20, 0xd0, 0xbb, 0xd0, 0xb8, 0xd1, 0x86, 0xd0, 0xb0, 0x2c,
  0x20, 0xd0, 0xb4, 0xd0, 0xb5, 0xd0, 0xb9, 0xd1, 0x81, 0xd1, 0x82, 0xd0, 0xb2,
  0xd1, 0x83, 0xd1, 0x8e, 0xd1, 0x89, 0xd0, 0xb5, 0xd0, 0xb3, 0xd0, 0xbe, 0x20,
  0xd0, 0xb1, 0xd0, 0xb5, 0xd0, 0xb7, 0x20, 0xd0, 0xb4, 0xd0, 0xbe, 0xd0, 0xb2,
  0xd0, 0xb5, 0xd1, 0x80, 0xd0, 0xb5, 0xd0, 0xbd, 0xd0, 0xbd, 0xd0, 0xbe, 0xd1,
  0x81, 0xd1, 0x82, 0xd0, 0xb8, 0x3c, 0x2f, 0x78, 0x73, 0x3a, 0x64, 0x6f, 0x63,
  0x75, 0x6d, 0x65, 0x6e, 0x74, 0x61, 0x74, 0x69, 0x6f, 0x6e, 0x3e, 0x0d, 0x0a,
  0x09, 0x09, 0x09, 0x09, 0x3c, 0x2f, 0x78, 0x73, 0x3a, 0x61, 0x6e, 0x6e, 0x6f,
  0x74, 0x61, 0x74, 0x69, 0x6f, 0x6e, 0x3e, 0x0d, 0x0a, 0x09, 0x09, 0x09, 0x3c,
  0x2f, 0x78, 0x73, 0x3a, 0x65, 0x6c, 0x65, 0x6d, 0x65, 0x6e, 0x74, 0x3e, 0x0d,
  0x0a, 0x09, 0x09, 0x09, 0x3c, 0x78, 0x73, 0x3a, 0x65, 0x6c, 0x65, 0x6d, 0x65,
  0x6e, 0x74, 0x20, 0x6e, 0x61, 0x6d, 0x65, 0x3d, 0x22, 0xd0, 0x90, 0xd0, 0xb4,
  0xd1, 0x80, 0xd0, 0xa0, 0xd0, 0xb5, 0xd0, 0xb3, 0x22, 0x20, 0x74, 0x79, 0x70,
  0x65, 0x3d, 0x22, 0xd0, 0x90, 0xd0, 0xb4, 0xd1, 0x80, 0xd0, 0xa2, 0xd0, 0xb8,
  0xd0, 0xbf, 0x22, 0x20, 0x6d, 0x69, 0x6e, 0x4f, 0x63, 0x63, 0x75, 0x72, 0x73,
  0x3d, 0x22, 0x30, 0x22, 0x3e, 0x0d, 0x0a, 0x09, 0x09, 0x09, 0x09, 0x3c, 0x78,
  0x73, 0x3a, 0x61, 0x6e, 0x6e, 0x6f, 0x74, 0x61, 0x74, 0x69, 0x6f, 0x6e, 0x3e,
  0x0d, 0x0a, 0x09, 0x09, 0x09, 0x09, 0x09, 0x3c, 0x78, 0x73, 0x3a, 0x64, 0x6f,
  0x63, 0x75, 0x6d, 0x65, 0x6e, 0x74, 0x61, 0x74, 0x69, 0x6f, 0x6e, 0x3e, 0xd0,
  0x90, 0xd0, 0xb4, 0xd1, 0x80, 0xd0, 0xb5, 0xd1, 0x81, 0x20, 0xd1, 0x8e, 0xd1,
  0x80, 0xd0, 0xb8, 0xd0, 0xb4, 0xd0, 0xb8, 0xd1, 0x87, 0xd0, 0xb5, 0xd1, 0x81,
  0xd0, 0xba, 0xd0, 0xbe, 0xd0, 0xb3, 0xd0, 0xbe, 0x20, 0xd0, 0xbb, 0xd0, 0xb8,
  0xd1, 0x86, 0xd0, 0xb0, 0x20, 0x2f, 0x20, 0xd1, 0x84, 0xd0, 0xb8, 0xd0, 0xbb,
  0xd0, 0xb8, 0xd0, 0xb0, 0xd0, 0xbb, 0xd0, 0xb0, 0x20, 0x28, 0xd0, 0xbe, 0xd0,
  0xb1, 0xd0, 0xbe, 0xd1, 0x81, 0xd0, 0xbe, 0xd0, 0xb1, 0xd0, 0xbb, 0xd0, 0xb5,
  0xd0, 0xbd, 0xd0, 0xbd, 0xd0, 0xbe, 0xd0, 0xb3, 0xd0, 0xbe, 0x20, 0xd0, 0xbf,
  0xd0, 0xbe, 0xd0, 0xb4, 0xd1, 0x80, 0xd0, 0xb0, 0xd0, 0xb7, 0xd0, 0xb4, 0xd0,
  0xb5, 0xd0, 0xbb, 0xd0, 0xb5, 0xd0, 0xbd, 0xd0, 0xb8, 0xd1, 0x8f, 0x29, 0x20,
  0xd1, 0x8e, 0xd1, 0x80, 0xd0, 0xb8, 0xd0, 0xb4, 0xd0, 0xb8, 0xd1, 0x87, 0xd0,
  0xb5, 0xd1, 0x81, 0xd0, 0xba, 0xd0, 0xbe, 0xd0, 0xb3, 0xd0, 0xbe, 0x20, 0xd0,
  0xbb, 0xd0, 0xb8, 0xd1, 0x86, 0xd0, 0xb0, 0x20, 0xd0, 0xb2, 0x20, 0xd0, 0xa0,
  0xd0, 0xbe, 0xd1, 0x81, 0xd1, 0x81, 0xd0, 0xb8, 0xd0, 0xb9, 0xd1, 0x81, 0xd0,
  0xba, 0xd0, 0xbe, 0xd0, 0xb9, 0x20, 0xd0, 0xa4, 0xd0, 0xb5, 0xd0, 0xb4, 0xd0,
  0xb5, 0xd1, 0x80, 0xd0, 0xb0, 0xd1, 0x86, 0xd0, 0xb8, 0xd0, 0xb8, 0x3c, 0x2f,
  0x78, 0x73, 0x3a, 0x64, 0x6f, 0x63, 0x75, 0x6d, 0x65, 0x6e, 0x74, 0x61, 0x74,
  0x69, 0x6f, 0x6e, 0x3e, 0x0d, 0x0a, 0x09, 0x09, 0x09, 0x09, 0x3c, 0x2f, 0x78,
  0x73, 0x3a, 0x61, 0x6e, 0x6e, 0x6f, 0x74, 0x61, 0x74, 0x69, 0x6f, 0x6e, 0x3e,
  0x0d, 0x0a, 0x09, 0x09, 0x09, 0x3c, 0x2f, 0x78, 0x73, 0x3a, 0x65, 0x6c, 0x65,
  0x6d, 0x65, 0x6e, 0x74, 0x3e, 0x0d, 0x0a, 0x09, 0x09, 0x3c, 0x2f, 0x78, 0x73,
  0x3a, 0x73, 0x65, 0x71, 0x75, 0x65, 0x6e, 0x63, 0x65, 0x3e, 0x0d, 0x0a, 0x09,
  0x09, 0x3c, 0x78, 0x73, 0x3a, 0x61, 0x74, 0x74, 0x72, 0x69, 0x62, 0x75, 0x74,
  0x65, 0x20, 0x6e, 0x61, 0x6d, 0x65, 0x3d, 0x22, 0xd0, 0xa1, 0xd1, 0x82, 0xd0,
  0xa3, 0xd1, 0x87, 0xd0, 0x9d, 0xd0, 0x94, 0x22, 0x20, 0x75, 0x73, 0x65, 0x3d,
  0x22, 0x6f, 0x70, 0x74, 0x69, 0x6f, 0x6e, 0x61, 0x6c, 0x22, 0x3e, 0x0d, 0x0a,
  0x09, 0x09, 0x09, 0x3c, 0x78, 0x73, 0x3a, 0x61, 0x6e, 0x6e, 0x6f, 0x74, 0x61,
  0x74, 0x69, 0x6f, 0x6e, 0x3e, 0x0d, 0x0a, 0x09, 0x09, 0x09, 0x09, 0x3c, 0x78,
  0x73, 0x3a, 0x64, 0x6f, 0x63, 0x75, 0x6d, 0x65, 0x6e, 0x74, 0x61, 0x74, 0x69,
  0x6f, 0x6e, 0x3e, 0xd0, 0xa1, 0xd1, 0x82, 0xd0, 0xb0, 0xd1, 0x82, 0xd1, 0x83,
  0xd1, 0x81, 0x20, 0xd1, 0x83, 0xd1, 0x87, 0xd0, 0xb0, 0xd1, 0x81, 0xd1, 0x82,
  0xd0, 0xbd, 0xd0, 0xb8, 0xd0, 0xba, 0xd0, 0xb0, 0x20, 0xd0, 0xbd, 0xd0, 0xbe,
  0xd1, 0x82, 0xd0, 0xb0, 0xd1, 0x80, 0xd0, 0xb8, 0xd0, 0xb0, 0xd0, 0xbb, 0xd1,
  0x8c, 0xd0, 0xbd, 0xd0, 0xbe, 0xd0, 0xb3, 0xd0, 0xbe, 0x20, 0xd0, 0xb4, 0xd0,
  0xb5, 0xd0, 0xb9, 0xd1, 0x81, 0xd1, 0x82, 0xd0, 0xb2, 0xd0, 0xb8, 0xd1, 0x8f,
  0x3c, 0x2f, 0x78, 0x73, 0x3a, 0x64, 0x6f, 0x63, 0x75, 0x6d, 0x65, 0x6e, 0x74,
  0x61, 0x74, 0x69, 0x6f, 0x6e, 0x3e, 0x0d, 0x0a, 0x09, 0x09, 0x09, 0x3c, 0x2f,
  0x78, 0x73, 0x3a, 0x61, 0x6e, 0x6e, 0x6f, 0x74, 0x61, 0x74, 0x69, 0x6f, 0x6e,
  0x3e, 0x0d, 0x0a, 0x09, 0x09, 0x09, 0x3c, 0x78, 0x73, 0x3a, 0x73, 0x69, 0x6d,
  0x70, 0x6c, 0x65, 0x54, 0x79, 0x70, 0x65, 0x3e, 0x0d, 0x0a, 0x09, 0x09, 0x09,
  0x09, 0x3c, 0x78, 0x73, 0x3a, 0x72, 0x65, 0x73, 0x74, 0x72, 0x69, 0x63, 0x74,
  0x69, 0x6f, 0x6e, 0x20, 0x62, 0x61, 0x73, 0x65, 0x3d, 0x22, 0x78, 0x73, 0x3a,
  0x73, 0x74, 0x72, 0x69, 0x6e, 0x67, 0x22, 0x3e, 0x0d, 0x0a, 0x09, 0x09, 0x09,
  0x09, 0x09, 0x3c, 0x78, 0x73, 0x3a, 0x6c, 0x65, 0x6e, 0x67, 0x74, 0x68, 0x20,
  0x76, 0x61, 0x6c, 0x75, 0x65, 0x3d, 0x22, 0x33, 0x22, 0x2f, 0x3e, 0x0d, 0x0a,
  0x09, 0x09, 0x09, 0x09, 0x09, 0x3c, 0x78, 0x73, 0x3a, 0x65, 0x6e, 0x75, 0x6d,
  0x65, 0x72, 0x61, 0x74, 0x69, 0x6f, 0x6e, 0x20, 0x76, 0x61, 0x6c, 0x75, 0x65,
  0x3d, 0x22, 0x31, 0x30, 0x31, 0x22, 0x2f, 0x3e, 0x0d, 0x0a, 0x09, 0x09, 0x09,
  0x09, 0x09, 0x3c, 0x78, 0x73, 0x3a, 0x65, 0x6e, 0x75, 0x6d, 0x65, 0x72, 0x61,
  0x74, 0x69, 0x6f, 0x6e, 0x20, 0x76, 0x61, 0x6c, 0x75, 0x65, 0x3d, 0x22, 0x31,
  0x30, 0x32, 0x22, 0x2f, 0x3e, 0x0d, 0x0a, 0x09, 0x09, 0x09, 0x09, 0x09, 0x3c,
  0x78, 0x73, 0x3a, 0x65, 0x6e, 0x75, 0x6d, 0x65, 0x72, 0x61, 0x74, 0x69, 0x6f,
  0x6e, 0x20, 0x76, 0x61, 0x6c, 0x75, 0x65, 0x3d, 0x22, 0x32, 0x39, 0x39, 0x22,
  0x2f, 0x3e, 0x0d, 0x0a, 0x09, 0x09, 0x09, 0x09, 0x09, 0x3c, 0x78, 0x73, 0x3a,
  0x65, 0x6e, 0x75, 0x6d, 0x65, 0x72, 0x61, 0x74, 0x69, 0x6f, 0x6e, 0x20, 0x76,
  0x61, 0x6c, 0x75, 0x65, 0x3d, 0x22, 0x33, 0x30, 0x31, 0x22, 0x2f, 0x3e, 0x0d,
  0x0a, 0x09, 0x09, 0x09, 0x09, 0x09, 0x3c, 0x78, 0x73, 0x3a, 0x65, 0x6e, 0x75,
  0x6d, 0x65, 0x72, 0x61, 0x74, 0x69, 0x6f, 0x6e, 0x20, 0x76, 0x61, 0x6c, 0x75,
  0x65, 0x3d, 0x22, 0x33, 0x30, 0x33, 0x22, 0x2f, 0x3e, 0x0d, 0x0a, 0x09, 0x09,
  0x09, 0x09, 0x09, 0x3c, 0x78, 0x73, 0x3a, 0x65, 0x6e, 0x75, 0x6d, 0x65, 0x72,
  0x61, 0x74, 0x69, 0x6f, 0x6e, 0x20, 0x76, 0x61, 0x6c, 0x75, 0x65, 0x3d, 0x22,
  0x33, 0x39, 0x39, 0x22, 0x2f, 0x3e, 0x0d, 0x0a, 0x09, 0x09, 0x09, 0x09, 0x3c,
  0x2f, 0x78, 0x73, 0x3a, 0x72, 0x65, 0x73, 0x74, 0x72, 0x69, 0x63, 0x74, 0x69,
  0x6f, 0x6e, 0x3e, 0x0d, 0x0a, 0x09, 0x09, 0x09, 0x3c, 0x2f, 0x78, 0x73, 0x3a,
  0x73, 0x69, 0x6d, 0x70, 0x6c, 0x65, 0x54, 0x79, 0x70, 0x65, 0x3e, 0x0d, 0x0a,
  0x09, 0x09, 0x3c, 0x2f, 0x78, 0x73, 0x3a, 0x61, 0x74, 0x74, 0x72, 0x69, 0x62,
  0x75, 0x74, 0x65, 0x3e, 0x0d, 0x0a, 0x09, 0x09, 0x3c, 0x78, 0x73, 0x3a, 0x61,
  0x74, 0x74, 0x72, 0x69, 0x62, 0x75, 0x74, 0x65, 0x20, 0x6e, 0x61, 0x6d, 0x65,
  0x3d, 0x22, 0xd0, 0x9d, 0xd0, 0xb0, 0xd0, 0xb8, 0xd0, 0xbc, 0xd0, 0x9e, 0xd1,
  0x80, 0xd0, 0xb3, 0x22, 0x20, 0x75, 0x73, 0x65, 0x3d, 0x22, 0x72, 0x65, 0x71,
  0x75, 0x69, 0x72, 0x65, 0x64, 0x22, 0x3e, 0x0d, 0x0a, 0x09, 0x09, 0x09, 0x3c,
  0x78, 0x73, 0x3a, 0x61, 0x6e, 0x6e, 0x6f, 0x74, 0x61, 0x74, 0x69, 0x6f, 0x6e,
  0x3e, 0x0d, 0x0a, 0x09, 0x09, 0x09, 0x09, 0x3c, 0x78, 0x73, 0x3a, 0x64, 0x6f,
  0x63, 0x75, 0x6d, 0x65, 0x6e, 0x74, 0x61, 0x74, 0x69, 0x6f, 0x6e, 0x3e, 0xd0,
  0x9d, 0xd0, 0xb0, 0xd0, 0xb8, 0xd0, 0xbc, 0xd0, 0xb5, 0xd0, 0xbd, 0xd0, 0xbe,
  0xd0, 0xb2, 0xd0, 0xb0, 0xd0, 0xbd, 0xd0, 0xb8, 0xd0, 0xb5, 0x20, 0xd1, 0x8e,
  0xd1, 0x80, 0xd0, 0xb8, 0xd0, 0xb4, 0xd0, 0xb8, 0xd1, 0x87, 0xd0, 0xb5, 0xd1,
  0x81, 0xd0, 0xba, 0xd0, 0xbe, 0xd0, 0xb3, 0xd0, 0xbe, 0x20, 0xd0, 0xbb, 0xd0,
  0xb8, 0xd1, 0x86, 0xd0, 0xb0, 0x20, 0x2f, 0x20, 0xd0, 0x9d, 0xd0, 0xb0, 0xd0,
  0xb8, 0xd0, 0xbc, 0xd0, 0xb5, 0xd0, 0xbd, 0xd0, 0xbe, 0xd0, 0xb2, 0xd0, 0xb0,
  0xd0, 0xbd, 0xd0, 0xb8, 0xd0, 0xb5, 0x20, 0xd1, 0x84, 0xd0, 0xb8, 0xd0, 0xbb,
  0xd0, 0xb8, 0xd0, 0xb0, 0xd0, 0xbb, 0xd0, 0xb0, 0x20, 0x28, 0xd0, 0xbe, 0xd0,
  0xb1, 0xd0, 0xbe, 0xd1, 0x81, 0xd0, 0xbe, 0xd0, 0xb1, 0xd0, 0xbb, 0xd0, 0xb5,
  0xd0, 0xbd, 0xd0, 0xbd, 0xd0, 0xbe, 0xd0, 0xb3, 0xd0, 0xbe, 0x20, 0xd0, 0xbf,
  0xd0, 0xbe, 0xd0, 0xb4, 0xd1, 0x80, 0xd0, 0xb0, 0xd0, 0xb7, 0xd0, 0xb4, 0xd0,
  0xb5, 0xd0, 0xbb, 0xd0, 0xb5, 0xd0, 0xbd, 0xd0, 0xb8, 0xd1, 0x8f, 0x29, 0x20,
  0xd1, 0x8e, 0xd1, 0x80, 0xd0, 0xb8, 0xd0, 0xb4, 0xd0, 0xb8, 0xd1, 0x87, 0xd0,
  0xb5, 0xd1, 0x81, 0xd0, 0xba, 0xd0, 0xbe, 0xd0, 0xb3, 0xd0, 0xbe, 0x20, 0xd0,
  0xbb, 0xd0, 0xb8, 0xd1, 0x86, 0xd0, 0xb0, 0x3c, 0x2f, 0x78, 0x73, 0x3a, 0x64,
  0x6f, 0x63, 0x75, 0x6d, 0x65, 0x6e, 0x74, 0x61, 0x74, 0x69, 0x6f, 0x6e, 0x3e,
  0x0d, 0x0a, 0x09, 0x09, 0x09, 0x3c, 0x2f, 0x78, 0x73, 0x3a, 0x61, 0x6e, 0x6e,
  0x6f, 0x74, 0x61, 0x74, 0x69, 0x6f, 0x6e, 0x3e, 0x0d, 0x0a, 0x09, 0x09, 0x09,
  0x3c, 0x78, 0x73, 0x3a, 0x73, 0x69, 0x6d, 0x70, 0x6c, 0x65, 0x54, 0x79, 0x70,
  0x65, 0x3e, 0x0d, 0x0a, 0x09, 0x09, 0x09, 0x09, 0x3c, 0x78, 0x73, 0x3a, 0x72,
  0x65, 0x73, 0x74, 0x72, 0x69, 0x63, 0x74, 0x69, 0x6f, 0x6e, 0x20, 0x62, 0x61,
  0x73, 0x65, 0x3d, 0x22, 0x78, 0x73, 0x3a, 0x73, 0x74, 0x72, 0x69, 0x6e, 0x67,
  0x22, 0x3e, 0x0d, 0x0a, 0x09, 0x09, 0x09, 0x09, 0x09, 0x3c, 0x78, 0x73, 0x3a,
  0x6d, 0x69, 0x6e, 0x4c, 0x65, 0x6e, 0x67, 0x74, 0x68, 0x20, 0x76, 0x61, 0x6c,
  0x75, 0x65, 0x3d, 0x22, 0x31, 0x22, 0x2f, 0x3e, 0x0d, 0x0a, 0x09, 0x09, 0x09,
  0x09, 0x09, 0x3c, 0x78, 0x73, 0x3a, 0x6d, 0x61, 0x78, 0x4c, 0x65, 0x6e, 0x67,
  0x74, 0x68, 0x20, 0x76, 0x61, 0x6c, 0x75, 0x65, 0x3d, 0x22, 0x31, 0x30, 0x30,
  0x30, 0x22, 0x2f, 0x3e, 0x0d, 0x0a, 0x09, 0x09, 0x09, 0x09, 0x3c, 0x2f, 0x78,
  0x73, 0x3a, 0x72, 0x65, 0x73, 0x74, 0x72, 0x69, 0x63, 0x74, 0x69, 0x6f, 0x6e,
  0x3e, 0x0d, 0x0a, 0x09, 0x09, 0x09, 0x3c, 0x2f, 0x78, 0x73, 0x3a, 0x73, 0x69,
  0x6d, 0x70, 0x6c, 0x65, 0x54, 0x79, 0x70, 0x65, 0x3e, 0x0d, 0x0a, 0x09, 0x09,
  0x3c, 0x2f, 0x78, 0x73, 0x3a, 0x61, 0x74, 0x74, 0x72, 0x69, 0x62, 0x75, 0x74,
  0x65, 0x3e, 0x0d, 0x0a, 0x09, 0x09, 0x3c, 0x78, 0x73, 0x3a, 0x61, 0x74, 0x74,
  0x72, 0x69, 0x62, 0x75, 0x74, 0x65, 0x20, 0x6e, 0x61, 0x6d, 0x65, 0x3d, 0x22,
  0xd0, 0x98, 0xd0, 0x9d, 0xd0, 0x9d, 0xd0, 0xae, 0xd0, 0x9b, 0x22, 0x20, 0x74,
  0x79, 0x70, 0x65, 0x3d, 0x22, 0xd0, 0x98, 0xd0, 0x9d, 0xd0, 0x9d, 0xd0, 0xae,
  0xd0, 0x9b, 0xd0, 0xa2, 0xd0, 0xb8, 0xd0, 0xbf, 0x22, 0x20, 0x75, 0x73, 0x65,
  0x3d, 0x22, 0x6f, 0x70, 0x74, 0x69, 0x6f, 0x6e, 0x61, 0x6c, 0x22, 0x3e, 0x0d,
  0x0a, 0x09, 0x09, 0x09, 0x3c, 0x78, 0x73, 0x3a, 0x61, 0x6e, 0x6e, 0x6f, 0x74,
  0x61, 0x74, 0x69, 0x6f, 0x6e, 0x3e, 0x0d, 0x0a, 0x09, 0x09, 0x09, 0x09, 0x3c,
  0x78, 0x73, 0x3a, 0x64, 0x6f, 0x63, 0x75, 0x6d, 0x65, 0x6e, 0x74, 0x61, 0x74,
  0x69, 0x6f, 0x6e, 0x3e, 0xd0, 0x98, 0xd0, 0x9d, 0xd0, 0x9d, 0x20, 0xd1, 0x8e,
  0xd1, 0x80, 0xd0, 0xb8, 0xd0, 0xb4, 0xd0, 0xb8, 0xd1, 0x87, 0xd0, 0xb5, 0xd1,
  0x81, 0xd0, 0xba, 0xd0, 0xbe, 0xd0, 0xb3, 0xd0, 0xbe, 0x20, 0xd0, 0xbb, 0xd0,
  0xb8, 0xd1, 0x86, 0xd0, 0xb0, 0x20, 0x2f, 0x20, 0xd1, 0x84, 0xd0, 0xb8, 0xd0,
  0xbb, 0xd0, 0xb8, 0xd0, 0xb0, 0xd0, 0xbb, 0xd0, 0xb0, 0x20, 0x28, 0xd0, 0xbe,
  0xd0, 0xb1, 0xd0, 0xbe, 0xd1, 0x81, 0xd0, 0xbe, 0xd0, 0xb1, 0xd0, 0xbb, 0xd0,
  0xb5, 0xd0, 0xbd, 0xd0, 0xbd, 0xd0, 0xbe, 0xd0, 0xb3, 0xd0, 0xbe, 0x20, 0xd0,
  0xbf, 0xd0, 0xbe, 0xd0, 0xb4, 0xd1, 0x80, 0xd0, 0xb0, 0xd0, 0xb7, 0xd0, 0xb4,
  0xd0, 0xb5, 0xd0, 0xbb, 0xd0, 0xb5, 0xd0, 0xbd, 0xd0, 0xb8, 0xd1, 0x8f, 0x29,
  0x20, 0xd1, 0x8e, 0xd1, 0x80, 0xd0, 0xb8, 0xd0, 0xb4, 0xd0, 0xb8, 0xd1, 0x87,
  0xd0, 0xb5, 0xd1, 0x81, 0xd0, 0xba, 0xd0, 0xbe, 0xd0, 0xb3, 0xd0, 0xbe, 0x20,
  0xd0, 0xbb, 0xd0, 0xb8, 0xd1, 0x86, 0xd0, 0xb0, 0x3c, 0x2f, 0x78, 0x73, 0x3a,
  0x64, 0x6f, 0x63, 0x75, 0x6d, 0x65, 0x6e, 0x74, 0x61, 0x74, 0x69, 0x6f, 0x6e,
  0x3e, 0x0d, 0x0a, 0x09, 0x09, 0x09, 0x3c, 0x2f, 0x78, 0x73, 0x3a, 0x61, 0x6e,
  0x6e, 0x6f, 0x74, 0x61, 0x74, 0x69, 0x6f, 0x6e, 0x3e, 0x0d, 0x0a, 0x09, 0x09,
  0x3c, 0x2f, 0x78, 0x73, 0x3a, 0x61, 0x74, 0x74, 0x72, 0x69, 0x62, 0x75, 0x74,
  0x65, 0x3e, 0x0d, 0x0a, 0x09, 0x09, 0x3c, 0x78, 0x73, 0x3a, 0x61, 0x74, 0x74,
  0x72, 0x69, 0x62, 0x75, 0x74, 0x65, 0x20, 0x6e, 0x61, 0x6d, 0x65, 0x3d, 0x22,
  0xd0, 0x9a, 0xd0, 0x9f, 0xd0, 0x9f, 0x22, 0x20, 0x74, 0x79, 0x70, 0x65, 0x3d,
  0x22, 0xd0, 0x9a, 0xd0, 0x9f, 0xd0, 0x9f, 0xd0, 0xa2, 0xd0, 0xb8, 0xd0, 0xbf,
  0x22, 0x20, 0x75, 0x73, 0x65, 0x3d, 0x22, 0x72, 0x65, 0x71, 0x75, 0x69, 0x72,
  0x65, 0x64, 0x22, 0x3e, 0x0d, 0x0a, 0x09, 0x09, 0x09, 0x3c, 0x78, 0x73, 0x3a,
  0x61, 0x6e, 0x6e, 0x6f, 0x74, 0x61, 0x74, 0x69, 0x6f, 0x6e, 0x3e, 0x0d, 0x0a,
  0x09, 0x09, 0x09, 0x09, 0x3c, 0x78, 0x73, 0x3a, 0x64, 0x6f, 0x63, 0x75, 0x6d,
  0x65, 0x6e, 0x74, 0x61, 0x74, 0x69, 0x6f, 0x6e, 0x3e, 0xd0, 0x9a, 0xd0, 0x9f,
  0xd0, 0x9f, 0x20, 0xd1, 0x8e, 0xd1, 0x80, 0xd0, 0xb8, 0xd0, 0xb4, 0xd0, 0xb8,
  0xd1, 0x87, 0xd0, 0xb5, 0xd1, 0x81, 0xd0, 0xba, 0xd0, 0xbe, 0xd0, 0xb3, 0xd0,
  0xbe, 0x20, 0xd0, 0xbb, 0xd0, 0xb8, 0xd1, 0x86, 0xd0, 0xb0, 0x20, 0x2f, 0x20,
  0xd1, 0x84, 0xd0, 0xb8, 0xd0, 0xbb, 0xd0, 0xb8, 0xd0, 0xb0, 0xd0, 0xbb, 0xd0,
  0xb0, 0x20, 0x28, 0xd0, 0xbe, 0xd0, 0xb1, 0xd0, 0xbe, 0xd1, 0x81, 0xd0, 0xbe,
  0xd0, 0xb1, 0xd0, 0xbb, 0xd0, 0xb5, 0xd0, 0xbd, 0xd0, 0xbd, 0xd0, 0xbe, 0xd0,
  0xb3, 0xd0, 0xbe, 0x20, 0xd0, 0xbf, 0xd0, 0xbe, 0xd0, 0xb4, 0xd1, 0x80, 0xd0,
  0xb0, 0xd0, 0xb7, 0xd0, 0xb4, 0xd0, 0xb5, 0xd0, 0xbb, 0xd0, 0xb5, 0xd0, 0xbd,
  0xd0, 0xb8, 0xd1, 0x8f, 0x29, 0x20, 0xd1, 0x8e, 0xd1, 0x80, 0xd0, 0xb8, 0xd0,
  0xb4, 0xd0, 0xb8, 0xd1, 0x87, 0xd0, 0xb5, 0xd1, 0x81, 0xd0, 0xba, 0xd0, 0xbe,
  0xd0, 0xb3, 0xd0, 0xbe, 0x20, 0xd0, 0xbb, 0xd0, 0xb8, 0xd1, 0x86, 0xd0, 0xb0,
  0x3c, 0x2f, 0x78, 0x73, 0x3a, 0x64, 0x6f, 0x63, 0x75, 0x6d, 0x65, 0x6e, 0x74,
  0x61, 0x74, 0x69, 0x6f, 0x6e, 0x3e, 0x0d, 0x0a, 0x09, 0x09, 0x09, 0x3c, 0x2f,
  0x78, 0x73, 0x3a, 0x61, 0x6e, 0x6e, 0x6f, 0x74, 0x61, 0x74, 0x69, 0x6f, 0x6e,
  0x3e, 0x0d, 0x0a, 0x09, 0x09, 0x3c, 0x2f, 0x78, 0x73, 0x3a, 0x61, 0x74, 0x74,
  0x72, 0x69, 0x62, 0x75, 0x74, 0x65, 0x3e, 0x0d, 0x0a, 0x09, 0x09, 0x3c, 0x78,
  0x73, 0x3a, 0x61, 0x74, 0x74, 0x72, 0x69, 0x62, 0x75, 0x74, 0x65, 0x20, 0x6e,
  0x61, 0x6d, 0x65, 0x3d, 0x22, 0xd0, 0x9e, 0xd0, 0x93, 0xd0, 0xa0, 0xd0, 0x9d,
  0x22, 0x20, 0x74, 0x79, 0x70, 0x65, 0x3d, 0x22, 0xd0, 0x9e, 0xd0, 0x93, 0xd0,
  0xa0, 0xd0, 0x9d, 0xd0, 0xa2, 0xd0, 0xb8, 0xd0, 0xbf, 0x22, 0x20, 0x75, 0x73,
  0x65, 0x3d, 0x22, 0x6f, 0x70, 0x74, 0x69, 0x6f, 0x6e, 0x61, 0x6c, 0x22, 0x3e,
  0x0d, 0x0a, 0x09, 0x09, 0x09, 0x3c, 0x78, 0x73, 0x3a, 0x61, 0x6e, 0x6e, 0x6f,
  0x74, 0x61, 0x74, 0x69, 0x6f, 0x6e, 0x3e, 0x0d, 0x0a, 0x09, 0x09, 0x09, 0x09,
  0x3c, 0x78, 0x73, 0x3a, 0x64, 0x6f, 0x63, 0x75, 0x6d, 0x65, 0x6e, 0x74, 0x61,
  0x74, 0x69, 0x6f, 0x6e, 0x3e, 0xd0, 0x9e, 0xd0, 0x93, 0xd0, 0xa0, 0xd0, 0x9d,
  0x3c, 0x2f, 0x78, 0x73, 0x3a, 0x64, 0x6f, 0x63, 0x75, 0x6d, 0x65, 0x6e, 0x74,
  0x61, 0x74, 0x69, 0x6f, 0x6e, 0x3e, 0x0d, 0x0a, 0x09, 0x09, 0x09, 0x3c, 0x2f,
  0x78, 0x73, 0x3a, 0x61, 0x6e, 0x6e, 0x6f, 0x74, 0x61, 0x74, 0x69, 0x6f, 0x6e,
  0x3e, 0x0d, 0x0a, 0x09, 0x09, 0x3c, 0x2f, 0x78, 0x73, 0x3a, 0x61, 0x74, 0x74,
  0x72, 0x69, 0x62, 0x75, 0x74, 0x65, 0x3e, 0x0d, 0x0a, 0x09, 0x09, 0x3c, 0x78,
  0x73, 0x3a, 0x61, 0x74, 0x74, 0x72, 0x69, 0x62, 0x75, 0x74, 0x65, 0x20, 0x6e,
  0x61, 0x6d, 0x65, 0x3d, 0x22, 0xd0, 0xa0, 0xd0, 0xb5, 0xd0, 0xb3, 0xd0, 0x9d,
  0xd0, 0xbe, 0xd0, 0xbc, 0xd0, 0xb5, 0xd1, 0x80, 0x22, 0x20, 0x75, 0x73, 0x65,
  0x3d, 0x22, 0x6f, 0x70, 0x74, 0x69, 0x6f, 0x6e, 0x61, 0x6c, 0x22, 0x3e, 0x0d,
  0x0a, 0x09, 0x09, 0x09, 0x3c, 0x78, 0x73, 0x3a, 0x61, 0x6e, 0x6e, 0x6f, 0x74,
  0x61, 0x74, 0x69, 0x6f, 0x6e, 0x3e, 0x0d, 0x0a, 0x09, 0x09, 0x09, 0x09, 0x3c,
  0x78, 0x73, 0x3a, 0x64, 0x6f, 0x63, 0x75, 0x6d, 0x65, 0x6e, 0x74, 0x61, 0x74,
  0x69, 0x6f, 0x6e, 0x3e, 0xd0, 0xa0, 0xd0, 0xb5, 0xd0, 0xb3, 0xd0, 0xb8, 0xd1,
  0x81, 0xd1, 0x82, 0xd1, 0x80, 0xd0, 0xb0, 0xd1, 0x86, 0xd0, 0xb8, 0xd0, 0xbe,
  0xd0, 0xbd, 0xd0, 0xbd, 0xd1, 0x8b, 0xd0, 0xb9, 0x20, 0xd0, 0xbd, 0xd0, 0xbe,
  0xd0, 0xbc, 0xd0, 0xb5, 0xd1, 0x80, 0x20, 0xd1, 0x84, 0xd0, 0xb8, 0xd0, 0xbb,
  0xd0, 0xb8, 0xd0, 0xb0, 0xd0, 0xbb, 0xd0, 0xb0, 0x20, 0x28, 0xd0, 0xbe, 0xd0,
  0xb1, 0xd0, 0xbe, 0xd1, 0x81, 0xd0, 0xbe, 0xd0, 0xb1, 0xd0, 0xbb, 0xd0, 0xb5,
  0xd0, 0xbd, 0xd0, 0xbd, 0xd0, 0xbe, 0xd0, 0xb3, 0xd0, 0xbe, 0x20, 0xd0, 0xbf,
  0xd0, 0xbe, 0xd0, 0xb4, 0xd1, 0x80, 0xd0, 0xb0, 0xd0, 0xb7, 0xd0, 0xb4, 0xd0,
  0xb5, 0xd0, 0xbb, 0xd0, 0xb5, 0xd0, 0xbd, 0xd0, 0xb8, 0xd1, 0x8f, 0x29, 0x3c,
  0x2f, 0x78, 0x73, 0x3a, 0x64, 0x6f, 0x63, 0x75, 0x6d, 0x65, 0x6e, 0x74, 0x61,
  0x74, 0x69, 0x6f, 0x6e, 0x3e, 0x0d, 0x0a, 0x09, 0x09, 0x09, 0x3c, 0x2f, 0x78,
  0x73, 0x3a, 0x61, 0x6e, 0x6e, 0x6f, 0x74, 0x61, 0x74, 0x69, 0x6f, 0x6e, 0x3e,
  0x0d, 0x0a, 0x09, 0x09, 0x09, 0x3c, 0x78, 0x73, 0x3a, 0x73, 0x69, 0x6d, 0x70,
  0x6c, 0x65, 0x54, 0x79, 0x70, 0x65, 0x3e, 0x0d, 0x0a, 0x09, 0x09, 0x09, 0x09,
  0x3c, 0x78, 0x73, 0x3a, 0x72, 0x65, 0x73, 0x74, 0x72, 0x69, 0x63, 0x74, 0x69,
  0x6f, 0x6e, 0x20, 0x62, 0x61, 0x73, 0x65, 0x3d, 0x22, 0x78, 0x73, 0x3a, 0x73,
  0x74, 0x72, 0x69, 0x6e, 0x67, 0x22, 0x3e, 0x0d, 0x0a, 0x09, 0x09, 0x09, 0x09,
  0x09, 0x3c, 0x78, 0x73, 0x3a, 0x6d, 0x69, 0x6e, 0x4c, 0x65, 0x6e, 0x67, 0x74,
  0x68, 0x20, 0x76, 0x61, 0x6c, 0x75, 0x65, 0x3d, 0x22, 0x31, 0x22, 0x2f, 0x3e,
  0x0d, 0x0a, 0x09, 0x09, 0x09, 0x09, 0x09, 0x3c, 0x78, 0x73, 0x3a, 0x6d, 0x61,
  0x78, 0x4c, 0x65, 0x6e, 0x67, 0x74, 0x68, 0x20, 0x76, 0x61, 0x6c, 0x75, 0x65,
  0x3d, 0x22, 0x38, 0x30, 0x22, 0x2f, 0x3e, 0x0d, 0x0a, 0x09, 0x09, 0x09, 0x09,
  0x3c, 0x2f, 0x78, 0x73, 0x3a, 0x72, 0x65, 0x73, 0x74, 0x72, 0x69, 0x63, 0x74,
  0x69, 0x6f, 0x6e, 0x3e, 0x0d, 0x0a, 0x09, 0x09, 0x09, 0x3c, 0x2f, 0x78, 0x73,
  0x3a, 0x73, 0x69, 0x6d, 0x70, 0x6c, 0x65, 0x54, 0x79, 0x70, 0x65, 0x3e, 0x0d,
  0x0a, 0x09, 0x09, 0x3c, 0x2f, 0x78, 0x73, 0x3a, 0x61, 0x74, 0x74, 0x72, 0x69,
  0x62, 0x75, 0x74, 0x65, 0x3e, 0x0d, 0x0a, 0x09, 0x09, 0x3c, 0x78, 0x73, 0x3a,
  0x61, 0x74, 0x74, 0x72, 0x69, 0x62, 0x75, 0x74, 0x65, 0x20, 0x6e, 0x61, 0x6d,
  0x65, 0x3d, 0x22, 0xd0, 0x9d, 0xd0, 0xb0, 0xd0, 0xb8, 0xd0, 0xbc, 0xd0, 0xa3,
  0xd1, 0x87, 0xd1, 0x80, 0xd0, 0x94, 0xd0, 0xbe, 0xd0, 0xba, 0x22, 0x20, 0x75,
  0x73, 0x65, 0x3d, 0x22, 0x6f, 0x70, 0x74, 0x69, 0x6f, 0x6e, 0x61, 0x6c, 0x22,
  0x3e, 0x0d, 0x0a, 0x09, 0x09, 0x09, 0x3c, 0x78, 0x73, 0x3a, 0x61, 0x6e, 0x6e,
  0x6f, 0x74, 0x61, 0x74, 0x69, 0x6f, 0x6e, 0x3e, 0x0d, 0x0a, 0x09, 0x09, 0x09,
  0x09, 0x3c, 0x78, 0x73, 0x3a, 0x64, 0x6f, 0x63, 0x75, 0x6d, 0x65, 0x6e, 0x74,
  0x61, 0x74, 0x69, 0x6f, 0x6e, 0x3e, 0xd0, 0x9d, 0xd0, 0xb0, 0xd0, 0xb8, 0xd0,
  0xbc, 0xd0, 0xb5, 0xd0, 0xbd, 0xd0, 0xbe, 0xd0, 0xb2, 0xd0, 0xb0, 0xd0, 0xbd,
  0xd0, 0xb8, 0xd0, 0xb5, 0x20, 0xd1, 0x83, 0xd1, 0x87, 0xd1, 0x80, 0xd0, 0xb5,
  0xd0, 0xb4, 0xd0, 0xb8, 0xd1, 0x82, 0xd0, 0xb5, 0xd0, 0xbb, 0xd1, 0x8c, 0xd0,
  0xbd, 0xd0, 0xbe, 0xd0, 0xb3, 0xd0, 0xbe, 0x20, 0xd0, 0xb4, 0xd0, 0xbe, 0xd0,
  0xba, 0xd1, 0x83, 0xd0, 0xbc, 0xd0, 0xb5, 0xd0, 0xbd, 0xd1, 0x82, 0xd0, 0xb0,
  0x3c, 0x2f, 0x78, 0x73, 0x3a, 0x64, 0x6f, 0x63, 0x75, 0x6d, 0x65, 0x6e, 0x74,
  0x61, 0x74, 0x69, 0x6f, 0x6e, 0x3e, 0x0d, 0x0a, 0x09, 0x09, 0x09, 0x3c, 0x2f,
  0x78, 0x73, 0x3a, 0x61, 0x6e, 0x6e, 0x6f, 0x74, 0x61, 0x74, 0x69, 0x6f, 0x6e,
  0x3e, 0x0d, 0x0a, 0x09, 0x09, 0x09, 0x3c, 0x78, 0x73, 0x3a, 0x73, 0x69, 0x6d,
  0x70, 0x6c, 0x65, 0x54, 0x79, 0x70, 0x65, 0x3e, 0x0d, 0x0a, 0x09, 0x09, 0x09,
  0x09, 0x3c, 0x78, 0x73, 0x3a, 0x72, 0x65, 0x73, 0x74, 0x72, 0x69, 0x63, 0x74,
  0x69, 0x6f, 0x6e, 0x20, 0x62, 0x61, 0x73, 0x65, 0x3d, 0x22, 0x78, 0x73, 0x3a,
  0x73, 0x74, 0x72, 0x69, 0x6e, 0x67, 0x22, 0x3e, 0x0d, 0x0a, 0x09, 0x09, 0x09,
  0x09, 0x09, 0x3c, 0x78, 0x73, 0x3a, 0x6d, 0x69, 0x6e, 0x4c, 0x65, 0x6e, 0x67,
  0x74, 0x68, 0x20, 0x76, 0x61, 0x6c, 0x75, 0x65, 0x3d, 0x22, 0x31, 0x22, 0x2f,
  0x3e, 0x0d, 0x0a, 0x09, 0x09, 0x09, 0x09, 0x09, 0x3c, 0x78, 0x73, 0x3a, 0x6d,
  0x61, 0x78, 0x4c, 0x65, 0x6e, 0x67, 0x74, 0x68, 0x20, 0x76, 0x61, 0x6c, 0x75,
  0x65, 0x3d, 0x22, 0x31, 0x30, 0x30, 0x30, 0x22, 0x2f, 0x3e, 0x0d, 0x0a, 0x09,
  0x09, 0x09, 0x09, 0x3c, 0x2f, 0x78, 0x73, 0x3a, 0x72, 0x65, 0x73, 0x74, 0x72,
  0x69, 0x63, 0x74, 0x69, 0x6f, 0x6e, 0x3e, 0x0d, 0x0a, 0x09, 0x09, 0x09, 0x3c,
  0x2f, 0x78, 0x73, 0x3a, 0x73, 0x69, 0x6d, 0x70, 0x6c, 0x65, 0x54, 0x79, 0x70,
  0x65, 0x3e, 0x0d, 0x0a, 0x09, 0x09, 0x3c, 0x2f, 0x78, 0x73, 0x3a, 0x61, 0x74,
  0x74, 0x72, 0x69, 0x62, 0x75, 0x74, 0x65, 0x3e, 0x0d, 0x0a, 0x09, 0x09, 0x3c,
  0x78, 0x73, 0x3a, 0x61, 0x74, 0x74, 0x72, 0x69, 0x62, 0x75, 0x74, 0x65, 0x20,
  0x6e, 0x61, 0x6d, 0x65, 0x3d, 0x22, 0xd0, 0x9a, 0xd0, 0xbe, 0xd0, 0xbd, 0xd1,
  0x82, 0xd0, 0xb0, 0xd0, 0xba, 0xd1, 0x82, 0xd0, 0xa2, 0xd0, 0xbb, 0xd1, 0x84,
  0x22, 0x20, 0x75, 0x73, 0x65, 0x3d, 0x22, 0x6f, 0x70, 0x74, 0x69, 0x6f, 0x6e,
  0x61, 0x6c, 0x22, 0x3e, 0x0d, 0x0a, 0x09, 0x09, 0x09, 0x3c, 0x78, 0x73, 0x3a,
  0x61, 0x6e, 0x6e, 0x6f, 0x74, 0x61, 0x74, 0x69, 0x6f, 0x6e, 0x3e, 0x0d, 0x0a,
  0x09, 0x09, 0x09, 0x09, 0x3c, 0x78, 0x73, 0x3a, 0x64, 0x6f, 0x63, 0x75, 0x6d,
  0x65, 0x6e, 0x74, 0x61, 0x74, 0x69, 0x6f, 0x6e, 0x3e, 0xd0, 0x9a, 0xd0, 0xbe,
  0xd0, 0xbd, 0xd1, 0x82, 0xd0, 0xb0, 0xd0, 0xba, 0xd1, 0x82, 0xd0, 0xbd, 0xd1,
  0x8b, 0xd0, 0xb9, 0x20, 0xd1, 0x82, 0xd0, 0xb5, 0xd0, 0xbb, 0xd0, 0xb5, 0xd1,
  0x84, 0xd0, 0xbe, 0xd0, 0xbd, 0x3c, 0x2f, 0x78, 0x73, 0x3a, 0x64, 0x6f, 0x63,
  0x75, 0x6d, 0x65, 0x6e, 0x74, 0x61, 0x74, 0x69, 0x6f, 0x6e, 0x3e, 0x0d, 0x0a,
  0x09, 0x09, 0x09, 0x3c, 0x2f, 0x78, 0x73, 0x3a, 0x61, 0x6e, 0x6e, 0x6f, 0x74,
  0x61, 0x74, 0x69, 0x6f, 0x6e, 0x3e, 0x0d, 0x0a, 0x09, 0x09, 0x09, 0x3c, 0x78,
  0x73, 0x3a, 0x73, 0x69, 0x6d, 0x70, 0x6c, 0x65, 0x54, 0x79, 0x70, 0x65, 0x3e,
  0x0d, 0x0a, 0x09, 0x09, 0x09, 0x09, 0x3c, 0x78, 0x73, 0x3a, 0x72, 0x65, 0x73,
  0x74, 0x72, 0x69, 0x63, 0x74, 0x69, 0x6f, 0x6e, 0x20, 0x62, 0x61, 0x73, 0x65,
  0x3d, 0x22, 0x78, 0x73, 0x3a, 0x73, 0x74, 0x72, 0x69, 0x6e, 0x67, 0x22, 0x3e,
  0x0d, 0x0a, 0x09, 0x09, 0x09, 0x09, 0x09, 0x3c, 0x78, 0x73, 0x3a, 0x6d, 0x69,
  0x6e, 0x4c, 0x65, 0x6e, 0x67, 0x74, 0x68, 0x20, 0x76, 0x61, 0x6c, 0x75, 0x65,
  0x3d, 0x22, 0x31, 0x22, 0x2f, 0x3e, 0x0d, 0x0a, 0x09, 0x09, 0x09, 0x09, 0x09,
  0x3c, 0x78, 0x73, 0x3a, 0x6d, 0x61, 0x78, 0x4c, 0x65, 0x6e, 0x67, 0x74, 0x68,
  0x20, 0x76, 0x61, 0x6c, 0x75, 0x65, 0x3d, 0x22, 0x35, 0x30, 0x22, 0x2f, 0x3e,
  0x0d, 0x0a, 0x09, 0x09, 0x09, 0x09, 0x3c, 0x2f, 0x78, 0x73, 0x3a, 0x72, 0x65,
  0x73, 0x74, 0x72, 0x69, 0x63, 0x74, 0x69, 0x6f, 0x6e, 0x3e, 0x0d, 0x0a, 0x09,
  0x09, 0x09, 0x3c, 0x2f, 0x78, 0x73, 0x3a, 0x73, 0x69, 0x6d, 0x70, 0x6c, 0x65,
  0x54, 0x79, 0x70, 0x65, 0x3e, 0x0d, 0x0a, 0x09, 0x09, 0x3c, 0x2f, 0x78, 0x73,
  0x3a, 0x61, 0x74, 0x74, 0x72, 0x69, 0x62, 0x75, 0x74, 0x65, 0x3e, 0x0d, 0x0a,
  0x09, 0x09, 0x3c, 0x78, 0x73, 0x3a, 0x61, 0x74, 0x74, 0x72, 0x69, 0x62, 0x75,
  0x74, 0x65, 0x20, 0x6e, 0x61, 0x6d, 0x65, 0x3d, 0x22, 0xd0, 0x90, 0xd0, 0xb4,
  0xd1, 0x80, 0xd0, 0xad, 0xd0, 0xbb, 0xd0, 0x9f, 0xd0, 0xbe, 0xd1, 0x87, 0xd1,
  0x82, 0x22, 0x20, 0x75, 0x73, 0x65, 0x3d, 0x22, 0x6f, 0x70, 0x74, 0x69, 0x6f,
  0x6e, 0x61, 0x6c, 0x22, 0x3e, 0x0d, 0x0a, 0x09, 0x09, 0x09, 0x3c, 0x78, 0x73,
  0x3a, 0x61, 0x6e, 0x6e, 0x6f, 0x74, 0x61, 0x74, 0x69, 0x6f, 0x6e, 0x3e, 0x0d,
  0x0a, 0x09, 0x09, 0x09, 0x09, 0x3c, 0x78, 0x73, 0x3a, 0x64, 0x6f, 0x63, 0x75,
  0x6d, 0x65, 0x6e, 0x74, 0x61, 0x74, 0x69, 0x6f, 0x6e, 0x3e, 0xd0, 0x90, 0xd0,
  0xb4, 0xd1, 0x80, 0xd0, 0xb5, 0xd1, 0x81, 0x20, 0xd1, 0x8d, 0xd0, 0xbb, 0xd0,
  0xb5, 0xd0, 0xba, 0xd1, 0x82, 0xd1, 0x80, 0xd0, 0xbe, 0xd0, 0xbd, 0xd0, 0xbd,
  0xd0, 0xbe, 0xd0, 0xb9, 0x20, 0xd0, 0xbf, 0xd0, 0xbe, 0xd1, 0x87, 0xd1, 0x82,
  0xd1, 0x8b, 0x3c, 0x2f, 0x78, 0x73, 0x3a, 0x64, 0x6f, 0x63, 0x75, 0x6d, 0x65,
  0x6e, 0x74, 0x61, 0x74, 0x69, 0x6f, 0x6e, 0x3e, 0x0d, 0x0a, 0x09, 0x09, 0x09,
  0x3c, 0x2f, 0x78, 0x73, 0x3a, 0x61, 0x6e, 0x6e, 0x6f, 0x74, 0x61, 0x74, 0x69,
  0x6f, 0x6e, 0x3e, 0x0d, 0x0a, 0x09, 0x09, 0x09, 0x3c, 0x78, 0x73, 0x3a, 0x73,
  0x69, 0x6d, 0x70, 0x6c, 0x65, 0x54, 0x79, 0x70, 0x65, 0x3e, 0x0d, 0x0a, 0x09,
  0x09, 0x09, 0x09, 0x3c, 0x78, 0x73, 0x3a, 0x72, 0x65, 0x73, 0x74, 0x72, 0x69,
  0x63, 0x74, 0x69, 0x6f, 0x6e, 0x20, 0x62, 0x61, 0x73, 0x65, 0x3d, 0x22, 0x78,
  0x73, 0x3a, 0x73, 0x74, 0x72, 0x69, 0x6e, 0x67, 0x22, 0x3e, 0x0d, 0x0a, 0x09,
  0x09, 0x09, 0x09, 0x09, 0x3c, 0x78, 0x73, 0x3a, 0x6d, 0x69, 0x6e, 0x4c, 0x65,
  0x6e, 0x67, 0x74, 0x68, 0x20, 0x76, 0x61, 0x6c, 0x75, 0x65, 0x3d, 0x22, 0x33,
  0x22, 0x2f, 0x3e, 0x0d, 0x0a, 0x09, 0x09, 0x09, 0x09, 0x09, 0x3c, 0x78, 0x73,
  0x3a, 0x6d, 0x61, 0x78, 0x4c, 0x65, 0x6e, 0x67, 0x74, 0x68, 0x20, 0x76, 0x61,
  0x6c, 0x75, 0x65, 0x3d, 0x22, 0x31, 0x32, 0x39, 0x22, 0x2f, 0x3e, 0x0d, 0x0a,
  0x09, 0x09, 0x09, 0x09, 0x3c, 0x2f, 0x78, 0x73, 0x3a, 0x72, 0x65, 0x73, 0x74,
  0x72, 0x69, 0x63, 0x74, 0x69, 0x6f, 0x6e, 0x3e, 0x0d, 0x0a, 0x09, 0x09, 0x09,
  0x3c, 0x2f, 0x78, 0x73, 0x3a, 0x73, 0x69, 0x6d, 0x70, 0x6c, 0x65, 0x54, 0x79,
  0x70, 0x65, 0x3e, 0x0d, 0x0a, 0x09, 0x09, 0x3c, 0x2f, 0x78, 0x73, 0x3a, 0x61,
  0x74, 0x74, 0x72, 0x69, 0x62, 0x75, 0x74, 0x65, 0x3e, 0x0d, 0x0a, 0x09, 0x3c,
  0x2f, 0x78, 0x73, 0x3a, 0x63, 0x6f, 0x6d, 0x70, 0x6c, 0x65, 0x78, 0x54, 0x79,
  0x70, 0x65, 0x3e, 0x0d, 0x0a, 0x09, 0x3c, 0x78, 0x73, 0x3a, 0x63, 0x6f, 0x6d,
  0x70, 0x6c, 0x65, 0x78, 0x54, 0x79, 0x70, 0x65, 0x20, 0x6e, 0x61, 0x6d, 0x65,
  0x3d, 0x22, 0xd0, 0xa1, 0xd0, 0xb2, 0xd0, 0x98, 0xd0, 0xbd, 0xd0, 0x9e, 0xd1,
  0x80, 0xd0, 0xb3, 0xd0, 0xa2, 0xd0, 0xb8, 0xd0, 0xbf, 0x22, 0x3e, 0x0d, 0x0a,
  0x09, 0x09, 0x3c, 0x78, 0x73, 0x3a, 0x61, 0x6e, 0x6e, 0x6f, 0x74, 0x61, 0x74,
  0x69, 0x6f, 0x6e, 0x3e, 0x0d, 0x0a, 0x09, 0x09, 0x09, 0x3c, 0x78, 0x73, 0x3a,
  0x64, 0x6f, 0x63, 0x75, 0x6d, 0x65, 0x6e, 0x74, 0x61, 0x74, 0x69, 0x6f, 0x6e,
  0x3e, 0xd0, 0xa1, 0xd0, 0xb2, 0xd0, 0xb5, 0xd0, 0xb4, 0xd0, 0xb5, 0xd0, 0xbd,
  0xd0, 0xb8, 0xd1, 0x8f, 0x20, 0xd0, 0xbe, 0xd0, 0xb1, 0x20, 0xd0, 0xb8, 0xd0,
  0xbd, 0xd0, 0xbe, 0xd1, 0x81, 0xd1, 0x82, 0xd1, 0x80, 0xd0, 0xb0, 0xd0, 0xbd,
  0xd0, 0xbd, 0xd0, 0xbe, 0xd0, 0xbc, 0x20, 0xd1, 0x8e, 0xd1, 0x80, 0xd0, 0xb8,
  0xd0, 0xb4, 0xd0, 0xb8, 0xd1, 0x87, 0xd0, 0xb5, 0xd1, 0x81, 0xd0, 0xba, 0xd0,
  0xbe, 0xd0, 0xbc, 0x20, 0xd0, 0xbb, 0xd0, 0xb8, 0xd1, 0x86, 0xd0, 0xb5, 0x20,
  0x28, 0xd0, 0xb8, 0xd0, 0xbb, 0xd0, 0xb8, 0x20, 0xd1, 0x84, 0xd0, 0xb8, 0xd0,
  0xbb, 0xd0, 0xb8, 0xd0, 0xb0, 0xd0, 0xbb, 0xd0, 0xb5, 0x20, 0x28, 0xd0, 0xb0,
  0xd0, 0xba, 0xd0, 0xba, 0xd1, 0x80, 0xd0, 0xb5, 0xd0, 0xb4, 0xd0, 0xb8, 0xd1,
  0x82, 0xd0, 0xbe, 0xd0, 0xb2, 0xd0, 0xb0, 0xd0, 0xbd, 0xd0, 0xbd, 0xd0, 0xbe,
  0xd0, 0xbc, 0x20, 0xd0, 0xbf, 0xd1, 0x80, 0xd0, 0xb5, 0xd0, 0xb4, 0xd1, 0x81,
  0xd1, 0x82, 0xd0, 0xb0, 0xd0, 0xb2, 0xd0, 0xb8, 0xd1, 0x82, 0xd0, 0xb5, 0xd0,
  0xbb, 0xd1, 0x8c, 0xd1, 0x81, 0xd1, 0x82, 0xd0, 0xb2, 0xd0, 0xb5, 0x29, 0x20,
  0xd0, 0xb8, 0xd0, 0xbd, 0xd0, 0xbe, 0xd1, 0x81, 0xd1, 0x82, 0xd1, 0x80, 0xd0,
  0xb0, 0xd0, 0xbd, 0xd0, 0xbd, 0xd0, 0xbe, 0xd0, 0xb3, 0xd0, 0xbe, 0x20, 0xd1,
  0x8e, 0xd1, 0x80, 0xd0, 0xb8, 0xd0, 0xb4, 0xd0, 0xb8, 0xd1, 0x87, 0xd0, 0xb5,
  0xd1, 0x81, 0xd0, 0xba, 0xd0, 0xbe, 0xd0, 0xb3, 0xd0, 0xbe, 0x20, 0xd0, 0xbb,
  0xd0, 0xb8, 0xd1, 0x86, 0xd0, 0xb0, 0x29, 0x3c, 0x2f, 0x78, 0x73, 0x3a, 0x64,
  0x6f, 0x63, 0x75, 0x6d, 0x65, 0x6e, 0x74, 0x61, 0x74, 0x69, 0x6f, 0x6e, 0x3e,
  0x0d, 0x0a, 0x09, 0x09, 0x3c, 0x2f, 0x78, 0x73, 0x3a, 0x61, 0x6e, 0x6e, 0x6f,
  0x74, 0x61, 0x74, 0x69, 0x6f, 0x6e, 0x3e, 0x0d, 0x0a, 0x09, 0x09, 0x3c, 0x78,
  0x73, 0x3a, 0x73, 0x65, 0x71, 0x75, 0x65, 0x6e, 0x63, 0x65, 0x3e, 0x0d, 0x0a,
  0x09, 0x09, 0x09, 0x3c, 0x78, 0x73, 0x3a, 0x65, 0x6c, 0x65, 0x6d, 0x65, 0x6e,
  0x74, 0x20, 0x6e, 0x61, 0x6d, 0x65, 0x3d, 0x22, 0xd0, 0x90, 0xd0, 0xb4, 0xd1,
  0x80, 0xd0, 0x9c, 0xd0, 0x9d, 0xd0, 0xa4, 0xd0, 0xb0, 0xd0, 0xba, 0xd1, 0x82,
  0x22, 0x20, 0x74, 0x79, 0x70, 0x65, 0x3d, 0x22, 0xd0, 0x90, 0xd0, 0xb4, 0xd1,
  0x80, 0xd0, 0xa2, 0xd0, 0xb8, 0xd0, 0xbf, 0x22, 0x20, 0x6d, 0x69, 0x6e, 0x4f,
  0x63, 0x63, 0x75, 0x72, 0x73, 0x3d, 0x22, 0x30, 0x22, 0x3e, 0x0d, 0x0a, 0x09,
  0x09, 0x09, 0x09, 0x3c, 0x78, 0x73, 0x3a, 0x61, 0x6e, 0x6e, 0x6f, 0x74, 0x61,
  0x74, 0x69, 0x6f, 0x6e, 0x3e, 0x0d, 0x0a, 0x09, 0x09, 0x09, 0x09, 0x09, 0x3c,
  0x78, 0x73, 0x3a, 0x64, 0x6f, 0x63, 0x75, 0x6d, 0x65, 0x6e, 0x74, 0x61, 0x74,
  0x69, 0x6f, 0x6e, 0x3e, 0xd0, 0x90, 0xd0, 0xb4, 0xd1, 0x80, 0xd0, 0xb5, 0xd1,
  0x81, 0x20, 0x28, 0xd0, 0xbc, 0xd0, 0xb5, 0xd1, 0x81, 0xd1, 0x82, 0xd0, 0xbe,
  0x20, 0xd0, 0xbd, 0xd0, 0xb0, 0xd1, 0x85, 0xd0, 0xbe, 0xd0, 0xb6, 0xd0, 0xb4,
  0xd0, 0xb5, 0xd0, 0xbd, 0xd0, 0xb8, 0xd1, 0x8f, 0x29, 0x20, 0xd0, 0xbd, 0xd0,
  0xb0, 0x20, 0xd1, 0x82, 0xd0, 0xb5, 0xd1, 0x80, 0xd1, 0x80, 0xd0, 0xb8, 0xd1,
  0x82, 0xd0, 0xbe, 0xd1, 0x80, 0xd0, 0xb8, 0xd0, 0xb8, 0x20, 0xd0, 0xa0, 0xd0,
  0xbe, 0xd1, 0x81, 0xd1, 0x81, 0xd0, 0xb8, 0xd0, 0xb9, 0xd1, 0x81, 0xd0, 0xba,
  0xd0, 0xbe, 0xd0, 0xb9, 0x20, 0xd0, 0xa4, 0xd0, 0xb5, 0xd0, 0xb4, 0xd0, 0xb5,
  0xd1, 0x80, 0xd0, 0xb0, 0xd1, 0x86, 0xd0, 0xb8, 0xd0, 0xb8, 0x3c, 0x2f, 0x78,
  0x73, 0x3a, 0x64, 0x6f, 0x63, 0x75, 0x6d, 0x65, 0x6e, 0x74, 0x61, 0x74, 0x69,
  0x6f, 0x6e, 0x3e, 0x0d, 0x0a, 0x09, 0x09, 0x09, 0x09, 0x3c, 0x2f, 0x78, 0x73,
  0x3a, 0x61, 0x6e, 0x6e, 0x6f, 0x74, 0x61, 0x74, 0x69, 0x6f, 0x6e, 0x3e, 0x0d,
  0x0a, 0x09, 0x09, 0x09, 0x3c, 0x2f, 0x78, 0x73, 0x3a, 0x65, 0x6c, 0x65, 0x6d,
  0x65, 0x6e, 0x74, 0x3e, 0x0d, 0x0a, 0x09, 0x09, 0x3c, 0x2f, 0x78, 0x73, 0x3a,
  0x73, 0x65, 0x71, 0x75, 0x65, 0x6e, 0x63, 0x65, 0x3e, 0x0d, 0x0a, 0x09, 0x09,
  0x3c, 0x78, 0x73, 0x3a, 0x61, 0x74, 0x74, 0x72, 0x69, 0x62, 0x75, 0x74, 0x65,
  0x20, 0x6e, 0x61, 0x6d, 0x65, 0x3d, 0x22, 0xd0, 0xa1, 0xd1, 0x82, 0xd0, 0xa3,
  0xd1, 0x87, 0xd0, 0x9d, 0xd0, 0x94, 0x22, 0x20, 0x75, 0x73, 0x65, 0x3d, 0x22,
  0x6f, 0x70, 0x74, 0x69, 0x6f, 0x6e, 0x61, 0x6c, 0x22, 0x3e, 0x0d, 0x0a, 0x09,
  0x09, 0x09, 0x3c, 0x78, 0x73, 0x3a, 0x61, 0x6e, 0x6e, 0x6f, 0x74, 0x61, 0x74,
  0x69, 0x6f, 0x6e, 0x3e, 0x0d, 0x0a, 0x09, 0x09, 0x09, 0x09, 0x3c, 0x78, 0x73,
  0x3a, 0x64, 0x6f, 0x63, 0x75, 0x6d, 0x65, 0x6e, 0x74, 0x61, 0x74, 0x69, 0x6f,
  0x6e, 0x3e, 0xd0, 0xa1, 0xd1, 0x82, 0xd0, 0xb0, 0xd1, 0x82, 0xd1, 0x83, 0xd1,
  0x81, 0x20, 0xd1, 0x83, 0xd1, 0x87, 0xd0, 0xb0, 0xd1, 0x81, 0xd1, 0x82, 0xd0,
  0xbd, 0xd0, 0xb8, 0xd0, 0xba, 0xd0, 0xb0, 0x20, 0xd0, 0xbd, 0xd0, 0xbe, 0xd1,
  0x82, 0xd0, 0xb0, 0xd1, 0x80, 0xd0, 0xb8, 0xd0, 0xb0, 0xd0, 0xbb, 0xd1, 0x8c,
  0xd0, 0xbd, 0xd0, 0xbe, 0xd0, 0xb3, 0xd0, 0xbe, 0x20, 0xd0, 0xb4, 0xd0, 0xb5,
  0xd0, 0xb9, 0xd1, 0x81, 0xd1, 0x82, 0xd0, 0xb2, 0xd0, 0xb8, 0xd1, 0x8f, 0x3c,
  0x2f, 0x78, 0x73, 0x3a, 0x64, 0x6f, 0x63, 0x75, 0x6d, 0x65, 0x6e, 0x74, 0x61,
  0x74, 0x69, 0x6f, 0x6e, 0x3e, 0x0d, 0x0a, 0x09, 0x09, 0x09, 0x3c, 0x2f, 0x78,
  0x73, 0x3a, 0x61, 0x6e, 0x6e, 0x6f, 0x74, 0x61, 0x74, 0x69, 0x6f, 0x6e, 0x3e,
  0x0d, 0x0a, 0x09, 0x09, 0x09, 0x3c, 0x78, 0x73, 0x3a, 0x73, 0x69, 0x6d, 0x70,
  0x6c, 0x65, 0x54, 0x79, 0x70, 0x65, 0x3e, 0x0d, 0x0a, 0x09, 0x09, 0x09, 0x09,
  0x3c, 0x78, 0x73, 0x3a, 0x72, 0x65, 0x73, 0x74, 0x72, 0x69, 0x63, 0x74, 0x69,
  0x6f, 0x6e, 0x20, 0x62, 0x61, 0x73, 0x65, 0x3d, 0x22, 0x78, 0x73, 0x3a, 0x73,
  0x74, 0x72, 0x69, 0x6e, 0x67, 0x22, 0x3e, 0x0d, 0x0a, 0x09, 0x09, 0x09, 0x09,
  0x09, 0x3c, 0x78, 0x73, 0x3a, 0x6c, 0x65, 0x6e, 0x67, 0x74, 0x68, 0x20, 0x76,
  0x61, 0x6c, 0x75, 0x65, 0x3d, 0x22, 0x33, 0x22, 0x2f, 0x3e, 0x0d, 0x0a, 0x09,
  0x09, 0x09, 0x09, 0x09, 0x3c, 0x78, 0x73, 0x3a, 0x65, 0x6e, 0x75, 0x6d, 0x65,
  0x72, 0x61, 0x74, 0x69, 0x6f, 0x6e, 0x20, 0x76, 0x61, 0x6c, 0x75, 0x65, 0x3d,
  0x22, 0x31, 0x30, 0x31, 0x22, 0x2f, 0x3e, 0x0d, 0x0a, 0x09, 0x09, 0x09, 0x09,
  0x09, 0x3c, 0x78, 0x73, 0x3a, 0x65, 0x6e, 0x75, 0x6d, 0x65, 0x72, 0x61, 0x74,
  0x69, 0x6f, 0x6e, 0x20, 0x76, 0x61, 0x6c, 0x75, 0x65, 0x3d, 0x22, 0x31, 0x30,
  0x32, 0x22, 0x2f, 0x3e, 0x0d, 0x0a, 0x09, 0x09, 0x09, 0x09, 0x09, 0x3c, 0x78,
  0x73, 0x3a, 0x65, 0x6e, 0x75, 0x6d, 0x65, 0x72, 0x61, 0x74, 0x69, 0x6f, 0x6e,
  0x20, 0x76, 0x61, 0x6c, 0x75, 0x65, 0x3d, 0x22, 0x32, 0x39, 0x39, 0x22, 0x2f,
  0x3e, 0x0d, 0x0a, 0x09, 0x09, 0x09, 0x09, 0x09, 0x3c, 0x78, 0x73, 0x3a, 0x65,
  0x6e, 0x75, 0x6d, 0x65, 0x72, 0x61, 0x74, 0x69, 0x6f, 0x6e, 0x20, 0x76, 0x61,
  0x6c, 0x75, 0x65, 0x3d, 0x22, 0x33, 0x30, 0x31, 0x22, 0x2f, 0x3e, 0x0d, 0x0a,
  0x09, 0x09, 0x09, 0x09, 0x09, 0x3c, 0x78, 0x73, 0x3a, 0x65, 0x6e, 0x75, 0x6d,
  0x65, 0x72, 0x61, 0x74, 0x69, 0x6f, 0x6e, 0x20, 0x76, 0x61, 0x6c, 0x75, 0x65,
  0x3d, 0x22, 0x33, 0x30, 0x33, 0x22, 0x2f, 0x3e, 0x0d, 0x0a, 0x09, 0x09, 0x09,
  0x09, 0x09, 0x3c, 0x78, 0x73, 0x3a, 0x65, 0x6e, 0x75, 0x6d, 0x65, 0x72, 0x61,
  0x74, 0x69, 0x6f, 0x6e, 0x20, 0x76, 0x61, 0x6c, 0x75, 0x65, 0x3d, 0x22, 0x33,
  0x39, 0x39, 0x22, 0x2f, 0x3e, 0x0d, 0x0a, 0x09, 0x09, 0x09, 0x09, 0x3c, 0x2f,
  0x78, 0x73, 0x3a, 0x72, 0x65, 0x73, 0x74, 0x72, 0x69, 0x63, 0x74, 0x69, 0x6f,
  0x6e, 0x3e, 0x0d, 0x0a, 0x09, 0x09, 0x09, 0x3c, 0x2f, 0x78, 0x73, 0x3a, 0x73,
  0x69, 0x6d, 0x70, 0x6c, 0x65, 0x54, 0x79, 0x70, 0x65, 0x3e, 0x0d, 0x0a, 0x09,
  0x09, 0x3c, 0x2f, 0x78, 0x73, 0x3a, 0x61, 0x74, 0x74, 0x72, 0x69, 0x62, 0x75,
  0x74, 0x65, 0x3e, 0x0d, 0x0a, 0x09, 0x09, 0x3c, 0x78, 0x73, 0x3a, 0x61, 0x74,
  0x74, 0x72, 0x69, 0x62, 0x75, 0x74, 0x65, 0x20, 0x6e, 0x61, 0x6d, 0x65, 0x3d,
  0x22, 0xd0, 0x9d, 0xd0, 0xb0, 0xd0, 0xb8, 0xd0, 0xbc, 0xd0, 0x98, 0xd0, 0x9e,
  0x22, 0x20, 0x75, 0x73, 0x65, 0x3d, 0x22, 0x72, 0x65, 0x71, 0x75, 0x69, 0x72,
  0x65, 0x64, 0x22, 0x3e, 0x0d, 0x0a, 0x09, 0x09, 0x09, 0x3c, 0x78, 0x73, 0x3a,
  0x61, 0x6e, 0x6e, 0x6f, 0x74, 0x61, 0x74, 0x69, 0x6f, 0x6e, 0x3e, 0x0d, 0x0a,
  0x09, 0x09, 0x09, 0x09, 0x3c, 0x78, 0x73, 0x3a, 0x64, 0x6f, 0x63, 0x75, 0x6d,
  0x65, 0x6e, 0x74, 0x61, 0x74, 0x69, 0x6f, 0x6e, 0x3e, 0xd0, 0x9d, 0xd0, 0xb0,
  0xd0, 0xb8, 0xd0, 0xbc, 0xd0, 0xb5, 0xd0, 0xbd, 0xd0, 0xbe, 0xd0, 0xb2, 0xd0,
  0xb0, 0xd0, 0xbd, 0xd0, 0xb8, 0xd0, 0xb5, 0x20, 0xd0, 0xb8, 0xd0, 0xbd, 0xd0,
  0xbe, 0xd1, 0x81, 0xd1, 0x82, 0xd1, 0x80, 0xd0, 0xb0, 0xd0, 0xbd, 0xd0, 0xbd,
  0xd0, 0xbe, 0xd0, 0xb3, 0xd0, 0xbe, 0x20, 0xd1, 0x8e, 0xd1, 0x80, 0xd0, 0xb8,
  0xd0, 0xb4, 0xd0, 0xb8, 0xd1, 0x87, 0xd0, 0xb5, 0xd1, 0x81, 0xd0, 0xba, 0xd0,
  0xbe, 0xd0, 0xb3, 0xd0, 0xbe, 0x20, 0xd0, 0xbb, 0xd0, 0xb8, 0xd1, 0x86, 0xd0,
  0xb0, 0x20, 0x2f, 0x20, 0xd1, 0x84, 0xd0, 0xb8, 0xd0, 0xbb, 0xd0, 0xb8, 0xd0,
  0xb0, 0xd0, 0xbb, 0xd0, 0xb0, 0x20, 0x28, 0xd0, 0xb0, 0xd0, 0xba, 0xd0, 0xba,
  0xd1, 0x80, 0xd0, 0xb5, 0xd0, 0xb4, 0xd0, 0xb8, 0xd1, 0x82, 0xd0, 0xbe, 0xd0,
  0xb2, 0xd0, 0xb0, 0xd0, 0xbd, 0xd0, 0xbd, 0xd0, 0xbe, 0xd0, 0xb3, 0xd0, 0xbe,
  0x20, 0xd0, 0xbf, 0xd1, 0x80, 0xd0, 0xb5, 0xd0, 0xb4, 0xd1, 0x81, 0xd1, 0x82,
  0xd0, 0xb0, 0xd0, 0xb2, 0xd0, 0xb8, 0xd1, 0x82, 0xd0, 0xb5, 0xd0, 0xbb, 0xd1,
  0x8c, 0xd1, 0x81, 0xd1, 0x82, 0xd0, 0xb2, 0xd0, 0xb0, 0x29, 0x20, 0xd0, 0xb8,
  0xd0, 0xbd, 0xd0, 0xbe, 0xd1, 0x81, 0xd1, 0x82, 0xd1, 0x80, 0xd0, 0xb0, 0xd0,
  0xbd, 0xd0, 0xbd, 0xd0, 0xbe, 0xd0, 0xb3, 0xd0, 0xbe, 0x20, 0xd1, 0x8e, 0xd1,
  0x80, 0xd0, 0xb8, 0xd0, 0xb4, 0xd0, 0xb8, 0xd1, 0x87, 0xd0, 0xb5, 0xd1, 0x81,
  0xd0, 0xba, 0xd0, 0xbe, 0xd0, 0xb3, 0xd0, 0xbe, 0x20, 0xd0, 0xbb, 0xd0, 0xb8,
  0xd1, 0x86, 0xd0, 0xb0, 0x3c, 0x2f, 0x78, 0x73, 0x3a, 0x64, 0x6f, 0x63, 0x75,
  0x6d, 0x65, 0x6e, 0x74, 0x61, 0x74, 0x69, 0x6f, 0x6e, 0x3e, 0x0d, 0x0a, 0x09,
  0x09, 0x09, 0x3c, 0x2f, 0x78, 0x73, 0x3a, 0x61, 0x6e, 0x6e, 0x6f, 0x74, 0x61,
  0x74, 0x69, 0x6f, 0x6e, 0x3e, 0x0d, 0x0a, 0x09, 0x09, 0x09, 0x3c, 0x78, 0x73,
  0x3a, 0x73, 0x69, 0x6d, 0x70, 0x6c, 0x65, 0x54, 0x79, 0x70, 0x65, 0x3e, 0x0d,
  0x0a, 0x09, 0x09, 0x09, 0x09, 0x3c, 0x78, 0x73, 0x3a, 0x72, 0x65, 0x73, 0x74,
  0x72, 0x69, 0x63, 0x74, 0x69, 0x6f, 0x6e, 0x20, 0x62, 0x61, 0x73, 0x65, 0x3d,
  0x22, 0x78, 0x73, 0x3a, 0x73, 0x74, 0x72, 0x69, 0x6e, 0x67, 0x22, 0x3e, 0x0d,
  0x0a, 0x09, 0x09, 0x09, 0x09, 0x09, 0x3c, 0x78, 0x73, 0x3a, 0x6d, 0x69, 0x6e,
  0x4c, 0x65, 0x6e, 0x67, 0x74, 0x68, 0x20, 0x76, 0x61, 0x6c, 0x75, 0x65, 0x3d,
  0x22, 0x31, 0x22, 0x2f, 0x3e, 0x0d, 0x0a, 0x09, 0x09, 0x09, 0x09, 0x09, 0x3c,
  0x78, 0x73, 0x3a, 0x6d, 0x61, 0x78, 0x4c, 0x65, 0x6e, 0x67, 0x74, 0x68, 0x20,
  0x76, 0x61, 0x6c, 0x75, 0x65, 0x3d, 0x22, 0x31, 0x30, 0x30, 0x30, 0x22, 0x2f,
  0x3e, 0x0d, 0x0a, 0x09, 0x09, 0x09, 0x09, 0x3c, 0x2f, 0x78, 0x73, 0x3a, 0x72,
  0x65, 0x73, 0x74, 0x72, 0x69, 0x63, 0x74, 0x69, 0x6f, 0x6e, 0x3e, 0x0d, 0x0a,
  0x09, 0x09, 0x09, 0x3c, 0x2f, 0x78, 0x73, 0x3a, 0x73, 0x69, 0x6d, 0x70, 0x6c,
  0x65, 0x54, 0x79, 0x70, 0x65, 0x3e, 0x0d, 0x0a, 0x09, 0x09, 0x3c, 0x2f, 0x78,
  0x73, 0x3a, 0x61, 0x74, 0x74, 0x72, 0x69, 0x62, 0x75, 0x74, 0x65, 0x3e, 0x0d,
  0x0a, 0x09, 0x09, 0x3c, 0x78, 0x73, 0x3a, 0x61, 0x74, 0x74, 0x72, 0x69, 0x62,
  0x75, 0x74, 0x65, 0x20, 0x6e, 0x61, 0x6d, 0x65, 0x3d, 0x22, 0xd0, 0x98, 0xd0,
  0x9d, 0xd0, 0x9d, 0xd0, 0xae, 0xd0, 0x9b, 0x22, 0x20, 0x74, 0x79, 0x70, 0x65,
  0x3d, 0x22, 0xd0, 0x98, 0xd0, 0x9d, 0xd0, 0x9d, 0xd0, 0xae, 0xd0, 0x9b, 0xd0,
  0xa2, 0xd0, 0xb8, 0xd0, 0xbf, 0x22, 0x20, 0x75, 0x73, 0x65, 0x3d, 0x22, 0x6f,
  0x70, 0x74, 0x69, 0x6f, 0x6e, 0x61, 0x6c, 0x22, 0x3e, 0x0d, 0x0a, 0x09, 0x09,
  0x09, 0x3c, 0x78, 0x73, 0x3a, 0x61, 0x6e, 0x6e, 0x6f, 0x74, 0x61, 0x74, 0x69,
  0x6f, 0x6e, 0x3e, 0x0d, 0x0a, 0x09, 0x09, 0x09, 0x09, 0x3c, 0x78, 0x73, 0x3a,
  0x64, 0x6f, 0x63, 0x75, 0x6d, 0x65, 0x6e, 0x74, 0x61, 0x74, 0x69, 0x6f, 0x6e,
  0x3e, 0xd0, 0x98, 0xd0, 0x9d, 0xd0, 0x9d, 0x20, 0xd0, 0xb8, 0xd0, 0xbd, 0xd0,
  0xbe, 0xd1, 0x81, 0xd1, 0x82, 0xd1, 0x80, 0xd0, 0xb0, 0xd0, 0xbd, 0xd0, 0xbd,
  0xd0, 0xbe, 0xd0, 0xb3, 0xd0, 0xbe, 0x20, 0xd1, 0x8e, 0xd1, 0x80, 0xd0, 0xb8,
  0xd0, 0xb4, 0xd0, 0xb8, 0xd1, 0x87, 0xd0, 0xb5, 0xd1, 0x81, 0xd0, 0xba, 0xd0,
  0xbe, 0xd0, 0xb3, 0xd0, 0xbe, 0x20, 0xd0, 0xbb, 0xd0, 0xb8, 0xd1, 0x86, 0xd0,
  0xb0, 0x20, 0x2f, 0x20, 0xd1, 0x84, 0xd0, 0xb8, 0xd0, 0xbb, 0xd0, 0xb8, 0xd0,
  0xb0, 0xd0, 0xbb, 0xd0, 0xb0, 0x20, 0x28, 0xd0, 0xb0, 0xd0, 0xba, 0xd0, 0xba,
  0xd1, 0x80, 0xd0, 0xb5, 0xd0, 0xb4, 0xd0, 0xb8, 0xd1, 0x82, 0xd0, 0xbe, 0xd0,
  0xb2, 0xd0, 0xb0, 0xd0, 0xbd, 0xd0, 0xbd, 0xd0, 0xbe, 0xd0, 0xb3, 0xd0, 0xbe,
  0x20, 0xd0, 0xbf, 0xd1, 0x80, 0xd0, 0xb5, 0xd0, 0xb4, 0xd1, 0x81, 0xd1, 0x82,
  0xd0, 0xb0, 0xd0, 0xb2, 0xd0, 0xb8, 0xd1, 0x82, 0xd0, 0xb5, 0xd0, 0xbb, 0xd1,
  0x8c, 0xd1, 0x81, 0xd1, 0x82, 0xd0, 0xb2, 0xd0, 0xb0, 0x29, 0x20, 0xd0, 0xb8,
  0xd0, 0xbd, 0xd0, 0xbe, 0xd1, 0x81, 0xd1, 0x82, 0xd1, 0x80, 0xd0, 0xb0, 0xd0,
  0xbd, 0xd0, 0xbd, 0xd0, 0xbe, 0xd0, 0xb3, 0xd0, 0xbe, 0x20, 0xd1, 0x8e, 0xd1,
  0x80, 0xd0, 0xb8, 0xd0, 0xb4, 0xd0, 0xb8, 0xd1, 0x87, 0xd0, 0xb5, 0xd1, 0x81,
  0xd0, 0xba, 0xd0, 0xbe, 0xd0, 0xb3, 0xd0, 0xbe, 0x20, 0xd0, 0xbb, 0xd0, 0xb8,
  0xd1, 0x86, 0xd0, 0xb0, 0x3c, 0x2f, 0x78, 0x73, 0x3a, 0x64, 0x6f, 0x63, 0x75,
  0x6d, 0x65, 0x6e, 0x74, 0x61, 0x74, 0x69, 0x6f, 0x6e, 0x3e, 0x0d, 0x0a, 0x09,
  0x09, 0x09, 0x3c, 0x2f, 0x78, 0x73, 0x3a, 0x61, 0x6e, 0x6e, 0x6f, 0x74, 0x61,
  0x74, 0x69, 0x6f, 0x6e, 0x3e, 0x0d, 0x0a, 0x09, 0x09, 0x3c, 0x2f, 0x78, 0x73,
  0x3a, 0x61, 0x74, 0x74, 0x72, 0x69, 0x62, 0x75, 0x74, 0x65, 0x3e, 0x0d, 0x0a,
  0x09, 0x09, 0x3c, 0x78, 0x73, 0x3a, 0x61, 0x74, 0x74, 0x72, 0x69, 0x62, 0x75,
  0x74, 0x65, 0x20, 0x6e, 0x61, 0x6d, 0x65, 0x3d, 0x22, 0xd0, 0x9a, 0xd0, 0x9f,
  0xd0, 0x9f, 0x22, 0x20, 0x74, 0x79, 0x70, 0x65, 0x3d, 0x22, 0xd0, 0x9a, 0xd0,
  0x9f, 0xd0, 0x9f, 0xd0, 0xa2, 0xd0, 0xb8, 0xd0, 0xbf, 0x22, 0x20, 0x75, 0x73,
  0x65, 0x3d, 0x22, 0x6f, 0x70, 0x74, 0x69, 0x6f, 0x6e, 0x61, 0x6c, 0x22, 0x3e,
  0x0d, 0x0a, 0x09, 0x09, 0x09, 0x3c, 0x78, 0x73, 0x3a, 0x61, 0x6e, 0x6e, 0x6f,
  0x74, 0x61, 0x74, 0x69, 0x6f, 0x6e, 0x3e, 0x0d, 0x0a, 0x09, 0x09, 0x09, 0x09,
  0x3c, 0x78, 0x73, 0x3a, 0x64, 0x6f, 0x63, 0x75, 0x6d, 0x65, 0x6e, 0x74, 0x61,
  0x74, 0x69, 0x6f, 0x6e, 0x3e, 0xd0, 0x9a, 0xd0, 0x9f, 0xd0, 0x9f, 0x20, 0xd1,
  0x84, 0xd0, 0xb8, 0xd0, 0xbb, 0xd0, 0xb8, 0xd0, 0xb0, 0xd0, 0xbb, 0xd0, 0xb0,
  0x20, 0x28, 0xd0, 0xb0, 0xd0, 0xba, 0xd0, 0xba, 0xd1, 0x80, 0xd0, 0xb5, 0xd0,
  0xb4, 0xd0, 0xb8, 0xd1, 0x82, 0xd0, 0xbe, 0xd0, 0xb2, 0xd0, 0xb0, 0xd0, 0xbd,
  0xd0, 0xbd, 0xd0, 0xbe, 0xd0, 0xb3, 0xd0, 0xbe, 0x20, 0xd0, 0xbf, 0xd1, 0x80,
  0xd0, 0xb5, 0xd0, 0xb4, 0xd1, 0x81, 0xd1, 0x82, 0xd0, 0xb0, 0xd0, 0xb2, 0xd0,
  0xb8, 0xd1, 0x82, 0xd0, 0xb5, 0xd0, 0xbb, 0xd1, 0x8c, 0xd1, 0x81, 0xd1, 0x82,
  0xd0, 0xb2, 0xd0, 0xb0, 0x29, 0x20, 0xd0, 0xb8, 0xd0, 0xbd, 0xd0, 0xbe, 0xd1,
  0x81, 0xd1, 0x82, 0xd1, 0x80, 0xd0, 0xb0, 0xd0, 0xbd, 0xd0, 0xbd, 0xd0, 0xbe,
  0xd0, 0xb3, 0xd0, 0xbe, 0x20, 0xd1, 0x8e, 0xd1, 0x80, 0xd0, 0xb8, 0xd0, 0xb4,
  0xd0, 0xb8, 0xd1, 0x87, 0xd0, 0xb5, 0xd1, 0x81, 0xd0, 0xba, 0xd0, 0xbe, 0xd0,
  0xb3, 0xd0, 0xbe, 0x20, 0xd0, 0xbb, 0xd0, 0xb8, 0xd1, 0x86, 0xd0, 0xb0, 0x3c,
  0x2f, 0x78, 0x73, 0x3a, 0x64, 0x6f, 0x63, 0x75, 0x6d, 0x65, 0x6e, 0x74, 0x61,
  0x74, 0x69, 0x6f, 0x6e, 0x3e, 0x0d, 0x0a, 0x09, 0x09, 0x09, 0x3c, 0x2f, 0x78,
  0x73, 0x3a, 0x61, 0x6e, 0x6e, 0x6f, 0x74, 0x61, 0x74, 0x69, 0x6f, 0x6e, 0x3e,
  0x0d, 0x0a, 0x09, 0x09, 0x3c, 0x2f, 0x78, 0x73, 0x3a, 0x61, 0x74, 0x74, 0x72,
  0x69, 0x62, 0x75, 0x74, 0x65, 0x3e, 0x0d, 0x0a, 0x09, 0x09, 0x3c, 0x78, 0x73,
  0x3a, 0x61, 0x74, 0x74, 0x72, 0x69, 0x62, 0x75, 0x74, 0x65, 0x20, 0x6e, 0x61,
  0x6d, 0x65, 0x3d, 0x22, 0xd0, 0x9d, 0xd0, 0x97, 0xd0, 0x90, 0x22, 0x20, 0x75,
  0x73, 0x65, 0x3d, 0x22, 0x6f, 0x70, 0x74, 0x69, 0x6f, 0x6e, 0x61, 0x6c, 0x22,
  0x3e, 0x0d, 0x0a, 0x09, 0x09, 0x09, 0x3c, 0x78, 0x73, 0x3a, 0x61, 0x6e, 0x6e,
  0x6f, 0x74, 0x61, 0x74, 0x69, 0x6f, 0x6e, 0x3e, 0x0d, 0x0a, 0x09, 0x09, 0x09,
  0x09, 0x3c, 0x78, 0x73, 0x3a, 0x64, 0x6f, 0x63, 0x75, 0x6d, 0x65, 0x6e, 0x74,
  0x61, 0x74, 0x69, 0x6f, 0x6e, 0x3e, 0xd0, 0x9d, 0xd0, 0xbe, 0xd0, 0xbc, 0xd0,
  0xb5, 0xd1, 0x80, 0x20, 0xd0, 0xb7, 0xd0, 0xb0, 0xd0, 0xbf, 0xd0, 0xb8, 0xd1,
  0x81, 0xd0, 0xb8, 0x20, 0xd0, 0xbe, 0xd0, 0xb1, 0x20, 0xd0, 0xb0, 0xd0, 0xba,
  0xd0, 0xba, 0xd1, 0x80, 0xd0, 0xb5, 0xd0, 0xb4, 0xd0, 0xb8, 0xd1, 0x82, 0xd0,
  0xb0, 0xd1, 0x86, 0xd0, 0xb8, 0xd0, 0xb8, 0x3c, 0x2f, 0x78, 0x73, 0x3a, 0x64,
  0x6f, 0x63, 0x75, 0x6d, 0x65, 0x6e, 0x74, 0x61, 0x74, 0x69, 0x6f, 0x6e, 0x3e,
  0x0d, 0x0a, 0x09, 0x09, 0x09, 0x3c, 0x2f, 0x78, 0x73, 0x3a, 0x61, 0x6e, 0x6e,
  0x6f, 0x74, 0x61, 0x74, 0x69, 0x6f, 0x6e, 0x3e, 0x0d, 0x0a, 0x09, 0x09, 0x09,
  0x3c, 0x78, 0x73, 0x3a, 0x73, 0x69, 0x6d, 0x70, 0x6c, 0x65, 0x54, 0x79, 0x70,
  0x65, 0x3e, 0x0d, 0x0a, 0x09, 0x09, 0x09, 0x09, 0x3c, 0x78, 0x73, 0x3a, 0x72,
  0x65, 0x73, 0x74, 0x72, 0x69, 0x63, 0x74, 0x69, 0x6f, 0x6e, 0x20, 0x62, 0x61,
  0x73, 0x65, 0x3d, 0x22, 0x78, 0x73, 0x3a, 0x73, 0x74, 0x72, 0x69, 0x6e, 0x67,
  0x22, 0x3e, 0x0d, 0x0a, 0x09, 0x09, 0x09, 0x09, 0x09, 0x3c, 0x78, 0x73, 0x3a,
  0x6c, 0x65, 0x6e, 0x67, 0x74, 0x68, 0x20, 0x76, 0x61, 0x6c, 0x75, 0x65, 0x3d,
  0x22, 0x31, 0x31, 0x22, 0x2f, 0x3e, 0x0d, 0x0a, 0x09, 0x09, 0x09, 0x09, 0x3c,
  0x2f, 0x78, 0x73, 0x3a, 0x72, 0x65, 0x73, 0x74, 0x72, 0x69, 0x63, 0x74, 0x69,
  0x6f, 0x6e, 0x3e, 0x0d, 0x0a, 0x09, 0x09, 0x09, 0x3c, 0x2f, 0x78, 0x73, 0x3a,
  0x73, 0x69, 0x6d, 0x70, 0x6c, 0x65, 0x54, 0x79, 0x70, 0x65, 0x3e, 0x0d, 0x0a,
  0x09, 0x09, 0x3c, 0x2f, 0x78, 0x73, 0x3a, 0x61, 0x74, 0x74, 0x72, 0x69, 0x62,
  0x75, 0x74, 0x65, 0x3e, 0x0d, 0x0a, 0x09, 0x09, 0x3c, 0x78, 0x73, 0x3a, 0x61,
  0x74, 0x74, 0x72, 0x69, 0x62, 0x75, 0x74, 0x65, 0x20, 0x6e, 0x61, 0x6d, 0x65,
  0x3d, 0x22, 0xd0, 0xa1, 0xd1, 0x82, 0xd1, 0x80, 0xd0, 0xa0, 0xd0, 0xb5, 0xd0,
  0xb3, 0x22, 0x20, 0x74, 0x79, 0x70, 0x65, 0x3d, 0x22, 0xd0, 0x9e, 0xd0, 0x9a,
  0xd0, 0xa1, 0xd0, 0x9c, 0xd0, 0xa2, 0xd0, 0xb8, 0xd0, 0xbf, 0x22, 0x20, 0x75,
  0x73, 0x65, 0x3d, 0x22, 0x6f, 0x70, 0x74, 0x69, 0x6f, 0x6e, 0x61, 0x6c, 0x22,
  0x3e, 0x0d, 0x0a, 0x09, 0x09, 0x09, 0x3c, 0x78, 0x73, 0x3a, 0x61, 0x6e, 0x6e,
  0x6f, 0x74, 0x61, 0x74, 0x69, 0x6f, 0x6e, 0x3e, 0x0d, 0x0a, 0x09, 0x09, 0x09,
  0x09, 0x3c, 0x78, 0x73, 0x3a, 0x64, 0x6f, 0x63, 0x75, 0x6d, 0x65, 0x6e, 0x74,
  0x61, 0x74, 0x69, 0x6f, 0x6e, 0x3e, 0xd0, 0xa1, 0xd1, 0x82, 0xd1, 0x80, 0xd0,
  0xb0, 0xd0, 0xbd, 0xd0, 0xb0, 0x20, 0xd1, 0x80, 0xd0, 0xb5, 0xd0, 0xb3, 0xd0,
  0xb8, 0xd1, 0x81, 0xd1, 0x82, 0xd1, 0x80, 0xd0, 0xb0, 0xd1, 0x86, 0xd0, 0xb8,
  0xd0, 0xb8, 0x20, 0x28, 0xd0, 0xb8, 0xd0, 0xbd, 0xd0, 0xba, 0xd0, 0xbe, 0xd1,
  0x80, 0xd0, 0xbf, 0xd0, 0xbe, 0xd1, 0x80, 0xd0, 0xb0, 0xd1, 0x86, 0xd0, 0xb8,
  0xd0, 0xb8, 0x29, 0x3c, 0x2f, 0x78, 0x73, 0x3a, 0x64, 0x6f, 0x63, 0x75, 0x6d,
  0x65, 0x6e, 0x74, 0x61, 0x74, 0x69, 0x6f, 0x6e, 0x3e, 0x0d, 0x0a, 0x09, 0x09,
  0x09, 0x3c, 0x2f, 0x78, 0x73, 0x3a, 0x61, 0x6e, 0x6e, 0x6f, 0x74, 0x61, 0x74,
  0x69, 0x6f, 0x6e, 0x3e, 0x0d, 0x0a, 0x09, 0x09, 0x3c, 0x2f, 0x78, 0x73, 0x3a,
  0x61, 0x74, 0x74, 0x72, 0x69, 0x62, 0x75, 0x74, 0x65, 0x3e, 0x0d, 0x0a, 0x09,
  0x09, 0x3c, 0x78, 0x73, 0x3a, 0x61, 0x74, 0x74, 0x72, 0x69, 0x62, 0x75, 0x74,
  0x65, 0x20, 0x6e, 0x61, 0x6d, 0x65, 0x3d, 0x22, 0xd0, 0x9d, 0xd0, 0xb0, 0xd0,
  0xb8, 0xd0, 0xbc, 0xd0, 0xa0, 0xd0, 0xb5, 0xd0, 0xb3, 0xd0, 0x9e, 0xd1, 0x80,
  0xd0, 0xb3, 0x22, 0x20, 0x75, 0x73, 0x65, 0x3d, 0x22, 0x6f, 0x70, 0x74, 0x69,
  0x6f, 0x6e, 0x61, 0x6c, 0x22, 0x3e, 0x0d, 0x0a, 0x09, 0x09, 0x09, 0x3c, 0x78,
  0x73, 0x3a, 0x61, 0x6e, 0x6e, 0x6f, 0x74, 0x61, 0x74, 0x69, 0x6f, 0x6e, 0x3e,
  0x0d, 0x0a, 0x09, 0x09, 0x09, 0x09, 0x3c, 0x78, 0x73, 0x3a, 0x64, 0x6f, 0x63,
  0x75, 0x6d, 0x65, 0x6e, 0x74, 0x61, 0x74, 0x69, 0x6f, 0x6e, 0x3e, 0xd0, 0x9d,
  0xd0, 0xb0, 0xd0, 0xb8, 0xd0, 0xbc, 0xd0, 0xb5, 0xd0, 0xbd, 0xd0, 0xbe, 0xd0,
  0xb2, 0xd0, 0xb0, 0xd0, 0xbd, 0xd0, 0xb8, 0xd0, 0xb5, 0x20, 0xd1, 0x80, 0xd0,
  0xb5, 0xd0, 0xb3, 0xd0, 0xb8, 0xd1, 0x81, 0xd1, 0x82, 0xd1, 0x80, 0xd0, 0xb8,
  0xd1, 0x80, 0xd1, 0x83, 0xd1, 0x8e, 0xd1, 0x89, 0xd0, 0xb5, 0xd0, 0xb3, 0xd0,
  0xbe, 0x20, 0xd0, 0xbe, 0xd1, 0x80, 0xd0, 0xb3, 0xd0, 0xb0, 0xd0, 0xbd, 0xd0,
  0xb0, 0x3c, 0x2f, 0x78, 0x73, 0x3a, 0x64, 0x6f, 0x63, 0x75, 0x6d, 0x65, 0x6e,
  0x74, 0x61, 0x74, 0x69, 0x6f, 0x6e, 0x3e, 0x0d, 0x0a, 0x09, 0x09, 0x09, 0x3c,
  0x2f, 0x78, 0x73, 0x3a, 0x61, 0x6e, 0x6e, 0x6f, 0x74, 0x61, 0x74, 0x69, 0x6f,
  0x6e, 0x3e, 0x0d, 0x0a, 0x09, 0x09, 0x09, 0x3c, 0x78, 0x73, 0x3a, 0x73, 0x69,
  0x6d, 0x70, 0x6c, 0x65, 0x54, 0x79, 0x70, 0x65, 0x3e, 0x0d, 0x0a, 0x09, 0x09,
  0x09, 0x09, 0x3c, 0x78, 0x73, 0x3a, 0x72, 0x65, 0x73, 0x74, 0x72, 0x69, 0x63,
  0x74, 0x69, 0x6f, 0x6e, 0x20, 0x62, 0x61, 0x73, 0x65, 0x3d, 0x22, 0x78, 0x73,
  0x3a, 0x73, 0x74, 0x72, 0x69, 0x6e, 0x67, 0x22, 0x3e, 0x0d, 0x0a, 0x09, 0x09,
  0x09, 0x09, 0x09, 0x3c, 0x78, 0x73, 0x3a, 0x6d, 0x69, 0x6e, 0x4c, 0x65, 0x6e,
  0x67, 0x74, 0x68, 0x20, 0x76, 0x61, 0x6c, 0x75, 0x65, 0x3d, 0x22, 0x31, 0x22,
  0x2f, 0x3e, 0x0d, 0x0a, 0x09, 0x09, 0x09, 0x09, 0x09, 0x3c, 0x78, 0x73, 0x3a,
  0x6d, 0x61, 0x78, 0x4c, 0x65, 0x6e, 0x67, 0x74, 0x68, 0x20, 0x76, 0x61, 0x6c,
  0x75, 0x65, 0x3d, 0x22, 0x32, 0x35, 0x35, 0x22, 0x2f, 0x3e, 0x0d, 0x0a, 0x09,
  0x09, 0x09, 0x09, 0x3c, 0x2f, 0x78, 0x73, 0x3a, 0x72, 0x65, 0x73, 0x74, 0x72,
  0x69, 0x63, 0x74, 0x69, 0x6f, 0x6e, 0x3e, 0x0d, 0x0a, 0x09, 0x09, 0x09, 0x3c,
  0x2f, 0x78, 0x73, 0x3a, 0x73, 0x69, 0x6d, 0x70, 0x6c, 0x65, 0x54, 0x79, 0x70,
  0x65, 0x3e, 0x0d, 0x0a, 0x09, 0x09, 0x3c, 0x2f, 0x78, 0x73, 0x3a, 0x61, 0x74,
  0x74, 0x72, 0x69, 0x62, 0x75, 0x74, 0x65, 0x3e, 0x0d, 0x0a, 0x09, 0x09, 0x3c,
  0x78, 0x73, 0x3a, 0x61, 0x74, 0x74, 0x72, 0x69, 0x62, 0x75, 0x74, 0x65, 0x20,
  0x6e, 0x61, 0x6d, 0x65, 0x3d, 0x22, 0xd0, 0xa0, 0xd0, 0xb5, 0xd0, 0xb3, 0xd0,
  0x9d, 0xd0, 0xbe, 0xd0, 0xbc, 0xd0, 0xb5, 0xd1, 0x80, 0x22, 0x20, 0x75, 0x73,
  0x65, 0x3d, 0x22, 0x6f, 0x70, 0x74, 0x69, 0x6f, 0x6e, 0x61, 0x6c, 0x22, 0x3e,
  0x0d, 0x0a, 0x09, 0x09, 0x09, 0x3c, 0x78, 0x73, 0x3a, 0x61, 0x6e, 0x6e, 0x6f,
  0x74, 0x61, 0x74, 0x69, 0x6f, 0x6e, 0x3e, 0x0d, 0x0a, 0x09, 0x09, 0x09, 0x09,
  0x3c, 0x78, 0x73, 0x3a, 0x64, 0x6f, 0x63, 0x75, 0x6d, 0x65, 0x6e, 0x74, 0x61,
  0x74, 0x69, 0x6f, 0x6e, 0x3e, 0xd0, 0xa0, 0xd0, 0xb5, 0xd0, 0xb3, 0xd0, 0xb8,
  0xd1, 0x81, 0xd1, 0x82, 0xd1, 0x80, 0xd0, 0xb0, 0xd1, 0x86, 0xd0, 0xb8, 0xd0,
  0xbe, 0xd0, 0xbd, 0xd0, 0xbd, 0xd1, 0x8b, 0xd0, 0xb9, 0x20, 0xd0, 0xbd, 0xd0,
  0xbe, 0xd0, 0xbc, 0xd0, 0xb5, 0xd1, 0x80, 0x20, 0xd0, 0xb2, 0x20, 0xd1, 0x81,
  0xd1, 0x82, 0xd1, 0x80, 0xd0, 0xb0, 0xd0, 0xbd, 0xd0, 0xb5, 0x20, 0xd1, 0x80,
  0xd0, 0xb5, 0xd0, 0xb3, 0xd0, 0xb8, 0xd1, 0x81, 0xd1, 0x82, 0xd1, 0x80, 0xd0,
  0xb0, 0xd1, 0x86, 0xd0, 0xb8, 0xd0, 0xb8, 0x20, 0x28, 0xd0, 0xb8, 0xd0, 0xbd,
  0xd0, 0xba, 0xd0, 0xbe, 0xd1, 0x80, 0xd0, 0xbf, 0xd0, 0xbe, 0xd1, 0x80, 0xd0,
  0xb0, 0xd1, 0x86, 0xd0, 0xb8, 0xd0, 0xb8, 0x29, 0x3c, 0x2f, 0x78, 0x73, 0x3a,
  0x64, 0x6f, 0x63, 0x75, 0x6d, 0x65, 0x6e, 0x74, 0x61, 0x74, 0x69, 0x6f, 0x6e,
  0x3e, 0x0d, 0x0a, 0x09, 0x09, 0x09, 0x3c, 0x2f, 0x78, 0x73, 0x3a, 0x61, 0x6e,
  0x6e, 0x6f, 0x74, 0x61, 0x74, 0x69, 0x6f, 0x6e, 0x3e, 0x0d, 0x0a, 0x09, 0x09,
  0x09, 0x3c, 0x78, 0x73, 0x3a, 0x73, 0x69, 0x6d, 0x70, 0x6c, 0x65, 0x54, 0x79,
  0x70, 0x65, 0x3e, 0x0d, 0x0a, 0x09, 0x09, 0x09, 0x09, 0x3c, 0x78, 0x73, 0x3a,
  0x72, 0x65, 0x73, 0x74, 0x72, 0x69, 0x63, 0x74, 0x69, 0x6f, 0x6e, 0x20, 0x62,
  0x61, 0x73, 0x65, 0x3d, 0x22, 0x78, 0x73, 0x3a, 0x73, 0x74, 0x72, 0x69, 0x6e,
  0x67, 0x22, 0x3e, 0x0d, 0x0a, 0x09, 0x09, 0x09, 0x09, 0x09, 0x3c, 0x78, 0x73,
  0x3a, 0x6d, 0x69, 0x6e, 0x4c, 0x65, 0x6e, 0x67, 0x74, 0x68, 0x20, 0x76, 0x61,
  0x6c, 0x75, 0x65, 0x3d, 0x22, 0x31, 0x22, 0x2f, 0x3e, 0x0d, 0x0a, 0x09, 0x09,
  0x09, 0x09, 0x09, 0x3c, 0x78, 0x73, 0x3a, 0x6d, 0x61, 0x78, 0x4c, 0x65, 0x6e,
  0x67, 0x74, 0x68, 0x20, 0x76, 0x61, 0x6c, 0x75, 0x65, 0x3d, 0x22, 0x38, 0x30,
  0x22, 0x2f, 0x3e, 0x0d, 0x0a, 0x09, 0x09, 0x09, 0x09, 0x3c, 0x2f, 0x78, 0x73,
  0x3a, 0x72, 0x65, 0x73, 0x74, 0x72, 0x69, 0x63, 0x74, 0x69, 0x6f, 0x6e, 0x3e,
  0x0d, 0x0a, 0x09, 0x09, 0x09, 0x3c, 0x2f, 0x78, 0x73, 0x3a, 0x73, 0x69, 0x6d,
  0x70, 0x6c, 0x65, 0x54, 0x79, 0x70, 0x65, 0x3e, 0x0d, 0x0a, 0x09, 0x09, 0x3c,
  0x2f, 0x78, 0x73, 0x3a, 0x61, 0x74, 0x74, 0x72, 0x69, 0x62, 0x75, 0x74, 0x65,
  0x3e, 0x0d, 0x0a, 0x09, 0x09, 0x3c, 0x78, 0x73, 0x3a, 0x61, 0x74, 0x74, 0x72,
  0x69, 0x62, 0x75, 0x74, 0x65, 0x20, 0x6e, 0x61, 0x6d, 0x65, 0x3d, 0x22, 0xd0,
  0x9a, 0xd0, 0xbe, 0xd0, 0xb4, 0xd0, 0x9d, 0xd0, 0x9f, 0xd0, 0xa0, 0xd0, 0xb5,
  0xd0, 0xb3, 0x22, 0x20, 0x75, 0x73, 0x65, 0x3d, 0x22, 0x6f, 0x70, 0x74, 0x69,
  0x6f, 0x6e, 0x61, 0x6c, 0x22, 0x3e, 0x0d, 0x0a, 0x09, 0x09, 0x09, 0x3c, 0x78,
  0x73, 0x3a, 0x61, 0x6e, 0x6e, 0x6f, 0x74, 0x61, 0x74, 0x69, 0x6f, 0x6e, 0x3e,
  0x0d, 0x0a, 0x09, 0x09, 0x09, 0x09, 0x3c, 0x78, 0x73, 0x3a, 0x64, 0x6f, 0x63,
  0x75, 0x6d, 0x65, 0x6e, 0x74, 0x61, 0x74, 0x69, 0x6f, 0x6e, 0x3e, 0xd0, 0x9a,
  0xd0, 0xbe, 0xd0, 0xb4, 0x20, 0xd0, 0xbd, 0xd0, 0xb0, 0xd0, 0xbb, 0xd0, 0xbe,
  0xd0, 0xb3, 0xd0, 0xbe, 0xd0, 0xbf, 0xd0, 0xbb, 0xd0, 0xb0, 0xd1, 0x82, 0xd0,
  0xb5, 0xd0, 0xbb, 0xd1, 0x8c, 0xd1, 0x89, 0xd0, 0xb8, 0xd0, 0xba, 0xd0, 0xb0,
  0x20, 0xd0, 0xb2, 0x20, 0xd1, 0x81, 0xd1, 0x82, 0xd1, 0x80, 0xd0, 0xb0, 0xd0,
  0xbd, 0xd0, 0xb5, 0x20, 0xd1, 0x80, 0xd0, 0xb5, 0xd0, 0xb3, 0xd0, 0xb8, 0xd1,
  0x81, 0xd1, 0x82, 0xd1, 0x80, 0xd0, 0xb0, 0xd1, 0x86, 0xd0, 0xb8, 0xd0, 0xb8,
  0x20, 0x28, 0xd0, 0xb8, 0xd0, 0xbd, 0xd0, 0xba, 0xd0, 0xbe, 0xd1, 0x80, 0xd0,
  0xbf, 0xd0, 0xbe, 0xd1, 0x80, 0xd0, 0xb0, 0xd1, 0x86, 0xd0, 0xb8, 0xd0, 0xb8,
  0x29, 0x20, 0xd0, 0xb8, 0xd0, 0xbb, 0xd0, 0xb8, 0x20, 0xd0, 0xb0, 0xd0, 0xbd,
  0xd0, 0xb0, 0xd0, 0xbb, 0xd0, 0xbe, 0xd0, 0xb3, 0x3c, 0x2f, 0x78, 0x73, 0x3a,
  0x64, 0x6f, 0x63, 0x75, 0x6d, 0x65, 0x6e, 0x74, 0x61, 0x74, 0x69, 0x6f, 0x6e,
  0x3e, 0x0d, 0x0a, 0x09, 0x09, 0x09, 0x3c, 0x2f, 0x78, 0x73, 0x3a, 0x61, 0x6e,
  0x6e, 0x6f, 0x74, 0x61, 0x74, 0x69, 0x6f, 0x6e, 0x3e, 0x0d, 0x0a, 0x09, 0x09,
  0x09, 0x3c, 0x78, 0x73, 0x3a, 0x73, 0x69, 0x6d, 0x70, 0x6c, 0x65, 0x54, 0x79,
  0x70, 0x65, 0x3e, 0x0d, 0x0a, 0x09, 0x09, 0x09, 0x09, 0x3c, 0x78, 0x73, 0x3a,
  0x72, 0x65, 0x73, 0x74, 0x72, 0x69, 0x63, 0x74, 0x69, 0x6f, 0x6e, 0x20, 0x62,
  0x61, 0x73, 0x65, 0x3d, 0x22, 0x78, 0x73, 0x3a, 0x73, 0x74, 0x72, 0x69, 0x6e,
  0x67, 0x22, 0x3e, 0x0d, 0x0a, 0x09, 0x09, 0x09, 0x09, 0x09, 0x3c, 0x78, 0x73,
  0x3a, 0x6d, 0x69, 0x6e, 0x4c, 0x65, 0x6e, 0x67, 0x74, 0x68, 0x20, 0x76, 0x61,
  0x6c, 0x75, 0x65, 0x3d, 0x22, 0x31, 0x22, 0x2f, 0x3e, 0x0d, 0x0a, 0x09, 0x09,
  0x09, 0x09, 0x09, 0x3c, 0x78, 0x73, 0x3a, 0x6d, 0x61, 0x78, 0x4c, 0x65, 0x6e,
  0x67, 0x74, 0x68, 0x20, 0x76, 0x61, 0x6c, 0x75, 0x65, 0x3d, 0x22, 0x38, 0x30,
  0x22, 0x2f, 0x3e, 0x0d, 0x0a, 0x09, 0x09, 0x09, 0x09, 0x3c, 0x2f, 0x78, 0x73,
  0x3a, 0x72, 0x65, 0x73, 0x74, 0x72, 0x69, 0x63, 0x74, 0x69, 0x6f, 0x6e, 0x3e,
  0x0d, 0x0a, 0x09, 0x09, 0x09, 0x3c, 0x2f, 0x78, 0x73, 0x3a, 0x73, 0x69, 0x6d,
  0x70, 0x6c, 0x65, 0x54, 0x79, 0x70, 0x65, 0x3e, 0x0d, 0x0a, 0x09, 0x09, 0x3c,
  0x2f, 0x78, 0x73, 0x3a, 0x61, 0x74, 0x74, 0x72, 0x69, 0x62, 0x75, 0x74, 0x65,
  0x3e, 0x0d, 0x0a, 0x09, 0x09, 0x3c, 0x78, 0x73, 0x3a, 0x61, 0x74, 0x74, 0x72,
  0x69, 0x62, 0x75, 0x74, 0x65, 0x20, 0x6e, 0x61, 0x6d, 0x65, 0x3d, 0x22, 0xd0,
  0x9a, 0xd0, 0xbe, 0xd0, 0xbd, 0xd1, 0x82, 0xd0, 0xb0, 0xd0, 0xba, 0xd1, 0x82,
  0xd0, 0xa2, 0xd0, 0xbb, 0xd1, 0x84, 0x22, 0x20, 0x75, 0x73, 0x65, 0x3d, 0x22,
  0x6f, 0x70, 0x74, 0x69, 0x6f, 0x6e, 0x61, 0x6c, 0x22, 0x3e, 0x0d, 0x0a, 0x09,
  0x09, 0x09, 0x3c, 0x78, 0x73, 0x3a, 0x61, 0x6e, 0x6e, 0x6f, 0x74, 0x61, 0x74,
  0x69, 0x6f, 0x6e, 0x3e, 0x0d, 0x0a, 0x09, 0x09, 0x09, 0x09, 0x3c, 0x78, 0x73,
  0x3a, 0x64, 0x6f, 0x63, 0x75, 0x6d, 0x65, 0x6e, 0x74, 0x61, 0x74, 0x69, 0x6f,
  0x6e, 0x3e, 0xd0, 0x9a, 0xd0, 0xbe, 0xd0, 0xbd, 0xd1, 0x82, 0xd0, 0xb0, 0xd0,
  0xba, 0xd1, 0x82, 0xd0, 0xbd, 0xd1, 0x8b, 0xd0, 0xb9, 0x20, 0xd1, 0x82, 0xd0,
  0xb5, 0xd0, 0xbb, 0xd0, 0xb5, 0xd1, 0x84, 0xd0, 0xbe, 0xd0, 0xbd, 0x3c, 0x2f,
  0x78, 0x73, 0x3a, 0x64, 0x6f, 0x63, 0x75, 0x6d, 0x65, 0x6e, 0x74, 0x61, 0x74,
  0x69, 0x6f, 0x6e, 0x3e, 0x0d, 0x0a, 0x09, 0x09, 0x09, 0x3c, 0x2f, 0x78, 0x73,
  0x3a, 0x61, 0x6e, 0x6e, 0x6f, 0x74, 0x61, 0x74, 0x69, 0x6f, 0x6e, 0x3e, 0x0d,
  0x0a, 0x09, 0x09, 0x09, 0x3c, 0x78, 0x73, 0x3a, 0x73, 0x69, 0x6d, 0x70, 0x6c,
  0x65, 0x54, 0x79, 0x70, 0x65, 0x3e, 0x0d, 0x0a, 0x09, 0x09, 0x09, 0x09, 0x3c,
  0x78, 0x73, 0x3a, 0x72, 0x65, 0x73, 0x74, 0x72, 0x69, 0x63, 0x74, 0x69, 0x6f,
  0x6e, 0x20, 0x62, 0x61, 0x73, 0x65, 0x3d, 0x22, 0x78, 0x73, 0x3a, 0x73, 0x74,
  0x72, 0x69, 0x6e, 0x67, 0x22, 0x3e, 0x0d, 0x0a, 0x09, 0x09, 0x09, 0x09, 0x09,
  0x3c, 0x78, 0x73, 0x3a, 0x6d, 0x69, 0x6e, 0x4c, 0x65, 0x6e, 0x67, 0x74, 0x68,
  0x20, 0x76, 0x61, 0x6c, 0x75, 0x65, 0x3d, 0x22, 0x31, 0x22, 0x2f, 0x3e, 0x0d,
  0x0a, 0x09, 0x09, 0x09, 0x09, 0x09, 0x3c, 0x78, 0x73, 0x3a, 0x6d, 0x61, 0x78,
  0x4c, 0x65, 0x6e, 0x67, 0x74, 0x68, 0x20, 0x76, 0x61, 0x6c, 0x75, 0x65, 0x3d,
  0x22, 0x35, 0x30, 0x22, 0x2f, 0x3e, 0x0d, 0x0a, 0x09, 0x09, 0x09, 0x09, 0x3c,
  0x2f, 0x78, 0x73, 0x3a, 0x72, 0x65, 0x73, 0x74, 0x72, 0x69, 0x63, 0x74, 0x69,
  0x6f, 0x6e, 0x3e, 0x0d, 0x0a, 0x09, 0x09, 0x09, 0x3c, 0x2f, 0x78, 0x73, 0x3a,
  0x73, 0x69, 0x6d, 0x70, 0x6c, 0x65, 0x54, 0x79, 0x70, 0x65, 0x3e, 0x0d, 0x0a,
  0x09, 0x09, 0x3c, 0x2f, 0x78, 0x73, 0x3a, 0x61, 0x74, 0x74, 0x72, 0x69, 0x62,
  0x75, 0x74, 0x65, 0x3e, 0x0d, 0x0a, 0x09, 0x09, 0x3c, 0x78, 0x73, 0x3a, 0x61,
  0x74, 0x74, 0x72, 0x69, 0x62, 0x75, 0x74, 0x65, 0x20, 0x6e, 0x61, 0x6d, 0x65,
  0x3d, 0x22, 0xd0, 0x90, 0xd0, 0xb4, 0xd1, 0x80, 0xd0, 0xad, 0xd0, 0xbb, 0xd0,
  0x9f, 0xd0, 0xbe, 0xd1, 0x87, 0xd1, 0x82, 0x22, 0x20, 0x75, 0x73, 0x65, 0x3d,
  0x22, 0x6f, 0x70, 0x74, 0x69, 0x6f, 0x6e, 0x61, 0x6c, 0x22, 0x3e, 0x0d, 0x0a,
  0x09, 0x09, 0x09, 0x3c, 0x78, 0x73, 0x3a, 0x61, 0x6e, 0x6e, 0x6f, 0x74, 0x61,
  0x74, 0x69, 0x6f, 0x6e, 0x3e, 0x0d, 0x0a, 0x09, 0x09, 0x09, 0x09, 0x3c, 0x78,
  0x73, 0x3a, 0x64, 0x6f, 0x63, 0x75, 0x6d, 0x65, 0x6e, 0x74, 0x61, 0x74, 0x69,
  0x6f, 0x6e, 0x3e, 0xd0, 0x90, 0xd0, 0xb4, 0xd1, 0x80, 0xd0, 0xb5, 0xd1, 0x81,
  0x20, 0xd1, 0x8d, 0xd0, 0xbb, 0xd0, 0xb5, 0xd0, 0xba, 0xd1, 0x82, 0xd1, 0x80,
  0xd0, 0xbe, 0xd0, 0xbd, 0xd0, 0xbd, 0xd0, 0xbe, 0xd0, 0xb9, 0x20, 0xd0, 0xbf,
  0xd0, 0xbe, 0xd1, 0x87, 0xd1, 0x82, 0xd1, 0x8b, 0x3c, 0x2f, 0x78, 0x73, 0x3a,
  0x64, 0x6f, 0x63, 0x75, 0x6d, 0x65, 0x6e, 0x74, 0x61, 0x74, 0x69, 0x6f, 0x6e,
  0x3e, 0x0d, 0x0a, 0x09, 0x09, 0x09, 0x3c, 0x2f, 0x78, 0x73, 0x3a, 0x61, 0x6e,
  0x6e, 0x6f, 0x74, 0x61, 0x74, 0x69, 0x6f, 0x6e, 0x3e, 0x0d, 0x0a, 0x09, 0x09,
  0x09, 0x3c, 0x78, 0x73, 0x3a, 0x73, 0x69, 0x6d, 0x70, 0x6c, 0x65, 0x54, 0x79,
  0x70, 0x65, 0x3e, 0x0d, 0x0a, 0x09, 0x09, 0x09, 0x09, 0x3c, 0x78, 0x73, 0x3a,
  0x72, 0x65, 0x73, 0x74, 0x72, 0x69, 0x63, 0x74, 0x69, 0x6f, 0x6e, 0x20, 0x62,
  0x61, 0x73, 0x65, 0x3d, 0x22, 0x78, 0x73, 0x3a, 0x73, 0x74, 0x72, 0x69, 0x6e,
  0x67, 0x22, 0x3e, 0x0d, 0x0a, 0x09, 0x09, 0x09, 0x09, 0x09, 0x3c, 0x78, 0x73,
  0x3a, 0x6d, 0x69, 0x6e, 0x4c, 0x65, 0x6e, 0x67, 0x74, 0x68, 0x20, 0x76, 0x61,
  0x6c, 0x75, 0x65, 0x3d, 0x22, 0x33, 0x22, 0x2f, 0x3e, 0x0d, 0x0a, 0x09, 0x09,
  0x09, 0x09, 0x09, 0x3c, 0x78, 0x73, 0x3a, 0x6d, 0x61, 0x78, 0x4c, 0x65, 0x6e,
  0x67, 0x74, 0x68, 0x20, 0x76, 0x61, 0x6c, 0x75, 0x65, 0x3d, 0x22, 0x31, 0x32,
  0x39, 0x22, 0x2f, 0x3e, 0x0d, 0x0a, 0x09, 0x09, 0x09, 0x09, 0x3c, 0x2f, 0x78,
  0x73, 0x3a, 0x72, 0x65, 0x73, 0x74, 0x72, 0x69, 0x63, 0x74, 0x69, 0x6f, 0x6e,
  0x3e, 0x0d, 0x0a, 0x09, 0x09, 0x09, 0x3c, 0x2f, 0x78, 0x73, 0x3a, 0x73, 0x69,
  0x6d, 0x70, 0x6c, 0x65, 0x54, 0x79, 0x70, 0x65, 0x3e, 0x0d, 0x0a, 0x09, 0x09,
  0x3c, 0x2f, 0x78, 0x73, 0x3a, 0x61, 0x74, 0x74, 0x72, 0x69, 0x62, 0x75, 0x74,
  0x65, 0x3e, 0x0d, 0x0a, 0x09, 0x09, 0x3c, 0x78, 0x73, 0x3a, 0x61, 0x74, 0x74,
  0x72, 0x69, 0x62, 0x75, 0x74, 0x65, 0x20, 0x6e, 0x61, 0x6d, 0x65, 0x3d, 0x22,
  0xd0, 0x90, 0xd0, 0xb4, 0xd1, 0x80, 0xd0, 0xa1, 0xd1, 0x82, 0xd1, 0x80, 0xd0,
  0xa0, 0xd0, 0xb5, 0xd0, 0xb3, 0x22, 0x20, 0x75, 0x73, 0x65, 0x3d, 0x22, 0x6f,
  0x70, 0x74, 0x69, 0x6f, 0x6e, 0x61, 0x6c, 0x22, 0x3e, 0x0d, 0x0a, 0x09, 0x09,
  0x09, 0x3c, 0x78, 0x73, 0x3a, 0x61, 0x6e, 0x6e, 0x6f, 0x74, 0x61, 0x74, 0x69,
  0x6f, 0x6e, 0x3e, 0x0d, 0x0a, 0x09, 0x09, 0x09, 0x09, 0x3c, 0x78, 0x73, 0x3a,
  0x64, 0x6f, 0x63, 0x75, 0x6d, 0x65, 0x6e, 0x74, 0x61, 0x74, 0x69, 0x6f, 0x6e,
  0x3e, 0xd0, 0x90, 0xd0, 0xb4, 0xd1, 0x80, 0xd0, 0xb5, 0xd1, 0x81, 0x20, 0xd1,
  0x8e, 0xd1, 0x80, 0xd0, 0xb8, 0xd0, 0xb4, 0xd0, 0xb8, 0xd1, 0x87, 0xd0, 0xb5,
  0xd1, 0x81, 0xd0, 0xba, 0xd0, 0xbe, 0xd0, 0xb3, 0xd0, 0xbe, 0x20, 0xd0, 0xbb,
  0xd0, 0xb8, 0xd1, 0x86, 0xd0, 0xb0, 0x20, 0xd0, 0xbd, 0xd0, 0xb0, 0x20, 0xd1,
  0x82, 0xd0, 0xb5, 0xd1, 0x80, 0xd1, 0x80, 0xd0, 0xb8, 0xd1, 0x82, 0xd0, 0xbe,
  0xd1, 0x80, 0xd0, 0xb8, 0xd0, 0xb8, 0x20, 0xd0, 0xb3, 0xd0, 0xbe, 0xd1, 0x81,
  0xd1, 0x83, 0xd0, 0xb4, 0xd0, 0xb0, 0xd1, 0x80, 0xd1, 0x81, 0xd1, 0x82, 0xd0,
  0xb2, 0xd0, 0xb0, 0x2c, 0x20, 0xd0, 0xb2, 0x20, 0xd0, 0xba, 0xd0, 0xbe, 0xd1,
  0x82, 0xd0, 0xbe, 0xd1, 0x80, 0xd0, 0xbe, 0xd0, 0xbc, 0x20, 0xd0, 0xbe, 0xd0,
  0xbd, 0xd0, 0xbe, 0x20, 0xd0, 0xb7, 0xd0, 0xb0, 0xd1, 0x80, 0xd0, 0xb5, 0xd0,
  0xb3, 0xd0, 0xb8, 0xd1, 0x81, 0xd1, 0x82, 0xd1, 0x80, 0xd0, 0xb8, 0xd1, 0x80,
  0xd0, 0xbe, 0xd0, 0xb2, 0xd0, 0xb0, 0xd0, 0xbd, 0xd0, 0xbe, 0x3c, 0x2f, 0x78,
  0x73, 0x3a, 0x64, 0x6f, 0x63, 0x75, 0x6d, 0x65, 0x6e, 0x74, 0x61, 0x74, 0x69,
  0x6f, 0x6e, 0x3e, 0x0d, 0x0a, 0x09, 0x09, 0x09, 0x3c, 0x2f, 0x78, 0x73, 0x3a,
  0x61, 0x6e, 0x6e, 0x6f, 0x74, 0x61, 0x74, 0x69, 0x6f, 0x6e, 0x3e, 0x0d, 0x0a,
  0x09, 0x09, 0x09, 0x3c, 0x78, 0x73, 0x3a, 0x73, 0x69, 0x6d, 0x70, 0x6c, 0x65,
  0x54, 0x79, 0x70, 0x65, 0x3e, 0x0d, 0x0a, 0x09, 0x09, 0x09, 0x09, 0x3c, 0x78,
  0x73, 0x3a, 0x72, 0x65, 0x73, 0x74, 0x72, 0x69, 0x63, 0x74, 0x69, 0x6f, 0x6e,
  0x20, 0x62, 0x61, 0x73, 0x65, 0x3d, 0x22, 0x78, 0x73, 0x3a, 0x73, 0x74, 0x72,
  0x69, 0x6e, 0x67, 0x22, 0x3e, 0x0d, 0x0a, 0x09, 0x09, 0x09, 0x09, 0x09, 0x3c,
  0x78, 0x73, 0x3a, 0x6d, 0x69, 0x6e, 0x4c, 0x65, 0x6e, 0x67, 0x74, 0x68, 0x20,
  0x76, 0x61, 0x6c, 0x75, 0x65, 0x3d, 0x22, 0x31, 0x22, 0x2f, 0x3e, 0x0d, 0x0a,
  0x09, 0x09, 0x09, 0x09, 0x09, 0x3c, 0x78, 0x73, 0x3a, 0x6d, 0x61, 0x78, 0x4c,
  0x65, 0x6e, 0x67, 0x74, 0x68, 0x20, 0x76, 0x61, 0x6c, 0x75, 0x65, 0x3d, 0x22,
  0x31, 0x30, 0x30, 0x30, 0x22, 0x2f, 0x3e, 0x0d, 0x0a, 0x09, 0x09, 0x09, 0x09,
  0x3c, 0x2f, 0x78, 0x73, 0x3a, 0x72, 0x65, 0x73, 0x74, 0x72, 0x69, 0x63, 0x74,
  0x69, 0x6f, 0x6e, 0x3e, 0x0d, 0x0a, 0x09, 0x09, 0x09, 0x3c, 0x2f, 0x78, 0x73,
  0x3a, 0x73, 0x69, 0x6d, 0x70, 0x6c, 0x65, 0x54, 0x79, 0x70, 0x65, 0x3e, 0x0d,
  0x0a, 0x09, 0x09, 0x3c, 0x2f, 0x78, 0x73, 0x3a, 0x61, 0x74, 0x74, 0x72, 0x69,
  0x62, 0x75, 0x74, 0x65, 0x3e, 0x0d, 0x0a, 0x09, 0x3c, 0x2f, 0x78, 0x73, 0x3a,
  0x63, 0x6f, 0x6d, 0x70, 0x6c, 0x65, 0x78, 0x54, 0x79, 0x70, 0x65, 0x3e, 0x0d,
  0x0a, 0x09, 0x3c, 0x78, 0x73, 0x3a, 0x63, 0x6f, 0x6d, 0x70, 0x6c, 0x65, 0x78,
  0x54, 0x79, 0x70, 0x65, 0x20, 0x6e, 0x61, 0x6d, 0x65, 0x3d, 0x22, 0xd0, 0xa4,
  0xd0, 0x9b, 0xd0, 0x94, 0xd0, 0xbe, 0xd0, 0xb2, 0xd0, 0xb5, 0xd1, 0x80, 0xd0,
  0xa2, 0xd0, 0xb8, 0xd0, 0xbf, 0x22, 0x3e, 0x0d, 0x0a, 0x09, 0x09, 0x3c, 0x78,
  0x73, 0x3a, 0x61, 0x6e, 0x6e, 0x6f, 0x74, 0x61, 0x74, 0x69, 0x6f, 0x6e, 0x3e,
  0x0d, 0x0a, 0x09, 0x09, 0x09, 0x3c, 0x78, 0x73, 0x3a, 0x64, 0x6f, 0x63, 0x75,
  0x6d, 0x65, 0x6e, 0x74, 0x61, 0x74, 0x69, 0x6f, 0x6e, 0x3e, 0xd0, 0xa1, 0xd0,
  0xb2, 0xd0, 0xb5, 0xd0, 0xb4, 0xd0, 0xb5, 0xd0, 0xbd, 0xd0, 0xb8, 0xd1, 0x8f,
  0x20, 0xd0, 0xbe, 0x20, 0xd1, 0x84, 0xd0, 0xb8, 0xd0, 0xb7, 0xd0, 0xb8, 0xd1,
  0x87, 0xd0, 0xb5, 0xd1, 0x81, 0xd0, 0xba, 0xd0, 0xbe, 0xd0, 0xbc, 0x20, 0xd0,
  0xbb, 0xd0, 0xb8, 0xd1, 0x86, 0xd0, 0xb5, 0x20, 0x28, 0xd0, 0xb4, 0xd0, 0xbe,
  0xd0, 0xb2, 0xd0, 0xb5, 0xd1, 0x80, 0xd0, 0xb8, 0xd1, 0x82, 0xd0, 0xb5, 0xd0,
  0xbb, 0xd0, 0xb5, 0x29, 0x3c, 0x2f, 0x78, 0x73, 0x3a, 0x64, 0x6f, 0x63, 0x75,
  0x6d, 0x65, 0x6e, 0x74, 0x61, 0x74, 0x69, 0x6f, 0x6e, 0x3e, 0x0d, 0x0a, 0x09,
  0x09, 0x3c, 0x2f, 0x78, 0x73, 0x3a, 0x61, 0x6e, 0x6e, 0x6f, 0x74, 0x61, 0x74,
  0x69, 0x6f, 0x6e, 0x3e, 0x0d, 0x0a, 0x09, 0x09, 0x3c, 0x78, 0x73, 0x3a, 0x73,
  0x65, 0x71, 0x75, 0x65, 0x6e, 0x63, 0x65, 0x3e, 0x0d, 0x0a, 0x09, 0x09, 0x09,
  0x3c, 0x78, 0x73, 0x3a, 0x65, 0x6c, 0x65, 0x6d, 0x65, 0x6e, 0x74, 0x20, 0x6e,
  0x61, 0x6d, 0x65, 0x3d, 0x22, 0xd0, 0xa1, 0xd0, 0xb2, 0xd0, 0xb5, 0xd0, 0xb4,
  0xd0, 0xa4, 0xd0, 0x9b, 0x22, 0x20, 0x74, 0x79, 0x70, 0x65, 0x3d, 0x22, 0xd0,
  0xa1, 0xd0, 0xb2, 0xd0, 0xb5, 0xd0, 0xb4, 0xd0, 0xa4, 0xd0, 0x9b, 0xd0, 0xa2,
  0xd0, 0xb8, 0xd0, 0xbf, 0x22, 0x3e, 0x0d, 0x0a, 0x09, 0x09, 0x09, 0x09, 0x3c,
  0x78, 0x73, 0x3a, 0x61, 0x6e, 0x6e, 0x6f, 0x74, 0x61, 0x74, 0x69, 0x6f, 0x6e,
  0x3e, 0x0d, 0x0a, 0x09, 0x09, 0x09, 0x09, 0x09, 0x3c, 0x78, 0x73, 0x3a, 0x64,
  0x6f, 0x63, 0x75, 0x6d, 0x65, 0x6e, 0x74, 0x61, 0x74, 0x69, 0x6f, 0x6e, 0x3e,
  0xd0, 0xa1, 0xd0, 0xb2, 0xd0, 0xb5, 0xd0, 0xb4, 0xd0, 0xb5, 0xd0, 0xbd, 0xd0,
  0xb8, 0xd1, 0x8f, 0x20, 0xd0, 0xbe, 0x20, 0xd1, 0x84, 0xd0, 0xb8, 0xd0, 0xb7,
  0xd0, 0xb8, 0xd1, 0x87, 0xd0, 0xb5, 0xd1, 0x81, 0xd0, 0xba, 0xd0, 0xbe, 0xd0,
  0xbc, 0x20, 0xd0, 0xbb, 0xd0, 0xb8, 0xd1, 0x86, 0xd0, 0xb5, 0x3c, 0x2f, 0x78,
  0x73, 0x3a, 0x64, 0x6f, 0x63, 0x75, 0x6d, 0x65, 0x6e, 0x74, 0x61, 0x74, 0x69,
  0x6f, 0x6e, 0x3e, 0x0d, 0x0a, 0x09, 0x09, 0x09, 0x09, 0x3c, 0x2f, 0x78, 0x73,
  0x3a, 0x61, 0x6e, 0x6e, 0x6f, 0x74, 0x61, 0x74, 0x69, 0x6f, 0x6e, 0x3e, 0x0d,
  0x0a, 0x09, 0x09, 0x09, 0x3c, 0x2f, 0x78, 0x73, 0x3a, 0x65, 0x6c, 0x65, 0x6d,
  0x65, 0x6e, 0x74, 0x3e, 0x0d, 0x0a, 0x09, 0x09, 0x09, 0x3c, 0x78, 0x73, 0x3a,
  0x65, 0x6c, 0x65, 0x6d, 0x65, 0x6e, 0x74, 0x20, 0x6e, 0x61, 0x6d, 0x65, 0x3d,
  0x22, 0xd0, 0xa1, 0xd0, 0xb2, 0xd0, 0x97, 0xd0, 0xb0, 0xd0, 0xba, 0xd0, 0x9f,
  0xd1, 0x80, 0xd0, 0xb5, 0xd0, 0xb4, 0xd0, 0xa0, 0xd1, 0x83, 0xd0, 0xba, 0x22,
  0x20, 0x74, 0x79, 0x70, 0x65, 0x3d, 0x22, 0xd0, 0x9b, 0xd0, 0xb8, 0xd1, 0x86,
  0xd0, 0xbe, 0xd0, 0x91, 0xd0, 0xb5, 0xd0, 0xb7, 0xd0, 0x94, 0xd0, 0xbe, 0xd0,
  0xb2, 0xd0, 0xa2, 0xd0, 0xb8, 0xd0, 0xbf, 0x22, 0x20, 0x6d, 0x69, 0x6e, 0x4f,
  0x63, 0x63, 0x75, 0x72, 0x73, 0x3d, 0x22, 0x30, 0x22, 0x3e, 0x0d, 0x0a, 0x09,
  0x09, 0x09, 0x09, 0x3c, 0x78, 0x73, 0x3a, 0x61, 0x6e, 0x6e, 0x6f, 0x74, 0x61,
  0x74, 0x69, 0x6f, 0x6e, 0x3e, 0x0d, 0x0a, 0x09, 0x09, 0x09, 0x09, 0x09, 0x3c,
  0x78, 0x73, 0x3a, 0x64, 0x6f, 0x63, 0x75, 0x6d, 0x65, 0x6e, 0x74, 0x61, 0x74,
  0x69, 0x6f, 0x6e, 0x3e, 0xd0, 0xa1, 0xd0, 0xb2, 0xd0, 0xb5, 0xd0, 0xb4, 0xd0,
  0xb5, 0xd0, 0xbd, 0xd0, 0xb8, 0xd1, 0x8f, 0x20, 0xd0, 0xbe, 0x20, 0xd0, 0xb7,
  0xd0, 0xb0, 0xd0, 0xba, 0xd0, 0xbe, 0xd0, 0xbd, 0xd0, 0xbd, 0xd0, 0xbe, 0xd0,
  0xbc, 0x20, 0xd0, 0xbf, 0xd1, 0x80, 0xd0, 0xb5, 0xd0, 0xb4, 0xd1, 0x81, 0xd1,
  0x82, 0xd0, 0xb0, 0xd0, 0xb2, 0xd0, 0xb8, 0xd1, 0x82, 0xd0, 0xb5, 0xd0, 0xbb,
  0xd0, 0xb5, 0x20, 0xd1, 0x84, 0xd0, 0xb8, 0xd0, 0xb7, 0xd0, 0xb8, 0xd1, 0x87,
  0xd0, 0xb5, 0xd1, 0x81, 0xd0, 0xba, 0xd0, 0xbe, 0xd0, 0xb3, 0xd0, 0xbe, 0x20,
  0xd0, 0xbb, 0xd0, 0xb8, 0xd1, 0x86, 0xd0, 0xb0, 0x20, 0x2f, 0x20, 0xd0, 0xa1,
  0xd0, 0xb2, 0xd0, 0xb5, 0xd0, 0xb4, 0xd0, 0xb5, 0xd0, 0xbd, 0xd0, 0xb8, 0xd1,
  0x8f, 0x20, 0xd0, 0xbe, 0x20, 0xd1, 0x80, 0xd1, 0x83, 0xd0, 0xba, 0xd0, 0xbe,
  0xd0, 0xbf, 0xd1, 0x80, 0xd0, 0xb8, 0xd0, 0xba, 0xd0, 0xbb, 0xd0, 0xb0, 0xd0,
  0xb4, 0xd1, 0x87, 0xd0, 0xb8, 0xd0, 0xba, 0xd0, 0xb5, 0x3c, 0x2f, 0x78, 0x73,
  0x3a, 0x64, 0x6f, 0x63, 0x75, 0x6d, 0x65, 0x6e, 0x74, 0x61, 0x74, 0x69, 0x6f,
  0x6e, 0x3e, 0x0d, 0x0a, 0x09, 0x09, 0x09, 0x09, 0x3c, 0x2f, 0x78, 0x73, 0x3a,
  0x61, 0x6e, 0x6e, 0x6f, 0x74, 0x61, 0x74, 0x69, 0x6f, 0x6e, 0x3e, 0x0d, 0x0a,
  0x09, 0x09, 0x09, 0x3c, 0x2f, 0x78, 0x73, 0x3a, 0x65, 0x6c, 0x65, 0x6d, 0x65,
  0x6e, 0x74, 0x3e, 0x0d, 0x0a, 0x09, 0x09, 0x3c, 0x2f, 0x78, 0x73, 0x3a, 0x73,
  0x65, 0x71, 0x75, 0x65, 0x6e, 0x63, 0x65, 0x3e, 0x0d, 0x0a, 0x09, 0x09, 0x3c,
  0x78, 0x73, 0x3a, 0x61, 0x74, 0x74, 0x72, 0x69, 0x62, 0x75, 0x74, 0x65, 0x20,
  0x6e, 0x61, 0x6d, 0x65, 0x3d, 0x22, 0xd0, 0xa1, 0xd1, 0x82, 0xd0, 0xa3, 0xd1,
  0x87, 0xd0, 0x9d, 0xd0, 0x94, 0x22, 0x20, 0x75, 0x73, 0x65, 0x3d, 0x22, 0x6f,
  0x70, 0x74, 0x69, 0x6f, 0x6e, 0x61, 0x6c, 0x22, 0x3e, 0x0d, 0x0a, 0x09, 0x09,
  0x09, 0x3c, 0x78, 0x73, 0x3a, 0x61, 0x6e, 0x6e, 0x6f, 0x74, 0x61, 0x74, 0x69,
  0x6f, 0x6e, 0x3e, 0x0d, 0x0a, 0x09, 0x09, 0x09, 0x09, 0x3c, 0x78, 0x73, 0x3a,
  0x64, 0x6f, 0x63, 0x75, 0x6d, 0x65, 0x6e, 0x74, 0x61, 0x74, 0x69, 0x6f, 0x6e,
  0x3e, 0xd0, 0xa1, 0xd1, 0x82, 0xd0, 0xb0, 0xd1, 0x82, 0xd1, 0x83, 0xd1, 0x81,
  0x20, 0xd1, 0x83, 0xd1, 0x87, 0xd0, 0xb0, 0xd1, 0x81, 0xd1, 0x82, 0xd0, 0xbd,
  0xd0, 0xb8, 0xd0, 0xba, 0xd0, 0xb0, 0x20, 0xd0, 0xbd, 0xd0, 0xbe, 0xd1, 0x82,
  0xd0, 0xb0, 0xd1, 0x80, 0xd0, 0xb8, 0xd0, 0xb0, 0xd0, 0xbb, 0xd1, 0x8c, 0xd0,
  0xbd, 0xd0, 0xbe, 0xd0, 0xb3, 0xd0, 0xbe, 0x20, 0xd0, 0xb4, 0xd0, 0xb5, 0xd0,
  0xb9, 0xd1, 0x81, 0xd1, 0x82, 0xd0, 0xb2, 0xd0, 0xb8, 0xd1, 0x8f, 0x3c, 0x2f,
  0x78, 0x73, 0x3a, 0x64, 0x6f, 0x63, 0x75, 0x6d, 0x65, 0x6e, 0x74, 0x61, 0x74,
  0x69, 0x6f, 0x6e, 0x3e, 0x0d, 0x0a, 0x09, 0x09, 0x09, 0x3c, 0x2f, 0x78, 0x73,
  0x3a, 0x61, 0x6e, 0x6e, 0x6f, 0x74, 0x61, 0x74, 0x69, 0x6f, 0x6e, 0x3e, 0x0d,
  0x0a, 0x09, 0x09, 0x09, 0x3c, 0x78, 0x73, 0x3a, 0x73, 0x69, 0x6d, 0x70, 0x6c,
  0x65, 0x54, 0x79, 0x70, 0x65, 0x3e, 0x0d, 0x0a, 0x09, 0x09, 0x09, 0x09, 0x3c,
  0x78, 0x73, 0x3a, 0x72, 0x65, 0x73, 0x74, 0x72, 0x69, 0x63, 0x74, 0x69, 0x6f,
  0x6e, 0x20, 0x62, 0x61, 0x73, 0x65, 0x3d, 0x22, 0x78, 0x73, 0x3a, 0x73, 0x74,
  0x72, 0x69, 0x6e, 0x67, 0x22, 0x3e, 0x0d, 0x0a, 0x09, 0x09, 0x09, 0x09, 0x09,
  0x3c, 0x78, 0x73, 0x3a, 0x6c, 0x65, 0x6e, 0x67, 0x74, 0x68, 0x20, 0x76, 0x61,
  0x6c, 0x75, 0x65, 0x3d, 0x22, 0x33, 0x22, 0x2f, 0x3e, 0x0d, 0x0a, 0x09, 0x09,
  0x09, 0x09, 0x09, 0x3c, 0x78, 0x73, 0x3a, 0x65, 0x6e, 0x75, 0x6d, 0x65, 0x72,
  0x61, 0x74, 0x69, 0x6f, 0x6e, 0x20, 0x76, 0x61, 0x6c, 0x75, 0x65, 0x3d, 0x22,
  0x31, 0x30, 0x31, 0x22, 0x2f, 0x3e, 0x0d, 0x0a, 0x09, 0x09, 0x09, 0x09, 0x09,
  0x3c, 0x78, 0x73, 0x3a, 0x65, 0x6e, 0x75, 0x6d, 0x65, 0x72, 0x61, 0x74, 0x69,
  0x6f, 0x6e, 0x20, 0x76, 0x61, 0x6c, 0x75, 0x65, 0x3d, 0x22, 0x31, 0x30, 0x32,
  0x22, 0x2f, 0x3e, 0x0d, 0x0a, 0x09, 0x09, 0x09, 0x09, 0x09, 0x3c, 0x78, 0x73,
  0x3a, 0x65, 0x6e, 0x75, 0x6d, 0x65, 0x72, 0x61, 0x74, 0x69, 0x6f, 0x6e, 0x20,
  0x76, 0x61, 0x6c, 0x75, 0x65, 0x3d, 0x22, 0x32, 0x39, 0x39, 0x22, 0x2f, 0x3e,
  0x0d, 0x0a, 0x09, 0x09, 0x09, 0x09, 0x09, 0x3c, 0x78, 0x73, 0x3a, 0x65, 0x6e,
  0x75, 0x6d, 0x65, 0x72, 0x61, 0x74, 0x69, 0x6f, 0x6e, 0x20, 0x76, 0x61, 0x6c,
  0x75, 0x65, 0x3d, 0x22, 0x33, 0x30, 0x31, 0x22, 0x2f, 0x3e, 0x0d, 0x0a, 0x09,
  0x09, 0x09, 0x09, 0x09, 0x3c, 0x78, 0x73, 0x3a, 0x65, 0x6e, 0x75, 0x6d, 0x65,
  0x72, 0x61, 0x74, 0x69, 0x6f, 0x6e, 0x20, 0x76, 0x61, 0x6c, 0x75, 0x65, 0x3d,
  0x22, 0x33, 0x30, 0x33, 0x22, 0x2f, 0x3e, 0x0d, 0x0a, 0x09, 0x09, 0x09, 0x09,
  0x09, 0x3c, 0x78, 0x73, 0x3a, 0x65, 0x6e, 0x75, 0x6d, 0x65, 0x72, 0x61, 0x74,
  0x69, 0x6f, 0x6e, 0x20, 0x76, 0x61, 0x6c, 0x75, 0x65, 0x3d, 0x22, 0x33, 0x39,
  0x39, 0x22, 0x2f, 0x3e, 0x0d, 0x0a, 0x09, 0x09, 0x09, 0x09, 0x3c, 0x2f, 0x78,
  0x73, 0x3a, 0x72, 0x65, 0x73, 0x74, 0x72, 0x69, 0x63, 0x74, 0x69, 0x6f, 0x6e,
  0x3e, 0x0d, 0x0a, 0x09, 0x09, 0x09, 0x3c, 0x2f, 0x78, 0x73, 0x3a, 0x73, 0x69,
  0x6d, 0x70, 0x6c, 0x65, 0x54, 0x79, 0x70, 0x65, 0x3e, 0x0d, 0x0a, 0x09, 0x09,
  0x3c, 0x2f, 0x78, 0x73, 0x3a, 0x61, 0x74, 0x74, 0x72, 0x69, 0x62, 0x75, 0x74,
  0x65, 0x3e, 0x0d, 0x0a, 0x09, 0x09, 0x3c, 0x78, 0x73, 0x3a, 0x61, 0x74, 0x74,
  0x72, 0x69, 0x62, 0x75, 0x74, 0x65, 0x20, 0x6e, 0x61, 0x6d, 0x65, 0x3d, 0x22,
  0xd0, 0x9f, 0xd1, 0x80, 0xd0, 0x94, 0xd0, 0xb5, 0xd0, 0xb5, 0xd1, 0x81, 0xd0,
  0xbf, 0x22, 0x20, 0x75, 0x73, 0x65, 0x3d, 0x22, 0x6f, 0x70, 0x74, 0x69, 0x6f,
  0x6e, 0x61, 0x6c, 0x22, 0x3e, 0x0d, 0x0a, 0x09, 0x09, 0x09, 0x3c, 0x78, 0x73,
  0x3a, 0x61, 0x6e, 0x6e, 0x6f, 0x74, 0x61, 0x74, 0x69, 0x6f, 0x6e, 0x3e, 0x0d,
  0x0a, 0x09, 0x09, 0x09, 0x09, 0x3c, 0x78, 0x73, 0x3a, 0x64, 0x6f, 0x63, 0x75,
  0x6d, 0x65, 0x6e, 0x74, 0x61, 0x74, 0x69, 0x6f, 0x6e, 0x3e, 0xd0, 0x9f, 0xd1,
  0x80, 0xd0, 0xb8, 0xd0, 0xb7, 0xd0, 0xbd, 0xd0, 0xb0, 0xd0, 0xba, 0x20, 0xd0,
  0xbd, 0xd0, 0xb0, 0xd0, 0xbb, 0xd0, 0xb8, 0xd1, 0x87, 0xd0, 0xb8, 0xd1, 0x8f,
  0x20, 0xd0, 0xbf, 0xd0, 0xbe, 0xd0, 0xbb, 0xd0, 0xbd, 0xd0, 0xbe, 0xd0, 0xb9,
  0x20, 0xd0, 0xb3, 0xd1, 0x80, 0xd0, 0xb0, 0xd0, 0xb6, 0xd0, 0xb4, 0xd0, 0xb0,
  0xd0, 0xbd, 0xd1, 0x81, 0xd0, 0xba, 0xd0, 0xbe, 0xd0, 0xb9, 0x20, 0xd0, 0xb4,
  0xd0, 0xb5, 0xd0, 0xb5, 0xd1, 0x81, 0xd0, 0xbf, 0xd0, 0xbe, 0xd1, 0x81, 0xd0,
  0xbe, 0xd0, 0xb1, 0xd0, 0xbd, 0xd0, 0xbe, 0xd1, 0x81, 0xd1, 0x82, 0xd0, 0xb8,
  0x20, 0xd0, 0xb4, 0xd0, 0xbe, 0xd0, 0xb2, 0xd0, 0xb5, 0xd1, 0x80, 0xd0, 0xb8,
  0xd1, 0x82, 0xd0, 0xb5, 0xd0, 0xbb, 0xd1, 0x8f, 0x3c, 0x2f, 0x78, 0x73, 0x3a,
  0x64, 0x6f, 0x63, 0x75, 0x6d, 0x65, 0x6e, 0x74, 0x61, 0x74, 0x69, 0x6f, 0x6e,
  0x3e, 0x0d, 0x0a, 0x09, 0x09, 0x09, 0x3c, 0x2f, 0x78, 0x73, 0x3a, 0x61, 0x6e,
  0x6e, 0x6f, 0x74, 0x61, 0x74, 0x69, 0x6f, 0x6e, 0x3e, 0x0d, 0x0a, 0x09, 0x09,
  0x09, 0x3c, 0x78, 0x73, 0x3a, 0x73, 0x69, 0x6d, 0x70, 0x6c, 0x65, 0x54, 0x79,
  0x70, 0x65, 0x3e, 0x0d, 0x0a, 0x09, 0x09, 0x09, 0x09, 0x3c, 0x78, 0x73, 0x3a,
  0x72, 0x65, 0x73, 0x74, 0x72, 0x69, 0x63, 0x74, 0x69, 0x6f, 0x6e, 0x20, 0x62,
  0x61, 0x73, 0x65, 0x3d, 0x22, 0x78, 0x73, 0x3a, 0x73, 0x74, 0x72, 0x69, 0x6e,
  0x67, 0x22, 0x3e, 0x0d, 0x0a, 0x09, 0x09, 0x09, 0x09, 0x09, 0x3c, 0x78, 0x73,
  0x3a, 0x6c, 0x65, 0x6e, 0x67, 0x74, 0x68, 0x20, 0x76, 0x61, 0x6c, 0x75, 0x65,
  0x3d, 0x22, 0x31, 0x22, 0x2f, 0x3e, 0x0d, 0x0a, 0x09, 0x09, 0x09, 0x09, 0x09,
  0x3c, 0x78, 0x73, 0x3a, 0x65, 0x6e, 0x75, 0x6d, 0x65, 0x72, 0x61, 0x74, 0x69,
  0x6f, 0x6e, 0x20, 0x76, 0x61, 0x6c, 0x75, 0x65, 0x3d, 0x22, 0x30, 0x22, 0x2f,
  0x3e, 0x0d, 0x0a, 0x09, 0x09, 0x09, 0x09, 0x09, 0x3c, 0x78, 0x73, 0x3a, 0x65,
  0x6e, 0x75, 0x6d, 0x65, 0x72, 0x61, 0x74, 0x69, 0x6f, 0x6e, 0x20, 0x76, 0x61,
  0x6c, 0x75, 0x65, 0x3d, 0x22, 0x31, 0x22, 0x2f, 0x3e, 0x0d, 0x0a, 0x09, 0x09,
  0x09, 0x09, 0x3c, 0x2f, 0x78, 0x73, 0x3a, 0x72, 0x65, 0x73, 0x74, 0x72, 0x69,
  0x63, 0x74, 0x69, 0x6f, 0x6e, 0x3e, 0x0d, 0x0a, 0x09, 0x09, 0x09, 0x3c, 0x2f,
  0x78, 0x73, 0x3a, 0x73, 0x69, 0x6d, 0x70, 0x6c, 0x65, 0x54, 0x79, 0x70, 0x65,
  0x3e, 0x0d, 0x0a, 0x09, 0x09, 0x3c, 0x2f, 0x78, 0x73, 0x3a, 0x61, 0x74, 0x74,
  0x72, 0x69, 0x62, 0x75, 0x74, 0x65, 0x3e, 0x0d, 0x0a, 0x09, 0x09, 0x3c, 0x78,
  0x73, 0x3a, 0x61, 0x74, 0x74, 0x72, 0x69, 0x62, 0x75, 0x74, 0x65, 0x20, 0x6e,
  0x61, 0x6d, 0x65, 0x3d, 0x22, 0xd0, 0x9f, 0xd1, 0x80, 0xd0, 0x9d, 0xd0, 0xb0,
  0xd0, 0xbb, 0xd0, 0xa0, 0xd1, 0x83, 0xd0, 0xba, 0x22, 0x20, 0x75, 0x73, 0x65,
  0x3d, 0x22, 0x6f, 0x70, 0x74, 0x69, 0x6f, 0x6e, 0x61, 0x6c, 0x22, 0x3e, 0x0d,
  0x0a, 0x09, 0x09, 0x09, 0x3c, 0x78, 0x73, 0x3a, 0x61, 0x6e, 0x6e, 0x6f, 0x74,
  0x61, 0x74, 0x69, 0x6f, 0x6e, 0x3e, 0x0d, 0x0a, 0x09, 0x09, 0x09, 0x09, 0x3c,
  0x78, 0x73, 0x3a, 0x64, 0x6f, 0x63, 0x75, 0x6d, 0x65, 0x6e, 0x74, 0x61, 0x74,
  0x69, 0x6f, 0x6e, 0x3e, 0xd0, 0x9f, 0xd1, 0x80, 0xd0, 0xb8, 0xd0, 0xb7, 0xd0,
  0xbd, 0xd0, 0xb0, 0xd0, 0xba, 0x20, 0xd0, 0xbd, 0xd0, 0xb0, 0xd0, 0xbb, 0xd0,
  0xb8, 0xd1, 0x87, 0xd0, 0xb8, 0xd1, 0x8f, 0x20, 0xd1, 0x80, 0xd1, 0x83, 0xd0,
  0xba, 0xd0, 0xbe, 0xd0, 0xbf, 0xd1, 0x80, 0xd0, 0xb8, 0xd0, 0xba, 0xd0, 0xbb,
  0xd0, 0xb0, 0xd0, 0xb4, 0xd1, 0x87, 0xd0, 0xb8, 0xd0, 0xba, 0xd0, 0xb0, 0x3c,
  0x2f, 0x78, 0x73, 0x3a, 0x64, 0x6f, 0x63, 0x75, 0x6d, 0x65, 0x6e, 0x74, 0x61,
  0x74, 0x69, 0x6f, 0x6e, 0x3e, 0x0d, 0x0a, 0x09, 0x09, 0x09, 0x3c, 0x2f, 0x78,
  0x73, 0x3a, 0x61, 0x6e, 0x6e, 0x6f, 0x74, 0x61, 0x74, 0x69, 0x6f, 0x6e, 0x3e,
  0x0d, 0x0a, 0x09, 0x09, 0x09, 0x3c, 0x78, 0x73, 0x3a, 0x73, 0x69, 0x6d, 0x70,
  0x6c, 0x65, 0x54, 0x79, 0x70, 0x65, 0x3e, 0x0d, 0x0a, 0x09, 0x09, 0x09, 0x09,
  0x3c, 0x78, 0x73, 0x3a, 0x72, 0x65, 0x73, 0x74, 0x72, 0x69, 0x63, 0x74, 0x69,
  0x6f, 0x6e, 0x20, 0x62, 0x61, 0x73, 0x65, 0x3d, 0x22, 0x78, 0x73, 0x3a, 0x73,
  0x74, 0x72, 0x69, 0x6e, 0x67, 0x22, 0x3e, 0x0d, 0x0a, 0x09, 0x09, 0x09, 0x09,
  0x09, 0x3c, 0x78, 0x73, 0x3a, 0x6c, 0x65, 0x6e, 0x67, 0x74, 0x68, 0x20, 0x76,
  0x61, 0x6c, 0x75, 0x65, 0x3d, 0x22, 0x31, 0x22, 0x2f, 0x3e, 0x0d, 0x0a, 0x09,
  0x09, 0x09, 0x09, 0x09, 0x3c, 0x78, 0x73, 0x3a, 0x65, 0x6e, 0x75, 0x6d, 0x65,
  0x72, 0x61, 0x74, 0x69, 0x6f, 0x6e, 0x20, 0x76, 0x61, 0x6c, 0x75, 0x65, 0x3d,
  0x22, 0x30, 0x22, 0x2f, 0x3e, 0x0d, 0x0a, 0x09, 0x09, 0x09, 0x09, 0x09, 0x3c,
  0x78, 0x73, 0x3a, 0x65, 0x6e, 0x75, 0x6d, 0x65, 0x72, 0x61, 0x74, 0x69, 0x6f,
  0x6e, 0x20, 0x76, 0x61, 0x6c, 0x75, 0x65, 0x3d, 0x22, 0x31, 0x22, 0x2f, 0x3e,
  0x0d, 0x0a, 0x09, 0x09, 0x09, 0x09, 0x3c, 0x2f, 0x78, 0x73, 0x3a, 0x72, 0x65,
  0x73, 0x74, 0x72, 0x69, 0x63, 0x74, 0x69, 0x6f, 0x6e, 0x3e, 0x0d, 0x0a, 0x09,
  0x09, 0x09, 0x3c, 0x2f, 0x78, 0x73, 0x3a, 0x73, 0x69, 0x6d, 0x70, 0x6c, 0x65,
  0x54, 0x79, 0x70, 0x65, 0x3e, 0x0d, 0x0a, 0x09, 0x09, 0x3c, 0x2f, 0x78, 0x73,
  0x3a, 0x61, 0x74, 0x74, 0x72, 0x69, 0x62, 0x75, 0x74, 0x65, 0x3e, 0x0d, 0x0a,
  0x09, 0x09, 0x3c, 0x78, 0x73, 0x3a, 0x61, 0x74, 0x74, 0x72, 0x69, 0x62, 0x75,
  0x74, 0x65, 0x20, 0x6e, 0x61, 0x6d, 0x65, 0x3d, 0x22, 0xd0, 0x94, 0xd0, 0xbe,
  0xd0, 0xba, 0xd0, 0x9d, 0xd0, 0xb5, 0xd0, 0xb4, 0xd0, 0xb5, 0xd0, 0xb5, 0xd1,
  0x81, 0xd0, 0xbf, 0x22, 0x20, 0x75, 0x73, 0x65, 0x3d, 0x22, 0x6f, 0x70, 0x74,
  0x69, 0x6f, 0x6e, 0x61, 0x6c, 0x22, 0x3e, 0x0d, 0x0a, 0x09, 0x09, 0x09, 0x3c,
  0x78, 0x73, 0x3a, 0x61, 0x6e, 0x6e, 0x6f, 0x74, 0x61, 0x74, 0x69, 0x6f, 0x6e,
  0x3e, 0x0d, 0x0a, 0x09, 0x09, 0x09, 0x09, 0x3c, 0x78, 0x73, 0x3a, 0x64, 0x6f,
  0x63, 0x75, 0x6d, 0x65, 0x6e, 0x74, 0x61, 0x74, 0x69, 0x6f, 0x6e, 0x3e, 0xd0,
  0x94, 0xd0, 0xbe, 0xd0, 0xba, 0xd1, 0x83, 0xd0, 0xbc, 0xd0, 0xb5, 0xd0, 0xbd,
  0xd1, 0x82, 0x2c, 0x20, 0xd0, 0xbf, 0xd0, 0xbe, 0xd0, 0xb4, 0xd1, 0x82, 0xd0,
  0xb2, 0xd0, 0xb5, 0xd1, 0x80, 0xd0, 0xb6, 0xd0, 0xb4, 0xd0, 0xb0, 0xd1, 0x8e,
  0xd1, 0x89, 0xd0, 0xb8, 0xd0, 0xb9, 0x20, 0xd0, 0xbd, 0xd0, 0xb5, 0xd0, 0xb4,
  0xd0, 0xb5, 0xd0, 0xb5, 0xd1, 0x81, 0xd0, 0xbf, 0xd0, 0xbe, 0xd1, 0x81, 0xd0,
  0xbe, 0xd0, 0xb1, 0xd0, 0xbd, 0xd0, 0xbe, 0xd1, 0x81, 0xd1, 0x82, 0xd1, 0x8c,
  0x20, 0xd0, 0xb4, 0xd0, 0xbe, 0xd0, 0xb2, 0xd0, 0xb5, 0xd1, 0x80, 0xd0, 0xb8,
  0xd1, 0x82, 0xd0, 0xb5, 0xd0, 0xbb, 0xd1, 0x8f, 0x3c, 0x2f, 0x78, 0x73, 0x3a,
  0x64, 0x6f, 0x63, 0x75, 0x6d, 0x65, 0x6e, 0x74, 0x61, 0x74, 0x69, 0x6f, 0x6e,
  0x3e, 0x0d, 0x0a, 0x09, 0x09, 0x09, 0x3c, 0x2f, 0x78, 0x73, 0x3a, 0x61, 0x6e,
  0x6e, 0x6f, 0x74, 0x61, 0x74, 0x69, 0x6f, 0x6e, 0x3e, 0x0d, 0x0a, 0x09, 0x09,
  0x09, 0x3c, 0x78, 0x73, 0x3a, 0x73, 0x69, 0x6d, 0x70, 0x6c, 0x65, 0x54, 0x79,
  0x70, 0x65, 0x3e, 0x0d, 0x0a, 0x09, 0x09, 0x09, 0x09, 0x3c, 0x78, 0x73, 0x3a,
  0x72, 0x65, 0x73, 0x74, 0x72, 0x69, 0x63, 0x74, 0x69, 0x6f, 0x6e, 0x20, 0x62,
  0x61, 0x73, 0x65, 0x3d, 0x22, 0x78, 0x73, 0x3a, 0x73, 0x74, 0x72, 0x69, 0x6e,
  0x67, 0x22, 0x3e, 0x0d, 0x0a, 0x09, 0x09, 0x09, 0x09, 0x09, 0x3c, 0x78, 0x73,
  0x3a, 0x6d, 0x69, 0x6e, 0x4c, 0x65, 0x6e, 0x67, 0x74, 0x68, 0x20, 0x76, 0x61,
  0x6c, 0x75, 0x65, 0x3d, 0x22, 0x31, 0x22, 0x2f, 0x3e, 0x0d, 0x0a, 0x09, 0x09,
  0x09, 0x09, 0x09, 0x3c, 0x78, 0x73, 0x3a, 0x6d, 0x61, 0x78, 0x4c, 0x65, 0x6e,
  0x67, 0x74, 0x68, 0x20, 0x76, 0x61, 0x6c, 0x75, 0x65, 0x3d, 0x22, 0x32, 0x35,
  0x35, 0x22, 0x2f, 0x3e, 0x0d, 0x0a, 0x09, 0x09, 0x09, 0x09, 0x3c, 0x2f, 0x78,
  0x73, 0x3a, 0x72, 0x65, 0x73, 0x74, 0x72, 0x69, 0x63, 0x74, 0x69, 0x6f, 0x6e,
  0x3e, 0x0d, 0x0a, 0x09, 0x09, 0x09, 0x3c, 0x2f, 0x78, 0x73, 0x3a, 0x73, 0x69,
  0x6d, 0x70, 0x6c, 0x65, 0x54, 0x79, 0x70, 0x65, 0x3e, 0x0d, 0x0a, 0x09, 0x09,
  0x3c, 0x2f, 0x78, 0x73, 0x3a, 0x61, 0x74, 0x74, 0x72, 0x69, 0x62, 0x75, 0x74,
  0x65, 0x3e, 0x0d, 0x0a, 0x09, 0x09, 0x3c, 0x78, 0x73, 0x3a, 0x61, 0x74, 0x74,
  0x72, 0x69, 0x62, 0x75, 0x74, 0x65, 0x20, 0x6e, 0x61, 0x6d, 0x65, 0x3d, 0x22,
  0xd0, 0x98, 0xd0, 0x9d, 0xd0, 0x9d, 0xd0, 0xa4, 0xd0, 0x9b, 0x22, 0x20, 0x74,
  0x79, 0x70, 0x65, 0x3d, 0x22, 0xd0, 0x98, 0xd0, 0x9d, 0xd0, 0x9d, 0xd0, 0xa4,
  0xd0, 0x9b, 0xd0, 0xa2, 0xd0, 0xb8, 0xd0, 0xbf, 0x22, 0x20, 0x75, 0x73, 0x65,
  0x3d, 0x22, 0x6f, 0x70, 0x74, 0x69, 0x6f, 0x6e, 0x61, 0x6c, 0x22, 0x3e, 0x0d,
  0x0a, 0x09, 0x09, 0x09, 0x3c, 0x78, 0x73, 0x3a, 0x61, 0x6e, 0x6e, 0x6f, 0x74,
  0x61, 0x74, 0x69, 0x6f, 0x6e, 0x3e, 0x0d, 0x0a, 0x09, 0x09, 0x09, 0x09, 0x3c,
  0x78, 0x73, 0x3a, 0x64, 0x6f, 0x63, 0x75, 0x6d, 0x65, 0x6e, 0x74, 0x61, 0x74,
  0x69, 0x6f, 0x6e, 0x3e, 0xd0, 0x98, 0xd0, 0x9d, 0xd0, 0x9d, 0x20, 0xd1, 0x84,
  0xd0, 0xb8, 0xd0, 0xb7, 0xd0, 0xb8, 0xd1, 0x87, 0xd0, 0xb5, 0xd1, 0x81, 0xd0,
  0xba, 0xd0, 0xbe, 0xd0, 0xb3, 0xd0, 0xbe, 0x20, 0xd0, 0xbb, 0xd0, 0xb8, 0xd1,
  0x86, 0xd0, 0xb0, 0x3c, 0x2f, 0x78, 0x73, 0x3a, 0x64, 0x6f, 0x63, 0x75, 0x6d,
  0x65, 0x6e, 0x74, 0x61, 0x74, 0x69, 0x6f, 0x6e, 0x3e, 0x0d, 0x0a, 0x09, 0x09,
  0x09, 0x3c, 0x2f, 0x78, 0x73, 0x3a, 0x61, 0x6e, 0x6e, 0x6f, 0x74, 0x61, 0x74,
  0x69, 0x6f, 0x6e, 0x3e, 0x0d, 0x0a, 0x09, 0x09, 0x3c, 0x2f, 0x78, 0x73, 0x3a,
  0x61, 0x74, 0x74, 0x72, 0x69, 0x62, 0x75, 0x74, 0x65, 0x3e, 0x0d, 0x0a, 0x09,
  0x09, 0x3c, 0x78, 0x73, 0x3a, 0x61, 0x74, 0x74, 0x72, 0x69, 0x62, 0x75, 0x74,
  0x65, 0x20, 0x6e, 0x61, 0x6d, 0x65, 0x3d, 0x22, 0xd0, 0xa1, 0xd0, 0x9d, 0xd0,
  0x98, 0xd0, 0x9b, 0xd0, 0xa1, 0x22, 0x20, 0x74, 0x79, 0x70, 0x65, 0x3d, 0x22,
  0xd0, 0xa1, 0xd0, 0x9d, 0xd0, 0x98, 0xd0, 0x9b, 0xd0, 0xa1, 0xd0, 0xa2, 0xd0,
  0xb8, 0xd0, 0xbf, 0x22, 0x20, 0x75, 0x73, 0x65, 0x3d, 0x22, 0x72, 0x65, 0x71,
  0x75, 0x69, 0x72, 0x65, 0x64, 0x22, 0x3e, 0x0d, 0x0a, 0x09, 0x09, 0x09, 0x3c,
  0x78, 0x73, 0x3a, 0x61, 0x6e, 0x6e, 0x6f, 0x74, 0x61, 0x74, 0x69, 0x6f, 0x6e,
  0x3e, 0x0d, 0x0a, 0x09, 0x09, 0x09, 0x09, 0x3c, 0x78, 0x73, 0x3a, 0x64, 0x6f,
  0x63, 0x75, 0x6d, 0x65, 0x6e, 0x74, 0x61, 0x74, 0x69, 0x6f, 0x6e, 0x3e, 0xd0,
  0xa1, 0xd0, 0x9d, 0xd0, 0x98, 0xd0, 0x9b, 0xd0, 0xa1, 0x3c, 0x2f, 0x78, 0x73,
  0x3a, 0x64, 0x6f, 0x63, 0x75, 0x6d, 0x65, 0x6e, 0x74, 0x61, 0x74, 0x69, 0x6f,
  0x6e, 0x3e, 0x0d, 0x0a, 0x09, 0x09, 0x09, 0x3c, 0x2f, 0x78, 0x73, 0x3a, 0x61,
  0x6e, 0x6e, 0x6f, 0x74, 0x61, 0x74, 0x69, 0x6f, 0x6e, 0x3e, 0x0d, 0x0a, 0x09,
  0x09, 0x3c, 0x2f, 0x78, 0x73, 0x3a, 0x61, 0x74, 0x74, 0x72, 0x69, 0x62, 0x75,
  0x74, 0x65, 0x3e, 0x0d, 0x0a, 0x09, 0x3c, 0x2f, 0x78, 0x73, 0x3a, 0x63, 0x6f,
  0x6d, 0x70, 0x6c, 0x65, 0x78, 0x54, 0x79, 0x70, 0x65, 0x3e, 0x0d, 0x0a, 0x09,
  0x3c, 0x78, 0x73, 0x3a, 0x63, 0x6f, 0x6d, 0x70, 0x6c, 0x65, 0x78, 0x54, 0x79,
  0x70, 0x65, 0x20, 0x6e, 0x61, 0x6d, 0x65, 0x3d, 0x22, 0xd0, 0xa1, 0xd0, 0xb2,
  0xd0, 0xb5, 0xd0, 0xb4, 0xd0, 0xa4, 0xd0, 0x9b, 0xd0, 0xa2, 0xd0, 0xb8, 0xd0,
  0xbf, 0x22, 0x3e, 0x0d, 0x0a, 0x09, 0x09, 0x3c, 0x78, 0x73, 0x3a, 0x61, 0x6e,
  0x6e, 0x6f, 0x74, 0x61, 0x74, 0x69, 0x6f, 0x6e, 0x3e, 0x0d, 0x0a, 0x09, 0x09,
  0x09, 0x3c, 0x78, 0x73, 0x3a, 0x64, 0x6f, 0x63, 0x75, 0x6d, 0x65, 0x6e, 0x74,
  0x61, 0x74, 0x69, 0x6f, 0x6e, 0x3e, 0xd0, 0xa1, 0xd0, 0xb2, 0xd0, 0xb5, 0xd0,
  0xb4, 0xd0, 0xb5, 0xd0, 0xbd, 0xd0, 0xb8, 0xd1, 0x8f, 0x20, 0xd0, 0xbe, 0x20,
  0xd1, 0x84, 0xd0, 0xb8, 0xd0, 0xb7, 0xd0, 0xb8, 0xd1, 0x87, 0xd0, 0xb5, 0xd1,
  0x81, 0xd0, 0xba, 0xd0, 0xbe, 0xd0, 0xbc, 0x20, 0xd0, 0xbb, 0xd0, 0xb8, 0xd1,
  0x86, 0xd0, 0xb5, 0x3c, 0x2f, 0x78, 0x73, 0x3a, 0x64, 0x6f, 0x63, 0x75, 0x6d,
  0x65, 0x6e, 0x74, 0x61, 0x74, 0x69, 0x6f, 0x6e, 0x3e, 0x0d, 0x0a, 0x09, 0x09,
  0x3c, 0x2f, 0x78, 0x73, 0x3a, 0x61, 0x6e, 0x6e, 0x6f, 0x74, 0x61, 0x74, 0x69,
  0x6f, 0x6e, 0x3e, 0x0d, 0x0a, 0x09, 0x09, 0x3c, 0x78, 0x73, 0x3a, 0x73, 0x65,
  0x71, 0x75, 0x65, 0x6e, 0x63, 0x65, 0x3e, 0x0d, 0x0a, 0x09, 0x09, 0x09, 0x3c,
  0x78, 0x73, 0x3a, 0x65, 0x6c, 0x65, 0x6d, 0x65, 0x6e, 0x74, 0x20, 0x6e, 0x61,
  0x6d, 0x65, 0x3d, 0x22, 0xd0, 0xa4, 0xd0, 0x98, 0xd0, 0x9e, 0x22, 0x20, 0x74,
  0x79, 0x70, 0x65, 0x3d, 0x22, 0xd0, 0xa4, 0xd0, 0x98, 0xd0, 0x9e, 0xd0, 0xa2,
  0xd0, 0xb8, 0xd0, 0xbf, 0x22, 0x3e, 0x0d, 0x0a, 0x09, 0x09, 0x09, 0x09, 0x3c,
  0x78, 0x73, 0x3a, 0x61, 0x6e, 0x6e, 0x6f, 0x74, 0x61, 0x74, 0x69, 0x6f, 0x6e,
  0x3e, 0x0d, 0x0a, 0x09, 0x09, 0x09, 0x09, 0x09, 0x3c, 0x78, 0x73, 0x3a, 0x64,
  0x6f, 0x63, 0x75, 0x6d, 0x65, 0x6e, 0x74, 0x61, 0x74, 0x69, 0x6f, 0x6e, 0x3e,
  0xd0, 0xa4, 0xd0, 0x98, 0xd0, 0x9e, 0x20, 0xd0, 0xb4, 0xd0, 0xbe, 0xd0, 0xb2,
  0xd0, 0xb5, 0xd1, 0x80, 0xd0, 0xb8, 0xd1, 0x82, 0xd0, 0xb5, 0xd0, 0xbb, 0xd1,
  0x8f, 0x20, 0x28, 0xd0, 0xb8, 0xd0, 0xbb, 0xd0, 0xb8, 0x20, 0xd0, 0xbf, 0xd1,
  0x80, 0xd0, 0xb5, 0xd0, 0xb4, 0xd1, 0x81, 0xd1, 0x82, 0xd0, 0xb0, 0xd0, 0xb2,
  0xd0, 0xb8, 0xd1, 0x82, 0xd0, 0xb5, 0xd0, 0xbb, 0xd1, 0x8f, 0x29, 0x3c, 0x2f,
  0x78, 0x73, 0x3a, 0x64, 0x6f, 0x63, 0x75, 0x6d, 0x65, 0x6e, 0x74, 0x61, 0x74,
  0x69, 0x6f, 0x6e, 0x3e, 0x0d, 0x0a, 0x09, 0x09, 0x09, 0x09, 0x3c, 0x2f, 0x78,
  0x73, 0x3a, 0x61, 0x6e, 0x6e, 0x6f, 0x74, 0x61, 0x74, 0x69, 0x6f, 0x6e, 0x3e,
  0x0d, 0x0a, 0x09, 0x09, 0x09, 0x3c, 0x2f, 0x78, 0x73, 0x3a, 0x65, 0x6c, 0x65,
  0x6d, 0x65, 0x6e, 0x74, 0x3e, 0x0d, 0x0a, 0x09, 0x09, 0x09, 0x3c, 0x78, 0x73,
  0x3a, 0x65, 0x6c, 0x65, 0x6d, 0x65, 0x6e, 0x74, 0x20, 0x6e, 0x61, 0x6d, 0x65,
  0x3d, 0x22, 0xd0, 0x90, 0xd0, 0xb4, 0xd1, 0x80, 0xd0, 0x9c, 0xd0, 0x96, 0x22,
  0x20, 0x74, 0x79, 0x70, 0x65, 0x3d, 0x22, 0xd0, 0x90, 0xd0, 0xb4, 0xd1, 0x80,
  0xd0, 0xa2, 0xd0, 0xb8, 0xd0, 0xbf, 0x22, 0x20, 0x6d, 0x69, 0x6e, 0x4f, 0x63,
  0x63, 0x75, 0x72, 0x73, 0x3d, 0x22, 0x30, 0x22, 0x3e, 0x0d, 0x0a, 0x09, 0x09,
  0x09, 0x09, 0x3c, 0x78, 0x73, 0x3a, 0x61, 0x6e, 0x6e, 0x6f, 0x74, 0x61, 0x74,
  0x69, 0x6f, 0x6e, 0x3e, 0x0d, 0x0a, 0x09, 0x09, 0x09, 0x09, 0x09, 0x3c, 0x78,
  0x73, 0x3a, 0x64, 0x6f, 0x63, 0x75, 0x6d, 0x65, 0x6e, 0x74, 0x61, 0x74, 0x69,
  0x6f, 0x6e, 0x3e, 0xd0, 0x90, 0xd0, 0xb4, 0xd1, 0x80, 0xd0, 0xb5, 0xd1, 0x81,
  0x20, 0xd0, 0xbc, 0xd0, 0xb5, 0xd1, 0x81, 0xd1, 0x82, 0xd0, 0xb0, 0x20, 0xd0,
  0xb6, 0xd0, 0xb8, 0xd1, 0x82, 0xd0, 0xb5, 0xd0, 0xbb, 0xd1, 0x8c, 0xd1, 0x81,
  0xd1, 0x82, 0xd0, 0xb2, 0xd0, 0xb0, 0x3c, 0x2f, 0x78, 0x73, 0x3a, 0x64, 0x6f,
  0x63, 0x75, 0x6d, 0x65, 0x6e, 0x74, 0x61, 0x74, 0x69, 0x6f, 0x6e, 0x3e, 0x0d,
  0x0a, 0x09, 0x09, 0x09, 0x09, 0x3c, 0x2f, 0x78, 0x73, 0x3a, 0x61, 0x6e, 0x6e,
  0x6f, 0x74, 0x61, 0x74, 0x69, 0x6f, 0x6e, 0x3e, 0x0d, 0x0a, 0x09, 0x09, 0x09,
  0x3c, 0x2f, 0x78, 0x73, 0x3a, 0x65, 0x6c, 0x65, 0x6d, 0x65, 0x6e, 0x74, 0x3e,
  0x0d, 0x0a, 0x09, 0x09, 0x09, 0x3c, 0x78, 0x73, 0x3a, 0x65, 0x6c, 0x65, 0x6d,
  0x65, 0x6e, 0x74, 0x20, 0x6e, 0x61, 0x6d, 0x65, 0x3d, 0x22, 0xd0, 0xa3, 0xd0,
  0xb4, 0xd0, 0x9b, 0xd0, 0xb8, 0xd1, 0x87, 0xd0, 0xbd, 0xd0, 0xa4, 0xd0, 0x9b,
  0x22, 0x20, 0x6d, 0x69, 0x6e, 0x4f, 0x63, 0x63, 0x75, 0x72, 0x73, 0x3d, 0x22,
  0x30, 0x22, 0x3e, 0x0d, 0x0a, 0x09, 0x09, 0x09, 0x09, 0x3c, 0x78, 0x73, 0x3a,
  0x61, 0x6e, 0x6e, 0x6f, 0x74, 0x61, 0x74, 0x69, 0x6f, 0x6e, 0x3e, 0x0d, 0x0a,
  0x09, 0x09, 0x09, 0x09, 0x09, 0x3c, 0x78, 0x73, 0x3a, 0x64, 0x6f, 0x63, 0x75,
  0x6d, 0x65, 0x6e, 0x74, 0x61, 0x74, 0x69, 0x6f, 0x6e, 0x3e, 0xd0, 0xa1, 0xd0,
  0xb2, 0xd0, 0xb5, 0xd0, 0xb4, 0xd0, 0xb5, 0xd0, 0xbd, 0xd0, 0xb8, 0xd1, 0x8f,
  0x20, 0xd0, 0xbe, 0x20, 0xd0, 0xb4, 0xd0, 0xbe, 0xd0, 0xba, 0xd1, 0x83, 0xd0,
  0xbc, 0xd0, 0xb5, 0xd0, 0xbd, 0xd1, 0x82, 0xd0, 0xb5, 0x2c, 0x20, 0xd1, 0x83,
  0xd0, 0xb4, 0xd0, 0xbe, 0xd1, 0x81, 0xd1, 0x82, 0xd0, 0xbe, 0xd0, 0xb2, 0xd0,
  0xb5, 0xd1, 0x80, 0xd1, 0x8f, 0xd1, 0x8e, 0xd1, 0x89, 0xd0, 0xb5, 0xd0, 0xbc,
  0x20, 0xd0, 0xbb, 0xd0, 0xb8, 0xd1, 0x87, 0xd0, 0xbd, 0xd0, 0xbe, 0xd1, 0x81,
  0xd1, 0x82, 0xd1, 0x8c, 0x20, 0xd1, 0x84, 0xd0, 0xb8, 0xd0, 0xb7, 0xd0, 0xb8,
  0xd1, 0x87, 0xd0, 0xb5, 0xd1, 0x81, 0xd0, 0xba, 0xd0, 0xbe, 0xd0, 0xb3, 0xd0,
  0xbe, 0x20, 0xd0, 0xbb, 0xd0, 0xb8, 0xd1, 0x86, 0xd0, 0xb0, 0x3c, 0x2f, 0x78,
  0x73, 0x3a, 0x64, 0x6f, 0x63, 0x75, 0x6d, 0x65, 0x6e, 0x74, 0x61, 0x74, 0x69,
  0x6f, 0x6e, 0x3e, 0x0d, 0x0a, 0x09, 0x09, 0x09, 0x09, 0x3c, 0x2f, 0x78, 0x73,
  0x3a, 0x61, 0x6e, 0x6e, 0x6f, 0x74, 0x61, 0x74, 0x69, 0x6f, 0x6e, 0x3e, 0x0d,
  0x0a, 0x09, 0x09, 0x09, 0x09, 0x3c, 0x78, 0x73, 0x3a, 0x63, 0x6f, 0x6d, 0x70,
  0x6c, 0x65, 0x78, 0x54, 0x79, 0x70, 0x65, 0x3e, 0x0d, 0x0a, 0x09, 0x09, 0x09,
  0x09, 0x09, 0x3c, 0x78, 0x73, 0x3a, 0x73, 0x65, 0x71, 0x75, 0x65, 0x6e, 0x63,
  0x65, 0x3e, 0x0d, 0x0a, 0x09, 0x09, 0x09, 0x09, 0x09, 0x09, 0x3c, 0x78, 0x73,
  0x3a, 0x65, 0x6c, 0x65, 0x6d, 0x65, 0x6e, 0x74, 0x20, 0x6e, 0x61, 0x6d, 0x65,
  0x3d, 0x22, 0x65, 0x78, 0x70, 0x44, 0x61, 0x74, 0x65, 0x22, 0x20, 0x74, 0x79,
  0x70, 0x65, 0x3d, 0x22, 0x78, 0x73, 0x3a, 0x64, 0x61, 0x74, 0x65, 0x22, 0x20,
  0x6d, 0x69, 0x6e, 0x4f, 0x63, 0x63, 0x75, 0x72, 0x73, 0x3d, 0x22, 0x30, 0x22,
  0x3e, 0x0d, 0x0a, 0x09, 0x09, 0x09, 0x09, 0x09, 0x09, 0x09, 0x3c, 0x78, 0x73,
  0x3a, 0x61, 0x6e, 0x6e, 0x6f, 0x74, 0x61, 0x74, 0x69, 0x6f, 0x6e, 0x3e, 0x0d,
  0x0a, 0x09, 0x09, 0x09, 0x09, 0x09, 0x09, 0x09, 0x09, 0x3c, 0x78, 0x73, 0x3a,
  0x64, 0x6f, 0x63, 0x75, 0x6d, 0x65, 0x6e, 0x74, 0x61, 0x74, 0x69, 0x6f, 0x6e,
  0x3e, 0xd0, 0x94, 0xd0, 0xb0, 0xd1, 0x82, 0xd0, 0xb0, 0x20, 0xd0, 0xb8, 0xd1,
  0x81, 0xd1, 0x82, 0xd0, 0xb5, 0xd1, 0x87, 0xd0, 0xb5, 0xd0, 0xbd, 0xd0, 0xb8,
  0xd1, 0x8f, 0x20, 0xd1, 0x81, 0xd1, 0x80, 0xd0, 0xbe, 0xd0, 0xba, 0xd0, 0xb0,
  0x20, 0xd0, 0xb4, 0xd0, 0xb5, 0xd0, 0xb9, 0xd1, 0x81, 0xd1, 0x82, 0xd0, 0xb2,
  0xd0, 0xb8, 0xd1, 0x8f, 0x20, 0xd0, 0xb4, 0xd0, 0xbe, 0xd0, 0xba, 0xd1, 0x83,
  0xd0, 0xbc, 0xd0, 0xb5, 0xd0, 0xbd, 0xd1, 0x82, 0xd0, 0xb0, 0x2c, 0x20, 0xd1,
  0x83, 0xd0, 0xb4, 0xd0, 0xbe, 0xd1, 0x81, 0xd1, 0x82, 0xd0, 0xbe, 0xd0, 0xb2,
  0xd0, 0xb5, 0xd1, 0x80, 0xd1, 0x8f, 0xd1, 0x8e, 0xd1, 0x89, 0xd0, 0xb5, 0xd0,
  0xb3, 0xd0, 0xbe, 0x20, 0xd0, 0xbb, 0xd0, 0xb8, 0xd1, 0x87, 0xd0, 0xbd, 0xd0,
  0xbe, 0xd1, 0x81, 0xd1, 0x82, 0xd1, 0x8c, 0x3c, 0x2f, 0x78, 0x73, 0x3a, 0x64,
  0x6f, 0x63, 0x75, 0x6d, 0x65, 0x6e, 0x74, 0x61, 0x74, 0x69, 0x6f, 0x6e, 0x3e,
  0x0d, 0x0a, 0x09, 0x09, 0x09, 0x09, 0x09, 0x09, 0x09, 0x3c, 0x2f, 0x78, 0x73,
  0x3a, 0x61, 0x6e, 0x6e, 0x6f, 0x74, 0x61, 0x74, 0x69, 0x6f, 0x6e, 0x3e, 0x0d,
  0x0a, 0x09, 0x09, 0x09, 0x09, 0x09, 0x09, 0x3c, 0x2f, 0x78, 0x73, 0x3a, 0x65,
  0x6c, 0x65, 0x6d, 0x65, 0x6e, 0x74, 0x3e, 0x0d, 0x0a, 0x09, 0x09, 0x09, 0x09,
  0x09, 0x3c, 0x2f, 0x78, 0x73, 0x3a, 0x73, 0x65, 0x71, 0x75, 0x65, 0x6e, 0x63,
  0x65, 0x3e, 0x0d, 0x0a, 0x09, 0x09, 0x09, 0x09, 0x09, 0x3c, 0x78, 0x73, 0x3a,
  0x61, 0x74, 0x74, 0x72, 0x69, 0x62, 0x75, 0x74, 0x65, 0x20, 0x6e, 0x61, 0x6d,
  0x65, 0x3d, 0x22, 0xd0, 0x9a, 0xd0, 0xbe, 0xd0, 0xb4, 0xd0, 0x92, 0xd0, 0xb8,
  0xd0, 0xb4, 0xd0, 0x94, 0xd0, 0xbe, 0xd0, 0xba, 0x22, 0x20, 0x75, 0x73, 0x65,
  0x3d, 0x22, 0x72, 0x65, 0x71, 0x75, 0x69, 0x72, 0x65, 0x64, 0x22, 0x3e, 0x0d,
  0x0a, 0x09, 0x09, 0x09, 0x09, 0x09, 0x09, 0x3c, 0x78, 0x73, 0x3a, 0x61, 0x6e,
  0x6e, 0x6f, 0x74, 0x61, 0x74, 0x69, 0x6f, 0x6e, 0x3e, 0x0d, 0x0a, 0x09, 0x09,
  0x09, 0x09, 0x09, 0x09, 0x09, 0x3c, 0x78, 0x73, 0x3a, 0x64, 0x6f, 0x63, 0x75,
  0x6d, 0x65, 0x6e, 0x74, 0x61, 0x74, 0x69, 0x6f, 0x6e, 0x3e, 0xd0, 0x9a, 0xd0,
  0xbe, 0xd0, 0xb4, 0x20, 0xd0, 0xb2, 0xd0, 0xb8, 0xd0, 0xb4, 0xd0, 0xb0, 0x20,
  0xd0, 0xb4, 0xd0, 0xbe, 0xd0, 0xba, 0xd1, 0x83, 0xd0, 0xbc, 0xd0, 0xb5, 0xd0,
  0xbd, 0xd1, 0x82, 0xd0, 0xb0, 0x3c, 0x2f, 0x78, 0x73, 0x3a, 0x64, 0x6f, 0x63,
  0x75, 0x6d, 0x65, 0x6e, 0x74, 0x61, 0x74, 0x69, 0x6f, 0x6e, 0x3e, 0x0d, 0x0a,
  0x09, 0x09, 0x09, 0x09, 0x09, 0x09, 0x3c, 0x2f, 0x78, 0x73, 0x3a, 0x61, 0x6e,
  0x6e, 0x6f, 0x74, 0x61, 0x74, 0x69, 0x6f, 0x6e, 0x3e, 0x0d, 0x0a, 0x09, 0x09,
  0x09, 0x09, 0x09, 0x09, 0x3c, 0x78, 0x73, 0x3a, 0x73, 0x69, 0x6d, 0x70, 0x6c,
  0x65, 0x54, 0x79, 0x70, 0x65, 0x3e, 0x0d, 0x0a, 0x09, 0x09, 0x09, 0x09, 0x09,
  0x09, 0x09, 0x3c, 0x78, 0x73, 0x3a, 0x72, 0x65, 0x73, 0x74, 0x72, 0x69, 0x63,
  0x74, 0x69, 0x6f, 0x6e, 0x20, 0x62, 0x61, 0x73, 0x65, 0x3d, 0x22, 0xd0, 0xa1,
  0xd0, 0x9f, 0xd0, 0x94, 0xd0, 0xa3, 0xd0, 0x9b, 0xd0, 0xa2, 0xd0, 0xb8, 0xd0,
  0xbf, 0x22, 0x2f, 0x3e, 0x0d, 0x0a, 0x09, 0x09, 0x09, 0x09, 0x09, 0x09, 0x3c,
  0x2f, 0x78, 0x73, 0x3a, 0x73, 0x69, 0x6d, 0x70, 0x6c, 0x65, 0x54, 0x79, 0x70,
  0x65, 0x3e, 0x0d, 0x0a, 0x09, 0x09, 0x09, 0x09, 0x09, 0x3c, 0x2f, 0x78, 0x73,
  0x3a, 0x61, 0x74, 0x74, 0x72, 0x69, 0x62, 0x75, 0x74, 0x65, 0x3e, 0x0d, 0x0a,
  0x09, 0x09, 0x09, 0x09, 0x09, 0x3c, 0x78, 0x73, 0x3a, 0x61, 0x74, 0x74, 0x72,
  0x69, 0x62, 0x75, 0x74, 0x65, 0x20, 0x6e, 0x61, 0x6d, 0x65, 0x3d, 0x22, 0xd0,
  0xa1, 0xd0, 0xb5, 0xd1, 0x80, 0xd0, 0x9d, 0xd0, 0xbe, 0xd0, 0xbc, 0xd0, 0x94,
  0xd0, 0xbe, 0xd0, 0xba, 0x22, 0x20, 0x74, 0x79, 0x70, 0x65, 0x3d, 0x22, 0xd0,
  0xa1, 0xd0, 0x9f, 0xd0, 0x94, 0xd0, 0xa3, 0xd0, 0x9b, 0xd0, 0xa8, 0xd0, 0xa2,
  0xd0, 0xb8, 0xd0, 0xbf, 0x22, 0x20, 0x75, 0x73, 0x65, 0x3d, 0x22, 0x72, 0x65,
  0x71, 0x75, 0x69, 0x72, 0x65, 0x64, 0x22, 0x3e, 0x0d, 0x0a, 0x09, 0x09, 0x09,
  0x09, 0x09, 0x09, 0x3c, 0x78, 0x73, 0x3a, 0x61, 0x6e, 0x6e, 0x6f, 0x74, 0x61,
  0x74, 0x69, 0x6f, 0x6e, 0x3e, 0x0d, 0x0a, 0x09, 0x09, 0x09, 0x09, 0x09, 0x09,
  0x09, 0x3c, 0x78, 0x73, 0x3a, 0x64, 0x6f, 0x63, 0x75, 0x6d, 0x65, 0x6e, 0x74,
  0x61, 0x74, 0x69, 0x6f, 0x6e, 0x3e, 0xd0, 0xa1, 0xd0, 0xb5, 0xd1, 0x80, 0xd0,
  0xb8, 0xd1, 0x8f, 0x20, 0xd0, 0xb8, 0x20, 0xd0, 0xbd, 0xd0, 0xbe, 0xd0, 0xbc,
  0xd0, 0xb5, 0xd1, 0x80, 0x20, 0xd0, 0xb4, 0xd0, 0xbe, 0xd0, 0xba, 0xd1, 0x83,
  0xd0, 0xbc, 0xd0, 0xb5, 0xd0, 0xbd, 0xd1, 0x82, 0xd0, 0xb0, 0x3c, 0x2f, 0x78,
  0x73, 0x3a, 0x64, 0x6f, 0x63, 0x75, 0x6d, 0x65, 0x6e, 0x74, 0x61, 0x74, 0x69,
  0x6f, 0x6e, 0x3e, 0x0d, 0x0a, 0x09, 0x09, 0x09, 0x09, 0x09, 0x09, 0x3c, 0x2f,
  0x78, 0x73, 0x3a, 0x61, 0x6e, 0x6e, 0x6f, 0x74, 0x61, 0x74, 0x69, 0x6f, 0x6e,
  0x3e, 0x0d, 0x0a, 0x09, 0x09, 0x09, 0x09, 0x09, 0x3c, 0x2f, 0x78, 0x73, 0x3a,
  0x61, 0x74, 0x74, 0x72, 0x69, 0x62, 0x75, 0x74, 0x65, 0x3e, 0x0d, 0x0a, 0x09,
  0x09, 0x09, 0x09, 0x09, 0x3c, 0x78, 0x73, 0x3a, 0x61, 0x74, 0x74, 0x72, 0x69,
  0x62, 0x75, 0x74, 0x65, 0x20, 0x6e, 0x61, 0x6d, 0x65, 0x3d, 0x22, 0xd0, 0x94,
  0xd0, 0xb0, 0xd1, 0x82, 0xd0, 0xb0, 0xd0, 0x94, 0xd0, 0xbe, 0xd0, 0xba, 0x22,
  0x20, 0x74, 0x79, 0x70, 0x65, 0x3d, 0x22, 0x78, 0x73, 0x3a, 0x64, 0x61, 0x74,
  0x65, 0x22, 0x20, 0x75, 0x73, 0x65, 0x3d, 0x22, 0x72, 0x65, 0x71, 0x75, 0x69,
  0x72, 0x65, 0x64, 0x22, 0x3e, 0x0d, 0x0a, 0x09, 0x09, 0x09, 0x09, 0x09, 0x09,
  0x3c, 0x78, 0x73, 0x3a, 0x61, 0x6e, 0x6e, 0x6f, 0x74, 0x61, 0x74, 0x69, 0x6f,
  0x6e, 0x3e, 0x0d, 0x0a, 0x09, 0x09, 0x09, 0x09, 0x09, 0x09, 0x09, 0x3c, 0x78,
  0x73, 0x3a, 0x64, 0x6f, 0x63, 0x75, 0x6d, 0x65, 0x6e, 0x74, 0x61, 0x74, 0x69,
  0x6f, 0x6e, 0x3e, 0xd0, 0x94, 0xd0, 0xb0, 0xd1, 0x82, 0xd0, 0xb0, 0x20, 0xd0,
  0xb2, 0xd1, 0x8b, 0xd0, 0xb4, 0xd0, 0xb0, 0xd1, 0x87, 0xd0, 0xb8, 0x20, 0xd0,
  0xb4, 0xd0, 0xbe, 0xd0, 0xba, 0xd1, 0x83, 0xd0, 0xbc, 0xd0, 0xb5, 0xd0, 0xbd,
  0xd1, 0x82, 0xd0, 0xb0, 0x3c, 0x2f, 0x78, 0x73, 0x3a, 0x64, 0x6f, 0x63, 0x75,
  0x6d, 0x65, 0x6e, 0x74, 0x61, 0x74, 0x69, 0x6f, 0x6e, 0x3e, 0x0d, 0x0a, 0x09,
  0x09, 0x09, 0x09, 0x09, 0x09, 0x3c, 0x2f, 0x78, 0x73, 0x3a, 0x61, 0x6e, 0x6e,
  0x6f, 0x74, 0x61, 0x74, 0x69, 0x6f, 0x6e, 0x3e, 0x0d, 0x0a, 0x09, 0x09, 0x09,
  0x09, 0x09, 0x3c, 0x2f, 0x78, 0x73, 0x3a, 0x61, 0x74, 0x74, 0x72, 0x69, 0x62,
  0x75, 0x74, 0x65, 0x3e, 0x0d, 0x0a, 0x09, 0x09, 0x09, 0x09, 0x09, 0x3c, 0x78,
  0x73, 0x3a, 0x61, 0x74, 0x74, 0x72, 0x69, 0x62, 0x75, 0x74, 0x65, 0x20, 0x6e,
  0x61, 0x6d, 0x65, 0x3d, 0x22, 0xd0, 0x92, 0xd1, 0x8b, 0xd0, 0xb4, 0xd0, 0x94,
  0xd0, 0xbe, 0xd0, 0xba, 0x22, 0x20, 0x75, 0x73, 0x65, 0x3d, 0x22, 0x6f, 0x70,
  0x74, 0x69, 0x6f, 0x6e, 0x61, 0x6c, 0x22, 0x3e, 0x0d, 0x0a, 0x09, 0x09, 0x09,
  0x09, 0x09, 0x09, 0x3c, 0x78, 0x73, 0x3a, 0x61, 0x6e, 0x6e, 0x6f, 0x74, 0x61,
  0x74, 0x69, 0x6f, 0x6e, 0x3e, 0x0d, 0x0a, 0x09, 0x09, 0x09, 0x09, 0x09, 0x09,
  0x09, 0x3c, 0x78, 0x73, 0x3a, 0x64, 0x6f, 0x63, 0x75, 0x6d, 0x65, 0x6e, 0x74,
  0x61, 0x74, 0x69, 0x6f, 0x6e, 0x3e, 0xd0, 0x9d, 0xd0, 0xb0, 0xd0, 0xb8, 0xd0,
  0xbc, 0xd0, 0xb5, 0xd0, 0xbd, 0xd0, 0xbe, 0xd0, 0xb2, 0xd0, 0xb0, 0xd0, 0xbd,
  0xd0, 0xb8, 0xd0, 0xb5, 0x20, 0xd0, 0xbe, 0xd1, 0x80, 0xd0, 0xb3, 0xd0, 0xb0,
  0xd0, 0xbd, 0xd0, 0xb0, 0x2c, 0x20, 0xd0, 0xb2, 0xd1, 0x8b, 0xd0, 0xb4, 0xd0,
  0xb0, 0xd0, 0xb2, 0xd1, 0x88, 0xd0, 0xb5, 0xd0, 0xb3, 0xd0, 0xbe, 0x20, 0xd0,
  0xb4, 0xd0, 0xbe, 0xd0, 0xba, 0xd1, 0x83, 0xd0, 0xbc, 0xd0, 0xb5, 0xd0, 0xbd,
  0xd1, 0x82, 0x3c, 0x2f, 0x78, 0x73, 0x3a, 0x64, 0x6f, 0x63, 0x75, 0x6d, 0x65,
  0x6e, 0x74, 0x61, 0x74, 0x69, 0x6f, 0x6e, 0x3e, 0x0d, 0x0a, 0x09, 0x09, 0x09,
  0x09, 0x09, 0x09, 0x3c, 0x2f, 0x78, 0x73, 0x3a, 0x61, 0x6e, 0x6e, 0x6f, 0x74,
  0x61, 0x74, 0x69, 0x6f, 0x6e, 0x3e, 0x0d, 0x0a, 0x09, 0x09, 0x09, 0x09, 0x09,
  0x09, 0x3c, 0x78, 0x73, 0x3a, 0x73, 0x69, 0x6d, 0x70, 0x6c, 0x65, 0x54, 0x79,
  0x70, 0x65, 0x3e, 0x0d, 0x0a, 0x09, 0x09, 0x09, 0x09, 0x09, 0x09, 0x09, 0x3c,
  0x78, 0x73, 0x3a, 0x72, 0x65, 0x73, 0x74, 0x72, 0x69, 0x63, 0x74, 0x69, 0x6f,
  0x6e, 0x20, 0x62, 0x61, 0x73, 0x65, 0x3d, 0x22, 0x78, 0x73, 0x3a, 0x73, 0x74,
  0x72, 0x69, 0x6e, 0x67, 0x22, 0x3e, 0x0d, 0x0a, 0x09, 0x09, 0x09, 0x09, 0x09,
  0x09, 0x09, 0x09, 0x3c, 0x78, 0x73, 0x3a, 0x6d, 0x69, 0x6e, 0x4c, 0x65, 0x6e,
  0x67, 0x74, 0x68, 0x20, 0x76, 0x61, 0x6c, 0x75, 0x65, 0x3d, 0x22, 0x31, 0x22,
  0x2f, 0x3e, 0x0d, 0x0a, 0x09, 0x09, 0x09, 0x09, 0x09, 0x09, 0x09, 0x09, 0x3c,
  0x78, 0x73, 0x3a, 0x6d, 0x61, 0x78, 0x4c, 0x65, 0x6e, 0x67, 0x74, 0x68, 0x20,
  0x76, 0x61, 0x6c, 0x75, 0x65, 0x3d, 0x22, 0x34, 0x30, 0x30, 0x30, 0x22, 0x2f,
  0x3e, 0x0d, 0x0a, 0x09, 0x09, 0x09, 0x09, 0x09, 0x09, 0x09, 0x3c, 0x2f, 0x78,
  0x73, 0x3a, 0x72, 0x65, 0x73, 0x74, 0x72, 0x69, 0x63, 0x74, 0x69, 0x6f, 0x6e,
  0x3e, 0x0d, 0x0a, 0x09, 0x09, 0x09, 0x09, 0x09, 0x09, 0x3c, 0x2f, 0x78, 0x73,
  0x3a, 0x73, 0x69, 0x6d, 0x70, 0x6c, 0x65, 0x54, 0x79, 0x70, 0x65, 0x3e, 0x0d,
  0x0a, 0x09, 0x09, 0x09, 0x09, 0x09, 0x3c, 0x2f, 0x78, 0x73, 0x3a, 0x61, 0x74,
  0x74, 0x72, 0x69, 0x62, 0x75, 0x74, 0x65, 0x3e, 0x0d, 0x0a, 0x09, 0x09, 0x09,
  0x09, 0x09, 0x3c, 0x78, 0x73, 0x3a, 0x61, 0x74, 0x74, 0x72, 0x69, 0x62, 0x75,
  0x74, 0x65, 0x20, 0x6e, 0x61, 0x6d, 0x65, 0x3d, 0x22, 0xd0, 0x9a, 0xd0, 0xbe,
  0xd0, 0xb4, 0xd0, 0x92, 0xd1, 0x8b, 0xd0, 0xb4, 0xd0, 0x94, 0xd0, 0xbe, 0xd0,
  0xba, 0x22, 0x20, 0x75, 0x73, 0x65, 0x3d, 0x22, 0x6f, 0x70, 0x74, 0x69, 0x6f,
  0x6e, 0x61, 0x6c, 0x22, 0x3e, 0x0d, 0x0a, 0x09, 0x09, 0x09, 0x09, 0x09, 0x09,
  0x3c, 0x78, 0x73, 0x3a, 0x61, 0x6e, 0x6e, 0x6f, 0x74, 0x61, 0x74, 0x69, 0x6f,
  0x6e, 0x3e, 0x0d, 0x0a, 0x09, 0x09, 0x09, 0x09, 0x09, 0x09, 0x09, 0x3c, 0x78,
  0x73, 0x3a, 0x64, 0x6f, 0x63, 0x75, 0x6d, 0x65, 0x6e, 0x74, 0x61, 0x74, 0x69,
  0x6f, 0x6e, 0x3e, 0xd0, 0x9a, 0xd0, 0xbe, 0xd0, 0xb4, 0x20, 0xd0, 0xbf, 0xd0,
  0xbe, 0xd0, 0xb4, 0xd1, 0x80, 0xd0, 0xb0, 0xd0, 0xb7, 0xd0, 0xb4, 0xd0, 0xb5,
  0xd0, 0xbb, 0xd0, 0xb5, 0xd0, 0xbd, 0xd0, 0xb8, 0xd1, 0x8f, 0x20, 0xd0, 0xbe,
  0xd1, 0x80, 0xd0, 0xb3, 0xd0, 0xb0, 0xd0, 0xbd, 0xd0, 0xb0, 0x2c, 0x20, 0xd0,
  0xb2, 0xd1, 0x8b, 0xd0, 0xb4, 0xd0, 0xb0, 0xd0, 0xb2, 0xd1, 0x88, 0xd0, 0xb5,
  0xd0, 0xb3, 0xd0, 0xbe, 0x20, 0xd0, 0xb4, 0xd0, 0xbe, 0xd0, 0xba, 0xd1, 0x83,
  0xd0, 0xbc, 0xd0, 0xb5, 0xd0, 0xbd, 0xd1, 0x82, 0x3c, 0x2f, 0x78, 0x73, 0x3a,
  0x64, 0x6f, 0x63, 0x75, 0x6d, 0x65, 0x6e, 0x74, 0x61, 0x74, 0x69, 0x6f, 0x6e,
  0x3e, 0x0d, 0x0a, 0x09, 0x09, 0x09, 0x09, 0x09, 0x09, 0x3c, 0x2f, 0x78, 0x73,
  0x3a, 0x61, 0x6e, 0x6e, 0x6f, 0x74, 0x61, 0x74, 0x69, 0x6f, 0x6e, 0x3e, 0x0d,
  0x0a, 0x09, 0x09, 0x09, 0x09, 0x09, 0x09, 0x3c, 0x78, 0x73, 0x3a, 0x73, 0x69,
  0x6d, 0x70, 0x6c, 0x65, 0x54, 0x79, 0x70, 0x65, 0x3e, 0x0d, 0x0a, 0x09, 0x09,
  0x09, 0x09, 0x09, 0x09, 0x09, 0x3c, 0x78, 0x73, 0x3a, 0x72, 0x65, 0x73, 0x74,
  0x72, 0x69, 0x63, 0x74, 0x69, 0x6f, 0x6e, 0x20, 0x62, 0x61, 0x73, 0x65, 0x3d,
  0x22, 0x78, 0x73, 0x3a, 0x73, 0x74, 0x72, 0x69, 0x6e, 0x67, 0x22, 0x3e, 0x0d,
  0x0a, 0x09, 0x09, 0x09, 0x09, 0x09, 0x09, 0x09, 0x09, 0x3c, 0x78, 0x73, 0x3a,
  0x6c, 0x65, 0x6e, 0x67, 0x74, 0x68, 0x20, 0x76, 0x61, 0x6c, 0x75, 0x65, 0x3d,
  0x22, 0x37, 0x22, 0x2f, 0x3e, 0x0d, 0x0a, 0x09, 0x09, 0x09, 0x09, 0x09, 0x09,
  0x09, 0x3c, 0x2f, 0x78, 0x73, 0x3a, 0x72, 0x65, 0x73, 0x74, 0x72, 0x69, 0x63,
  0x74, 0x69, 0x6f, 0x6e, 0x3e, 0x0d, 0x0a, 0x09, 0x09, 0x09, 0x09, 0x09, 0x09,
  0x3c, 0x2f, 0x78, 0x73, 0x3a, 0x73, 0x69, 0x6d, 0x70, 0x6c, 0x65, 0x54, 0x79,
  0x70, 0x65, 0x3e, 0x0d, 0x0a, 0x09, 0x09, 0x09, 0x09, 0x09, 0x3c, 0x2f, 0x78,
  0x73, 0x3a, 0x61, 0x74, 0x74, 0x72, 0x69, 0x62, 0x75, 0x74, 0x65, 0x3e, 0x0d,
  0x0a, 0x09, 0x09, 0x09, 0x09, 0x3c, 0x2f, 0x78, 0x73, 0x3a, 0x63, 0x6f, 0x6d,
  0x70, 0x6c, 0x65, 0x78, 0x54, 0x79, 0x70, 0x65, 0x3e, 0x0d, 0x0a, 0x09, 0x09,
  0x09, 0x3c, 0x2f, 0x78, 0x73, 0x3a, 0x65, 0x6c, 0x65, 0x6d, 0x65, 0x6e, 0x74,
  0x3e, 0x0d, 0x0a, 0x09, 0x09, 0x3c, 0x2f, 0x78, 0x73, 0x3a, 0x73, 0x65, 0x71,
  0x75, 0x65, 0x6e, 0x63, 0x65, 0x3e, 0x0d, 0x0a, 0x09, 0x09, 0x3c, 0x78, 0x73,
  0x3a, 0x61, 0x74, 0x74, 0x72, 0x69, 0x62, 0x75, 0x74, 0x65, 0x20, 0x6e, 0x61,
  0x6d, 0x65, 0x3d, 0x22, 0xd0, 0x9f, 0xd0, 0xbe, 0xd0, 0xbb, 0x22, 0x20, 0x75,
  0x73, 0x65, 0x3d, 0x22, 0x6f, 0x70, 0x74, 0x69, 0x6f, 0x6e, 0x61, 0x6c, 0x22,
  0x3e, 0x0d, 0x0a, 0x09, 0x09, 0x09, 0x3c, 0x78, 0x73, 0x3a, 0x61, 0x6e, 0x6e,
  0x6f, 0x74, 0x61, 0x74, 0x69, 0x6f, 0x6e, 0x3e, 0x0d, 0x0a, 0x09, 0x09, 0x09,
  0x09, 0x3c, 0x78, 0x73, 0x3a, 0x64, 0x6f, 0x63, 0x75, 0x6d, 0x65, 0x6e, 0x74,
  0x61, 0x74, 0x69, 0x6f, 0x6e, 0x3e, 0xd0, 0x9f, 0xd0, 0xbe, 0xd0, 0xbb, 0x20,
  0xd1, 0x84, 0xd0, 0xb8, 0xd0, 0xb7, 0xd0, 0xb8, 0xd1, 0x87, 0xd0, 0xb5, 0xd1,
  0x81, 0xd0, 0xba, 0xd0, 0xbe, 0xd0, 0xb3, 0xd0, 0xbe, 0x20, 0xd0, 0xbb, 0xd0,
  0xb8, 0xd1, 0x86, 0xd0, 0xb0, 0x3c, 0x2f, 0x78, 0x73, 0x3a, 0x64, 0x6f, 0x63,
  0x75, 0x6d, 0x65, 0x6e, 0x74, 0x61, 0x74, 0x69, 0x6f, 0x6e, 0x3e, 0x0d, 0x0a,
  0x09, 0x09, 0x09, 0x3c, 0x2f, 0x78, 0x73, 0x3a, 0x61, 0x6e, 0x6e, 0x6f, 0x74,
  0x61, 0x74, 0x69, 0x6f, 0x6e, 0x3e, 0x0d, 0x0a, 0x09, 0x09, 0x09, 0x3c, 0x78,
  0x73, 0x3a, 0x73, 0x69, 0x6d, 0x70, 0x6c, 0x65, 0x54, 0x79, 0x70, 0x65, 0x3e,
  0x0d, 0x0a, 0x09, 0x09, 0x09, 0x09, 0x3c, 0x78, 0x73, 0x3a, 0x72, 0x65, 0x73,
  0x74, 0x72, 0x69, 0x63, 0x74, 0x69, 0x6f, 0x6e, 0x20, 0x62, 0x61, 0x73, 0x65,
  0x3d, 0x22, 0x78, 0x73, 0x3a, 0x73, 0x74, 0x72, 0x69, 0x6e, 0x67, 0x22, 0x3e,
  0x0d, 0x0a, 0x09, 0x09, 0x09, 0x09, 0x09, 0x3c, 0x78, 0x73, 0x3a, 0x6c, 0x65,
  0x6e, 0x67, 0x74, 0x68, 0x20, 0x76, 0x61, 0x6c, 0x75, 0x65, 0x3d, 0x22, 0x31,
  0x22, 0x2f, 0x3e, 0x0d, 0x0a, 0x09, 0x09, 0x09, 0x09, 0x09, 0x3c, 0x78, 0x73,
  0x3a, 0x65, 0x6e, 0x75, 0x6d, 0x65, 0x72, 0x61, 0x74, 0x69, 0x6f, 0x6e, 0x20,
  0x76, 0x61, 0x6c, 0x75, 0x65, 0x3d, 0x22, 0x31, 0x22, 0x2f, 0x3e, 0x0d, 0x0a,
  0x09, 0x09, 0x09, 0x09, 0x09, 0x3c, 0x78, 0x73, 0x3a, 0x65, 0x6e, 0x75, 0x6d,
  0x65, 0x72, 0x61, 0x74, 0x69, 0x6f, 0x6e, 0x20, 0x76, 0x61, 0x6c, 0x75, 0x65,
  0x3d, 0x22, 0x32, 0x22, 0x2f, 0x3e, 0x0d, 0x0a, 0x09, 0x09, 0x09, 0x09, 0x3c,
  0x2f, 0x78, 0x73, 0x3a, 0x72, 0x65, 0x73, 0x74, 0x72, 0x69, 0x63, 0x74, 0x69,
  0x6f, 0x6e, 0x3e, 0x0d, 0x0a, 0x09, 0x09, 0x09, 0x3c, 0x2f, 0x78, 0x73, 0x3a,
  0x73, 0x69, 0x6d, 0x70, 0x6c, 0x65, 0x54, 0x79, 0x70, 0x65, 0x3e, 0x0d, 0x0a,
  0x09, 0x09, 0x3c, 0x2f, 0x78, 0x73, 0x3a, 0x61, 0x74, 0x74, 0x72, 0x69, 0x62,
  0x75, 0x74, 0x65, 0x3e, 0x0d, 0x0a, 0x09, 0x09, 0x3c, 0x78, 0x73, 0x3a, 0x61,
  0x74, 0x74, 0x72, 0x69, 0x62, 0x75, 0x74, 0x65, 0x20, 0x6e, 0x61, 0x6d, 0x65,
  0x3d, 0x22, 0xd0, 0x9f, 0xd1, 0x80, 0xd0, 0x93, 0xd1, 0x80, 0xd0, 0xb0, 0xd0,
  0xb6, 0xd0, 0xb4, 0x22, 0x20, 0x75, 0x73, 0x65, 0x3d, 0x22, 0x6f, 0x70, 0x74,
  0x69, 0x6f, 0x6e, 0x61, 0x6c, 0x22, 0x3e, 0x0d, 0x0a, 0x09, 0x09, 0x09, 0x3c,
  0x78, 0x73, 0x3a, 0x61, 0x6e, 0x6e, 0x6f, 0x74, 0x61, 0x74, 0x69, 0x6f, 0x6e,
  0x3e, 0x0d, 0x0a, 0x09, 0x09, 0x09, 0x09, 0x3c, 0x78, 0x73, 0x3a, 0x64, 0x6f,
  0x63, 0x75, 0x6d, 0x65, 0x6e, 0x74, 0x61, 0x74, 0x69, 0x6f, 0x6e, 0x3e, 0xd0,
  0x9f, 0xd1, 0x80, 0xd0, 0xb8, 0xd0, 0xb7, 0xd0, 0xbd, 0xd0, 0xb0, 0xd0, 0xba,
  0x20, 0xd0, 0xbd, 0xd0, 0xb0, 0xd0, 0xbb, 0xd0, 0xb8, 0xd1, 0x87, 0xd0, 0xb8,
  0xd1, 0x8f, 0x20, 0xd0, 0xb3, 0xd1, 0x80, 0xd0, 0xb0, 0xd0, 0xb6, 0xd0, 0xb4,
  0xd0, 0xb0, 0xd0, 0xbd, 0xd1, 0x81, 0xd1, 0x82, 0xd0, 0xb2, 0xd0, 0xb0, 0x3c,
  0x2f, 0x78, 0x73, 0x3a, 0x64, 0x6f, 0x63, 0x75, 0x6d, 0x65, 0x6e, 0x74, 0x61,
  0x74, 0x69, 0x6f, 0x6e, 0x3e, 0x0d, 0x0a, 0x09, 0x09, 0x09, 0x3c, 0x2f, 0x78,
  0x73, 0x3a, 0x61, 0x6e, 0x6e, 0x6f, 0x74, 0x61, 0x74, 0x69, 0x6f, 0x6e, 0x3e,
  0x0d, 0x0a, 0x09, 0x09, 0x09, 0x3c, 0x78, 0x73, 0x3a, 0x73, 0x69, 0x6d, 0x70,
  0x6c, 0x65, 0x54, 0x79, 0x70, 0x65, 0x3e, 0x0d, 0x0a, 0x09, 0x09, 0x09, 0x09,
  0x3c, 0x78, 0x73, 0x3a, 0x72, 0x65, 0x73, 0x74, 0x72, 0x69, 0x63, 0x74, 0x69,
  0x6f, 0x6e, 0x20, 0x62, 0x61, 0x73, 0x65, 0x3d, 0x22, 0x78, 0x73, 0x3a, 0x73,
  0x74, 0x72, 0x69, 0x6e, 0x67, 0x22, 0x3e, 0x0d, 0x0a, 0x09, 0x09, 0x09, 0x09,
  0x09, 0x3c, 0x78, 0x73, 0x3a, 0x6c, 0x65, 0x6e, 0x67, 0x74, 0x68, 0x20, 0x76,
  0x61, 0x6c, 0x75, 0x65, 0x3d, 0x22, 0x31, 0x22, 0x2f, 0x3e, 0x0d, 0x0a, 0x09,
  0x09, 0x09, 0x09, 0x09, 0x3c, 0x78, 0x73, 0x3a, 0x65, 0x6e, 0x75, 0x6d, 0x65,
  0x72, 0x61, 0x74, 0x69, 0x6f, 0x6e, 0x20, 0x76, 0x61, 0x6c, 0x75, 0x65, 0x3d,
  0x22, 0x31, 0x22, 0x2f, 0x3e, 0x0d, 0x0a, 0x09, 0x09, 0x09, 0x09, 0x09, 0x3c,
  0x78, 0x73, 0x3a, 0x65, 0x6e, 0x75, 0x6d, 0x65, 0x72, 0x61, 0x74, 0x69, 0x6f,
  0x6e, 0x20, 0x76, 0x61, 0x6c, 0x75, 0x65, 0x3d, 0x22, 0x32, 0x22, 0x2f, 0x3e,
  0x0d, 0x0a, 0x09, 0x09, 0x09, 0x09, 0x09, 0x3c, 0x78, 0x73, 0x3a, 0x65, 0x6e,
  0x75, 0x6d, 0x65, 0x72, 0x61, 0x74, 0x69, 0x6f, 0x6e, 0x20, 0x76, 0x61, 0x6c,
  0x75, 0x65, 0x3d, 0x22, 0x33, 0x22, 0x2f, 0x3e, 0x0d, 0x0a, 0x09, 0x09, 0x09,
  0x09, 0x3c, 0x2f, 0x78, 0x73, 0x3a, 0x72, 0x65, 0x73, 0x74, 0x72, 0x69, 0x63,
  0x74, 0x69, 0x6f, 0x6e, 0x3e, 0x0d, 0x0a, 0x09, 0x09, 0x09, 0x3c, 0x2f, 0x78,
  0x73, 0x3a, 0x73, 0x69, 0x6d, 0x70, 0x6c, 0x65, 0x54, 0x79, 0x70, 0x65, 0x3e,
  0x0d, 0x0a, 0x09, 0x09, 0x3c, 0x2f, 0x78, 0x73, 0x3a, 0x61, 0x74, 0x74, 0x72,
  0x69, 0x62, 0x75, 0x74, 0x65, 0x3e, 0x0d, 0x0a, 0x09, 0x09, 0x3c, 0x78, 0x73,
  0x3a, 0x61, 0x74, 0x74, 0x72, 0x69, 0x62, 0x75, 0x74, 0x65, 0x20, 0x6e, 0x61,
  0x6d, 0x65, 0x3d, 0x22, 0xd0, 0x9d, 0xd0, 0xbe, 0xd0, 0xbc, 0xd0, 0x95, 0xd0,
  0xa0, 0xd0, 0x9d, 0x22, 0x20, 0x74, 0x79, 0x70, 0x65, 0x3d, 0x22, 0xd0, 0x95,
  0xd0, 0xa0, 0xd0, 0x9d, 0xd0, 0xa2, 0xd0, 0xb8, 0xd0, 0xbf, 0x22, 0x20, 0x75,
  0x73, 0x65, 0x3d, 0x22, 0x6f, 0x70, 0x74, 0x69, 0x6f, 0x6e, 0x61, 0x6c, 0x22,
  0x3e, 0x0d, 0x0a, 0x09, 0x09, 0x09, 0x3c, 0x78, 0x73, 0x3a, 0x61, 0x6e, 0x6e,
  0x6f, 0x74, 0x61, 0x74, 0x69, 0x6f, 0x6e, 0x3e, 0x0d, 0x0a, 0x09, 0x09, 0x09,
  0x09, 0x3c, 0x78, 0x73, 0x3a, 0x64, 0x6f, 0x63, 0x75, 0x6d, 0x65, 0x6e, 0x74,
  0x61, 0x74, 0x69, 0x6f, 0x6e, 0x3e, 0xd0, 0x9d, 0xd0, 0xbe, 0xd0, 0xbc, 0xd0,
  0xb5, 0xd1, 0x80, 0x20, 0xd0, 0xb7, 0xd0, 0xb0, 0xd0, 0xbf, 0xd0, 0xb8, 0xd1,
  0x81, 0xd0, 0xb8, 0x20, 0xd0, 0xb5, 0xd0, 0xb4, 0xd0, 0xb8, 0xd0, 0xbd, 0xd0,
  0xbe, 0xd0, 0xb3, 0xd0, 0xbe, 0x20, 0xd1, 0x80, 0xd0, 0xb5, 0xd0, 0xb3, 0xd0,
  0xb8, 0xd1, 0x81, 0xd1, 0x82, 0xd1, 0x80, 0xd0, 0xb0, 0x20, 0xd0, 0xbd, 0xd0,
  0xb0, 0xd1, 0x81, 0xd0, 0xb5, 0xd0, 0xbb, 0xd0, 0xb5, 0xd0, 0xbd, 0xd0, 0xb8,
  0xd1, 0x8f, 0x3c, 0x2f, 0x78, 0x73, 0x3a, 0x64, 0x6f, 0x63, 0x75, 0x6d, 0x65,
  0x6e, 0x74, 0x61, 0x74, 0x69, 0x6f, 0x6e, 0x3e, 0x0d, 0x0a, 0x09, 0x09, 0x09,
  0x3c, 0x2f, 0x78, 0x73, 0x3a, 0x61, 0x6e, 0x6e, 0x6f, 0x74, 0x61, 0x74, 0x69,
  0x6f, 0x6e, 0x3e, 0x0d, 0x0a, 0x09, 0x09, 0x3c, 0x2f, 0x78, 0x73, 0x3a, 0x61,
  0x74, 0x74, 0x72, 0x69, 0x62, 0x75, 0x74, 0x65, 0x3e, 0x0d, 0x0a, 0x09, 0x09,
  0x3c, 0x78, 0x73, 0x3a, 0x61, 0x74, 0x74, 0x72, 0x69, 0x62, 0x75, 0x74, 0x65,
  0x20, 0x6e, 0x61, 0x6d, 0x65, 0x3d, 0x22, 0xd0, 0x94, 0xd0, 0xb0, 0xd1, 0x82,
  0xd0, 0xb0, 0xd0, 0xa0, 0xd0, 0xbe, 0xd0, 0xb6, 0xd0, 0xb4, 0x22, 0x20, 0x74,
  0x79, 0x70, 0x65, 0x3d, 0x22, 0x78, 0x73, 0x3a, 0x64, 0x61, 0x74, 0x65, 0x22,
  0x20, 0x75, 0x73, 0x65, 0x3d, 0x22, 0x6f, 0x70, 0x74, 0x69, 0x6f, 0x6e, 0x61,
  0x6c, 0x22, 0x3e, 0x0d, 0x0a, 0x09, 0x09, 0x09, 0x3c, 0x78, 0x73, 0x3a, 0x61,
  0x6e, 0x6e, 0x6f, 0x74, 0x61, 0x74, 0x69, 0x6f, 0x6e, 0x3e, 0x0d, 0x0a, 0x09,
  0x09, 0x09, 0x09, 0x3c, 0x78, 0x73, 0x3a, 0x64, 0x6f, 0x63, 0x75, 0x6d, 0x65,
  0x6e, 0x74, 0x61, 0x74, 0x69, 0x6f, 0x6e, 0x3e, 0xd0, 0x94, 0xd0, 0xb0, 0xd1,
  0x82, 0xd0, 0xb0, 0x20, 0xd1, 0x80, 0xd0, 0xbe, 0xd0, 0xb6, 0xd0, 0xb4, 0xd0,
  0xb5, 0xd0, 0xbd, 0xd0, 0xb8, 0xd1, 0x8f, 0x3c, 0x2f, 0x78, 0x73, 0x3a, 0x64,
  0x6f, 0x63, 0x75, 0x6d, 0x65, 0x6e, 0x74, 0x61, 0x74, 0x69, 0x6f, 0x6e, 0x3e,
  0x0d, 0x0a, 0x09, 0x09, 0x09, 0x3c, 0x2f, 0x78, 0x73, 0x3a, 0x61, 0x6e, 0x6e,
  0x6f, 0x74, 0x61, 0x74, 0x69, 0x6f, 0x6e, 0x3e, 0x0d, 0x0a, 0x09, 0x09, 0x3c,
  0x2f, 0x78, 0x73, 0x3a, 0x61, 0x74, 0x74, 0x72, 0x69, 0x62, 0x75, 0x74, 0x65,
  0x3e, 0x0d, 0x0a, 0x09, 0x09, 0x3c, 0x78, 0x73, 0x3a, 0x61, 0x74, 0x74, 0x72,
  0x69, 0x62, 0x75, 0x74, 0x65, 0x20, 0x6e, 0x61, 0x6d, 0x65, 0x3d, 0x22, 0xd0,
  0x9c, 0xd0, 0xb5, 0xd1, 0x81, 0xd1, 0x82, 0xd0, 0xbe, 0xd0, 0xa0, 0xd0, 0xbe,
  0xd0, 0xb6, 0xd0, 0xb4, 0x22, 0x20, 0x75, 0x73, 0x65, 0x3d, 0x22, 0x6f, 0x70,
  0x74, 0x69, 0x6f, 0x6e, 0x61, 0x6c, 0x22, 0x3e, 0x0d, 0x0a, 0x09, 0x09, 0x09,
  0x3c, 0x78, 0x73, 0x3a, 0x61, 0x6e, 0x6e, 0x6f, 0x74, 0x61, 0x74, 0x69, 0x6f,
  0x6e, 0x3e, 0x0d, 0x0a, 0x09, 0x09, 0x09, 0x09, 0x3c, 0x78, 0x73, 0x3a, 0x64,
  0x6f, 0x63, 0x75, 0x6d, 0x65, 0x6e, 0x74, 0x61, 0x74, 0x69, 0x6f, 0x6e, 0x3e,
  0xd0, 0x9c, 0xd0, 0xb5, 0xd1, 0x81, 0xd1, 0x82, 0xd0, 0xbe, 0x20, 0xd1, 0x80,
  0xd0, 0xbe, 0xd0, 0xb6, 0xd0, 0xb4, 0xd0, 0xb5, 0xd0, 0xbd, 0xd0, 0xb8, 0xd1,
  0x8f, 0x3c, 0x2f, 0x78, 0x73, 0x3a, 0x64, 0x6f, 0x63, 0x75, 0x6d, 0x65, 0x6e,
  0x74, 0x61, 0x74, 0x69, 0x6f, 0x6e, 0x3e, 0x0d, 0x0a, 0x09, 0x09, 0x09, 0x3c,
  0x2f, 0x78, 0x73, 0x3a, 0x61, 0x6e, 0x6e, 0x6f, 0x74, 0x61, 0x74, 0x69, 0x6f,
  0x6e, 0x3e, 0x0d, 0x0a, 0x09, 0x09, 0x09, 0x3c, 0x78, 0x73, 0x3a, 0x73, 0x69,
  0x6d, 0x70, 0x6c, 0x65, 0x54, 0x79, 0x70, 0x65, 0x3e, 0x0d, 0x0a, 0x09, 0x09,
  0x09, 0x09, 0x3c, 0x78, 0x73, 0x3a, 0x72, 0x65, 0x73, 0x74, 0x72, 0x69, 0x63,
  0x74, 0x69, 0x6f, 0x6e, 0x20, 0x62, 0x61, 0x73, 0x65, 0x3d, 0x22, 0x78, 0x73,
  0x3a, 0x73, 0x74, 0x72, 0x69, 0x6e, 0x67, 0x22, 0x3e, 0x0d, 0x0a, 0x09, 0x09,
  0x09, 0x09, 0x09, 0x3c, 0x78, 0x73, 0x3a, 0x6d, 0x69, 0x6e, 0x4c, 0x65, 0x6e,
  0x67, 0x74, 0x68, 0x20, 0x76, 0x61, 0x6c, 0x75, 0x65, 0x3d, 0x22, 0x31, 0x22,
  0x2f, 0x3e, 0x0d, 0x0a, 0x09, 0x09, 0x09, 0x09, 0x09, 0x3c, 0x78, 0x73, 0x3a,
  0x6d, 0x61, 0x78, 0x4c, 0x65, 0x6e, 0x67, 0x74, 0x68, 0x20, 0x76, 0x61, 0x6c,
  0x75, 0x65, 0x3d, 0x22, 0x32, 0x35, 0x30, 0x22, 0x2f, 0x3e, 0x0d, 0x0a, 0x09,
  0x09, 0x09, 0x09, 0x3c, 0x2f, 0x78, 0x73, 0x3a, 0x72, 0x65, 0x73, 0x74, 0x72,
  0x69, 0x63, 0x74, 0x69, 0x6f, 0x6e, 0x3e, 0x0d, 0x0a, 0x09, 0x09, 0x09, 0x3c,
  0x2f, 0x78, 0x73, 0x3a, 0x73, 0x69, 0x6d, 0x70, 0x6c, 0x65, 0x54, 0x79, 0x70,
  0x65, 0x3e, 0x0d, 0x0a, 0x09, 0x09, 0x3c, 0x2f, 0x78, 0x73, 0x3a, 0x61, 0x74,
  0x74, 0x72, 0x69, 0x62, 0x75, 0x74, 0x65, 0x3e, 0x0d, 0x0a, 0x09, 0x09, 0x3c,
  0x78, 0x73, 0x3a, 0x61, 0x74, 0x74, 0x72, 0x69, 0x62, 0x75, 0x74, 0x65, 0x20,
  0x6e, 0x61, 0x6d, 0x65, 0x3d, 0x22, 0xd0, 0x93, 0xd1, 0x80, 0xd0, 0xb0, 0xd0,
  0xb6, 0xd0, 0xb4, 0xd0, 0xb0, 0xd0, 0xbd, 0xd1, 0x81, 0xd1, 0x82, 0xd0, 0xb2,
  0xd0, 0xbe, 0x22, 0x20, 0x74, 0x79, 0x70, 0x65, 0x3d, 0x22, 0xd0, 0x9e, 0xd0,
  0x9a, 0xd0, 0xa1, 0xd0, 0x9c, 0xd0, 0xa2, 0xd0, 0xb8, 0xd0, 0xbf, 0x22, 0x20,
  0x75, 0x73, 0x65, 0x3d, 0x22, 0x6f, 0x70, 0x74, 0x69, 0x6f, 0x6e, 0x61, 0x6c,
  0x22, 0x3e, 0x0d, 0x0a, 0x09, 0x09, 0x09, 0x3c, 0x78, 0x73, 0x3a, 0x61, 0x6e,
  0x6e, 0x6f, 0x74, 0x61, 0x74, 0x69, 0x6f, 0x6e, 0x3e, 0x0d, 0x0a, 0x09, 0x09,
  0x09, 0x09, 0x3c, 0x78, 0x73, 0x3a, 0x64, 0x6f, 0x63, 0x75, 0x6d, 0x65, 0x6e,
  0x74, 0x61, 0x74, 0x69, 0x6f, 0x6e, 0x3e, 0xd0, 0x93, 0xd1, 0x80, 0xd0, 0xb0,
  0xd0, 0xb6, 0xd0, 0xb4, 0xd0, 0xb0, 0xd0, 0xbd, 0xd1, 0x81, 0xd1, 0x82, 0xd0,
  0xb2, 0xd0, 0xbe, 0x3c, 0x2f, 0x78, 0x73, 0x3a, 0x64, 0x6f, 0x63, 0x75, 0x6d,
  0x65, 0x6e, 0x74, 0x61, 0x74, 0x69, 0x6f, 0x6e, 0x3e, 0x0d, 0x0a, 0x09, 0x09,
  0x09, 0x3c, 0x2f, 0x78, 0x73, 0x3a, 0x61, 0x6e, 0x6e, 0x6f, 0x74, 0x61, 0x74,
  0x69, 0x6f, 0x6e, 0x3e, 0x0d, 0x0a, 0x09, 0x09, 0x3c, 0x2f, 0x78, 0x73, 0x3a,
  0x61, 0x74, 0x74, 0x72, 0x69, 0x62, 0x75, 0x74, 0x65, 0x3e, 0x0d, 0x0a, 0x09,
  0x09, 0x3c, 0x78, 0x73, 0x3a, 0x61, 0x74, 0x74, 0x72, 0x69, 0x62, 0x75, 0x74,
  0x65, 0x20, 0x6e, 0x61, 0x6d, 0x65, 0x3d, 0x22, 0xd0, 0x9a, 0xd0, 0xbe, 0xd0,
  0xbd, 0xd1, 0x82, 0xd0, 0xb0, 0xd0, 0xba, 0xd1, 0x82, 0xd0, 0xa2, 0xd0, 0xbb,
  0xd1, 0x84, 0x22, 0x20, 0x75, 0x73, 0x65, 0x3d, 0x22, 0x6f, 0x70, 0x74, 0x69,
  0x6f, 0x6e, 0x61, 0x6c, 0x22, 0x3e, 0x0d, 0x0a, 0x09, 0x09, 0x09, 0x3c, 0x78,
  0x73, 0x3a, 0x61, 0x6e, 0x6e, 0x6f, 0x74, 0x61, 0x74, 0x69, 0x6f, 0x6e, 0x3e,
  0x0d, 0x0a, 0x09, 0x09, 0x09, 0x09, 0x3c, 0x78, 0x73, 0x3a, 0x64, 0x6f, 0x63,
  0x75, 0x6d, 0x65, 0x6e, 0x74, 0x61, 0x74, 0x69, 0x6f, 0x6e, 0x3e, 0xd0, 0x9a,
  0xd0, 0xbe, 0xd0, 0xbd, 0xd1, 0x82, 0xd0, 0xb0, 0xd0, 0xba, 0xd1, 0x82, 0xd0,
  0xbd, 0xd1, 0x8b, 0xd0, 0xb9, 0x20, 0xd1, 0x82, 0xd0, 0xb5, 0xd0, 0xbb, 0xd0,
  0xb5, 0xd1, 0x84, 0xd0, 0xbe, 0xd0, 0xbd, 0x3c, 0x2f, 0x78, 0x73, 0x3a, 0x64,
  0x6f, 0x63, 0x75, 0x6d, 0x65, 0x6e, 0x74, 0x61, 0x74, 0x69, 0x6f, 0x6e, 0x3e,
  0x0d, 0x0a, 0x09, 0x09, 0x09, 0x3c, 0x2f, 0x78, 0x73, 0x3a, 0x61, 0x6e, 0x6e,
  0x6f, 0x74, 0x61, 0x74, 0x69, 0x6f, 0x6e, 0x3e, 0x0d, 0x0a, 0x09, 0x09, 0x09,
  0x3c, 0x78, 0x73, 0x3a, 0x73, 0x69, 0x6d, 0x70, 0x6c, 0x65, 0x54, 0x79, 0x70,
  0x65, 0x3e, 0x0d, 0x0a, 0x09, 0x09, 0x09, 0x09, 0x3c, 0x78, 0x73, 0x3a, 0x72,
  0x65, 0x73, 0x74, 0x72, 0x69, 0x63, 0x74, 0x69, 0x6f, 0x6e, 0x20, 0x62, 0x61,
  0x73, 0x65, 0x3d, 0x22, 0x78, 0x73, 0x3a, 0x73, 0x74, 0x72, 0x69, 0x6e, 0x67,
  0x22, 0x3e, 0x0d, 0x0a, 0x09, 0x09, 0x09, 0x09, 0x09, 0x3c, 0x78, 0x73, 0x3a,
  0x6d, 0x69, 0x6e, 0x4c, 0x65, 0x6e, 0x67, 0x74, 0x68, 0x20, 0x76, 0x61, 0x6c,
  0x75, 0x65, 0x3d, 0x22, 0x31, 0x22, 0x2f, 0x3e, 0x0d, 0x0a, 0x09, 0x09, 0x09,
  0x09, 0x09, 0x3c, 0x78, 0x73, 0x3a, 0x6d, 0x61, 0x78, 0x4c, 0x65, 0x6e, 0x67,
  0x74, 0x68, 0x20, 0x76, 0x61, 0x6c, 0x75, 0x65, 0x3d, 0x22, 0x35, 0x30, 0x22,
  0x2f, 0x3e, 0x0d, 0x0a, 0x09, 0x09, 0x09, 0x09, 0x3c, 0x2f, 0x78, 0x73, 0x3a,
  0x72, 0x65, 0x73, 0x74, 0x72, 0x69, 0x63, 0x74, 0x69, 0x6f, 0x6e, 0x3e, 0x0d,
  0x0a, 0x09, 0x09, 0x09, 0x3c, 0x2f, 0x78, 0x73, 0x3a, 0x73, 0x69, 0x6d, 0x70,
  0x6c, 0x65, 0x54, 0x79, 0x70, 0x65, 0x3e, 0x0d, 0x0a, 0x09, 0x09, 0x3c, 0x2f,
  0x78, 0x73, 0x3a, 0x61, 0x74, 0x74, 0x72, 0x69, 0x62, 0x75, 0x74, 0x65, 0x3e,
  0x0d, 0x0a, 0x09, 0x09, 0x3c, 0x78, 0x73, 0x3a, 0x61, 0x74, 0x74, 0x72, 0x69,
  0x62, 0x75, 0x74, 0x65, 0x20, 0x6e, 0x61, 0x6d, 0x65, 0x3d, 0x22, 0xd0, 0x90,
  0xd0, 0xb4, 0xd1, 0x80, 0xd0, 0xad, 0xd0, 0xbb, 0xd0, 0x9f, 0xd0, 0xbe, 0xd1,
  0x87, 0xd1, 0x82, 0x22, 0x20, 0x75, 0x73, 0x65, 0x3d, 0x22, 0x6f, 0x70, 0x74,
  0x69, 0x6f, 0x6e, 0x61, 0x6c, 0x22, 0x3e, 0x0d, 0x0a, 0x09, 0x09, 0x09, 0x3c,
  0x78, 0x73, 0x3a, 0x61, 0x6e, 0x6e, 0x6f, 0x74, 0x61, 0x74, 0x69, 0x6f, 0x6e,
  0x3e, 0x0d, 0x0a, 0x09, 0x09, 0x09, 0x09, 0x3c, 0x78, 0x73, 0x3a, 0x64, 0x6f,
  0x63, 0x75, 0x6d, 0x65, 0x6e, 0x74, 0x61, 0x74, 0x69, 0x6f, 0x6e, 0x3e, 0xd0,
  0x90, 0xd0, 0xb4, 0xd1, 0x80, 0xd0, 0xb5, 0xd1, 0x81, 0x20, 0xd1, 0x8d, 0xd0,
  0xbb, 0xd0, 0xb5, 0xd0, 0xba, 0xd1, 0x82, 0xd1, 0x80, 0xd0, 0xbe, 0xd0, 0xbd,
  0xd0, 0xbd, 0xd0, 0xbe, 0xd0, 0xb9, 0x20, 0xd0, 0xbf, 0xd0, 0xbe, 0xd1, 0x87,
  0xd1, 0x82, 0xd1, 0x8b, 0x3c, 0x2f, 0x78, 0x73, 0x3a, 0x64, 0x6f, 0x63, 0x75,
  0x6d, 0x65, 0x6e, 0x74, 0x61, 0x74, 0x69, 0x6f, 0x6e, 0x3e, 0x0d, 0x0a, 0x09,
  0x09, 0x09, 0x3c, 0x2f, 0x78, 0x73, 0x3a, 0x61, 0x6e, 0x6e, 0x6f, 0x74, 0x61,
  0x74, 0x69, 0x6f, 0x6e, 0x3e, 0x0d, 0x0a, 0x09, 0x09, 0x09, 0x3c, 0x78, 0x73,
  0x3a, 0x73, 0x69, 0x6d, 0x70, 0x6c, 0x65, 0x54, 0x79, 0x70, 0x65, 0x3e, 0x0d,
  0x0a, 0x09, 0x09, 0x09, 0x09, 0x3c, 0x78, 0x73, 0x3a, 0x72, 0x65, 0x73, 0x74,
  0x72, 0x69, 0x63, 0x74, 0x69, 0x6f, 0x6e, 0x20, 0x62, 0x61, 0x73, 0x65, 0x3d,
  0x22, 0x78, 0x73, 0x3a, 0x73, 0x74, 0x72, 0x69, 0x6e, 0x67, 0x22, 0x3e, 0x0d,
  0x0a, 0x09, 0x09, 0x09, 0x09, 0x09, 0x3c, 0x78, 0x73, 0x3a, 0x6d, 0x69, 0x6e,
  0x4c, 0x65, 0x6e, 0x67, 0x74, 0x68, 0x20, 0x76, 0x61, 0x6c, 0x75, 0x65, 0x3d,
  0x22, 0x33, 0x22, 0x2f, 0x3e, 0x0d, 0x0a, 0x09, 0x09, 0x09, 0x09, 0x09, 0x3c,
  0x78, 0x73, 0x3a, 0x6d, 0x61, 0x78, 0x4c, 0x65, 0x6e, 0x67, 0x74, 0x68, 0x20,
  0x76, 0x61, 0x6c, 0x75, 0x65, 0x3d, 0x22, 0x31, 0x32, 0x39, 0x22, 0x2f, 0x3e,
  0x0d, 0x0a, 0x09, 0x09, 0x09, 0x09, 0x3c, 0x2f, 0x78, 0x73, 0x3a, 0x72, 0x65,
  0x73, 0x74, 0x72, 0x69, 0x63, 0x74, 0x69, 0x6f, 0x6e, 0x3e, 0x0d, 0x0a, 0x09,
  0x09, 0x09, 0x3c, 0x2f, 0x78, 0x73, 0x3a, 0x73, 0x69, 0x6d, 0x70, 0x6c, 0x65,
  0x54, 0x79, 0x70, 0x65, 0x3e, 0x0d, 0x0a, 0x09, 0x09, 0x3c, 0x2f, 0x78, 0x73,
  0x3a, 0x61, 0x74, 0x74, 0x72, 0x69, 0x62, 0x75, 0x74, 0x65, 0x3e, 0x0d, 0x0a,
  0x09, 0x3c, 0x2f, 0x78, 0x73, 0x3a, 0x63, 0x6f, 0x6d, 0x70, 0x6c, 0x65, 0x78,
  0x54, 0x79, 0x70, 0x65, 0x3e, 0x0d, 0x0a, 0x09, 0x3c, 0x78, 0x73, 0x3a, 0x63,
  0x6f, 0x6d, 0x70, 0x6c, 0x65, 0x78, 0x54, 0x79, 0x70, 0x65, 0x20, 0x6e, 0x61,
  0x6d, 0x65, 0x3d, 0x22, 0xd0, 0x94, 0xd0, 0xbe, 0xd0, 0xba, 0xd0, 0x9f, 0xd0,
  0xb4, 0xd1, 0x82, 0xd0, 0xb2, 0xd0, 0xa2, 0xd0, 0xb8, 0xd0, 0xbf, 0x22, 0x3e,
  0x0d, 0x0a, 0x09, 0x09, 0x3c, 0x78, 0x73, 0x3a, 0x61, 0x6e, 0x6e, 0x6f, 0x74,
  0x61, 0x74, 0x69, 0x6f, 0x6e, 0x3e, 0x0d, 0x0a, 0x09, 0x09, 0x09, 0x3c, 0x78,
  0x73, 0x3a, 0x64, 0x6f, 0x63, 0x75, 0x6d, 0x65, 0x6e, 0x74, 0x61, 0x74, 0x69,
  0x6f, 0x6e, 0x3e, 0xd0, 0x94, 0xd0, 0xbe, 0xd0, 0xba, 0xd1, 0x83, 0xd0, 0xbc,
  0xd0, 0xb5, 0xd0, 0xbd, 0xd1, 0x82, 0x2c, 0x20, 0xd0, 0xbf, 0xd0, 0xbe, 0xd0,
  0xb4, 0xd1, 0x82, 0xd0, 0xb2, 0xd0, 0xb5, 0xd1, 0x80, 0xd0, 0xb6, 0xd0, 0xb4,
  0xd0, 0xb0, 0xd1, 0x8e, 0xd1, 0x89, 0xd0, 0xb8, 0xd0, 0xb9, 0x20, 0xd0, 0xbf,
  0xd0, 0xbe, 0xd0, 0xbb, 0xd0, 0xbd, 0xd0, 0xbe, 0xd0, 0xbc, 0xd0, 0xbe, 0xd1,
  0x87, 0xd0, 0xb8, 0xd1, 0x8f, 0x20, 0xd0, 0xbb, 0xd0, 0xb8, 0xd1, 0x86, 0xd0,
  0xb0, 0x2c, 0x20, 0xd0, 0xb4, 0xd0, 0xb5, 0xd0, 0xb9, 0xd1, 0x81, 0xd1, 0x82,
  0xd0, 0xb2, 0xd1, 0x83, 0xd1, 0x8e, 0xd1, 0x89, 0xd0, 0xb5, 0xd0, 0xb3, 0xd0,
  0xbe, 0x20, 0xd0, 0xb1, 0xd0, 0xb5, 0xd0, 0xb7, 0x20, 0xd0, 0xb4, 0xd0, 0xbe,
  0xd0, 0xb2, 0xd0, 0xb5, 0xd1, 0x80, 0xd0, 0xb5, 0xd0, 0xbd, 0xd0, 0xbd, 0xd0,
  0xbe, 0xd1, 0x81, 0xd1, 0x82, 0xd0, 0xb8, 0x3c, 0x2f, 0x78, 0x73, 0x3a, 0x64,
  0x6f, 0x63, 0x75, 0x6d, 0x65, 0x6e, 0x74, 0x61, 0x74, 0x69, 0x6f, 0x6e, 0x3e,
  0x0d, 0x0a, 0x09, 0x09, 0x3c, 0x2f, 0x78, 0x73, 0x3a, 0x61, 0x6e, 0x6e, 0x6f,
  0x74, 0x61, 0x74, 0x69, 0x6f, 0x6e, 0x3e, 0x0d, 0x0a, 0x09, 0x09, 0x3c, 0x78,
  0x73, 0x3a, 0x61, 0x74, 0x74, 0x72, 0x69, 0x62, 0x75, 0x74, 0x65, 0x20, 0x6e,
  0x61, 0x6d, 0x65, 0x3d, 0x22, 0xd0, 0x9d, 0xd0, 0xb0, 0xd0, 0xb8, 0xd0, 0xbc,
  0xd0, 0x94, 0xd0, 0xbe, 0xd0, 0xba, 0xd0, 0x9f, 0xd0, 0xb4, 0xd1, 0x82, 0xd0,
  0xb2, 0x22, 0x20, 0x75, 0x73, 0x65, 0x3d, 0x22, 0x6f, 0x70, 0x74, 0x69, 0x6f,
  0x6e, 0x61, 0x6c, 0x22, 0x3e, 0x0d, 0x0a, 0x09, 0x09, 0x09, 0x3c, 0x78, 0x73,
  0x3a, 0x61, 0x6e, 0x6e, 0x6f, 0x74, 0x61, 0x74, 0x69, 0x6f, 0x6e, 0x3e, 0x0d,
  0x0a, 0x09, 0x09, 0x09, 0x09, 0x3c, 0x78, 0x73, 0x3a, 0x64, 0x6f, 0x63, 0x75,
  0x6d, 0x65, 0x6e, 0x74, 0x61, 0x74, 0x69, 0x6f, 0x6e, 0x3e, 0xd0, 0x9d, 0xd0,
  0xb0, 0xd0, 0xb8, 0xd0, 0xbc, 0xd0, 0xb5, 0xd0, 0xbd, 0xd0, 0xbe, 0xd0, 0xb2,
  0xd0, 0xb0, 0xd0, 0xbd, 0xd0, 0xb8, 0xd0, 0xb5, 0x20, 0xd0, 0xb4, 0xd0, 0xbe,
  0xd0, 0xba, 0xd1, 0x83, 0xd0, 0xbc, 0xd0, 0xb5, 0xd0, 0xbd, 0xd1, 0x82, 0xd0,
  0xb0, 0x3c, 0x2f, 0x78, 0x73, 0x3a, 0x64, 0x6f, 0x63, 0x75, 0x6d, 0x65, 0x6e,
  0x74, 0x61, 0x74, 0x69, 0x6f, 0x6e, 0x3e, 0x0d, 0x0a, 0x09, 0x09, 0x09, 0x3c,
  0x2f, 0x78, 0x73, 0x3a, 0x61, 0x6e, 0x6e, 0x6f, 0x74, 0x61, 0x74, 0x69, 0x6f,
  0x6e, 0x3e, 0x0d, 0x0a, 0x09, 0x09, 0x09, 0x3c, 0x78, 0x73, 0x3a, 0x73, 0x69,
  0x6d, 0x70, 0x6c, 0x65, 0x54, 0x79, 0x70, 0x65, 0x3e, 0x0d, 0x0a, 0x09, 0x09,
  0x09, 0x09, 0x3c, 0x78, 0x73, 0x3a, 0x72, 0x65, 0x73, 0x74, 0x72, 0x69, 0x63,
  0x74, 0x69, 0x6f, 0x6e, 0x20, 0x62, 0x61, 0x73, 0x65, 0x3d, 0x22, 0x78, 0x73,
  0x3a, 0x73, 0x74, 0x72, 0x69, 0x6e, 0x67, 0x22, 0x3e, 0x0d, 0x0a, 0x09, 0x09,
  0x09, 0x09, 0x09, 0x3c, 0x78, 0x73, 0x3a, 0x6d, 0x69, 0x6e, 0x4c, 0x65, 0x6e,
  0x67, 0x74, 0x68, 0x20, 0x76, 0x61, 0x6c, 0x75, 0x65, 0x3d, 0x22, 0x31, 0x22,
  0x2f, 0x3e, 0x0d, 0x0a, 0x09, 0x09, 0x09, 0x09, 0x09, 0x3c, 0x78, 0x73, 0x3a,
  0x6d, 0x61, 0x78, 0x4c, 0x65, 0x6e, 0x67, 0x74, 0x68, 0x20, 0x76, 0x61, 0x6c,
  0x75, 0x65, 0x3d, 0x22, 0x31, 0x32, 0x30, 0x22, 0x2f, 0x3e, 0x0d, 0x0a, 0x09,
  0x09, 0x09, 0x09, 0x3c, 0x2f, 0x78, 0x73, 0x3a, 0x72, 0x65, 0x73, 0x74, 0x72,
  0x69, 0x63, 0x74, 0x69, 0x6f, 0x6e, 0x3e, 0x0d, 0x0a, 0x09, 0x09, 0x09, 0x3c,
  0x2f, 0x78, 0x73, 0x3a, 0x73, 0x69, 0x6d, 0x70, 0x6c, 0x65, 0x54, 0x79, 0x70,
  0x65, 0x3e, 0x0d, 0x0a, 0x09, 0x09, 0x3c, 0x2f, 0x78, 0x73, 0x3a, 0x61, 0x74,
  0x74, 0x72, 0x69, 0x62, 0x75, 0x74, 0x65, 0x3e, 0x0d, 0x0a, 0x09, 0x09, 0x3c,
  0x78, 0x73, 0x3a, 0x61, 0x74, 0x74, 0x72, 0x69, 0x62, 0x75, 0x74, 0x65, 0x20,
  0x6e, 0x61, 0x6d, 0x65, 0x3d, 0x22, 0xd0, 0x94, 0xd0, 0xb0, 0xd1, 0x82, 0xd0,
  0xb0, 0xd0, 0x92, 0xd1, 0x8b, 0xd0, 0xb4, 0x22, 0x20, 0x74, 0x79, 0x70, 0x65,
  0x3d, 0x22, 0x78, 0x73, 0x3a, 0x64, 0x61, 0x74, 0x65, 0x22, 0x20, 0x75, 0x73,
  0x65, 0x3d, 0x22, 0x6f, 0x70, 0x74, 0x69, 0x6f, 0x6e, 0x61, 0x6c, 0x22, 0x3e,
  0x0d, 0x0a, 0x09, 0x09, 0x09, 0x3c, 0x78, 0x73, 0x3a, 0x61, 0x6e, 0x6e, 0x6f,
  0x74, 0x61, 0x74, 0x69, 0x6f, 0x6e, 0x3e, 0x0d, 0x0a, 0x09, 0x09, 0x09, 0x09,
  0x3c, 0x78, 0x73, 0x3a, 0x64, 0x6f, 0x63, 0x75, 0x6d, 0x65, 0x6e, 0x74, 0x61,
  0x74, 0x69, 0x6f, 0x6e, 0x3e, 0xd0, 0x94, 0xd0, 0xb0, 0xd1, 0x82, 0xd0, 0xb0,
  0x20, 0xd0, 0xb2, 0xd1, 0x8b, 0xd0, 0xb4, 0xd0, 0xb0, 0xd1, 0x87, 0xd0, 0xb8,
  0x20, 0xd0, 0xb4, 0xd0, 0xbe, 0xd0, 0xba, 0xd1, 0x83, 0xd0, 0xbc, 0xd0, 0xb5,
  0xd0, 0xbd, 0xd1, 0x82, 0xd0, 0xb0, 0x3c, 0x2f, 0x78, 0x73, 0x3a, 0x64, 0x6f,
  0x63, 0x75, 0x6d, 0x65, 0x6e, 0x74, 0x61, 0x74, 0x69, 0x6f, 0x6e, 0x3e, 0x0d,
  0x0a, 0x09, 0x09, 0x09, 0x3c, 0x2f, 0x78, 0x73, 0x3a, 0x61, 0x6e, 0x6e, 0x6f,
  0x74, 0x61, 0x74, 0x69, 0x6f, 0x6e, 0x3e, 0x0d, 0x0a, 0x09, 0x09, 0x3c, 0x2f,
  0x78, 0x73, 0x3a, 0x61, 0x74, 0x74, 0x72, 0x69, 0x62, 0x75, 0x74, 0x65, 0x3e,
  0x0d, 0x0a, 0x09, 0x09, 0x3c, 0x78, 0x73, 0x3a, 0x61, 0x74, 0x74, 0x72, 0x69,
  0x62, 0x75, 0x74, 0x65, 0x20, 0x6e, 0x61, 0x6d, 0x65, 0x3d, 0x22, 0xd0, 0x9a,
  0xd0, 0xb5, 0xd0, 0xbc, 0xd0, 0x92, 0xd1, 0x8b, 0xd0, 0xb4, 0x22, 0x20, 0x75,
  0x73, 0x65, 0x3d, 0x22, 0x6f, 0x70, 0x74, 0x69, 0x6f, 0x6e, 0x61, 0x6c, 0x22,
  0x3e, 0x0d, 0x0a, 0x09, 0x09, 0x09, 0x3c, 0x78, 0x73, 0x3a, 0x61, 0x6e, 0x6e,
  0x6f, 0x74, 0x61, 0x74, 0x69, 0x6f, 0x6e, 0x3e, 0x0d, 0x0a, 0x09, 0x09, 0x09,
  0x09, 0x3c, 0x78, 0x73, 0x3a, 0x64, 0x6f, 0x63, 0x75, 0x6d, 0x65, 0x6e, 0x74,
  0x61, 0x74, 0x69, 0x6f, 0x6e, 0x3e, 0xd0, 0x9d, 0xd0, 0xb0, 0xd0, 0xb8, 0xd0,
  0xbc, 0xd0, 0xb5, 0xd0, 0xbd, 0xd0, 0xbe, 0xd0, 0xb2, 0xd0, 0xb0, 0xd0, 0xbd,
  0xd0, 0xb8, 0xd0, 0xb5, 0x20, 0xd0, 0xbe, 0xd1, 0x80, 0xd0, 0xb3, 0xd0, 0xb0,
  0xd0, 0xbd, 0xd0, 0xb0, 0x2c, 0x20, 0xd0, 0xb2, 0xd1, 0x8b, 0xd0, 0xb4, 0xd0,
  0xb0, 0xd0, 0xb2, 0xd1, 0x88, 0xd0, 0xb5, 0xd0, 0xb3, 0xd0, 0xbe, 0x20, 0xd0,
  0xb4, 0xd0, 0xbe, 0xd0, 0xba, 0xd1, 0x83, 0xd0, 0xbc, 0xd0, 0xb5, 0xd0, 0xbd,
  0xd1, 0x82, 0x3c, 0x2f, 0x78, 0x73, 0x3a, 0x64, 0x6f, 0x63, 0x75, 0x6d, 0x65,
  0x6e, 0x74, 0x61, 0x74, 0x69, 0x6f, 0x6e, 0x3e, 0x0d, 0x0a, 0x09, 0x09, 0x09,
  0x3c, 0x2f, 0x78, 0x73, 0x3a, 0x61, 0x6e, 0x6e, 0x6f, 0x74, 0x61, 0x74, 0x69,
  0x6f, 0x6e, 0x3e, 0x0d, 0x0a, 0x09, 0x09, 0x09, 0x3c, 0x78, 0x73, 0x3a, 0x73,
  0x69, 0x6d, 0x70, 0x6c, 0x65, 0x54, 0x79, 0x70, 0x65, 0x3e, 0x0d, 0x0a, 0x09,
  0x09, 0x09, 0x09, 0x3c, 0x78, 0x73, 0x3a, 0x72, 0x65, 0x73, 0x74, 0x72, 0x69,
  0x63, 0x74, 0x69, 0x6f, 0x6e, 0x20, 0x62, 0x61, 0x73, 0x65, 0x3d, 0x22, 0x78,
  0x73, 0x3a, 0x73, 0x74, 0x72, 0x69, 0x6e, 0x67, 0x22, 0x3e, 0x0d, 0x0a, 0x09,
  0x09, 0x09, 0x09, 0x09, 0x3c, 0x78, 0x73, 0x3a, 0x6d, 0x69, 0x6e, 0x4c, 0x65,
  0x6e, 0x67, 0x74, 0x68, 0x20, 0x76, 0x61, 0x6c, 0x75, 0x65, 0x3d, 0x22, 0x31,
  0x22, 0x2f, 0x3e, 0x0d, 0x0a, 0x09, 0x09, 0x09, 0x09, 0x09, 0x3c, 0x78, 0x73,
  0x3a, 0x6d, 0x61, 0x78, 0x4c, 0x65, 0x6e, 0x67, 0x74, 0x68, 0x20, 0x76, 0x61,
  0x6c, 0x75, 0x65, 0x3d, 0x22, 0x31, 0x30, 0x30, 0x30, 0x22, 0x2f, 0x3e, 0x0d,
  0x0a, 0x09, 0x09, 0x09, 0x09, 0x3c, 0x2f, 0x78, 0x73, 0x3a, 0x72, 0x65, 0x73,
  0x74, 0x72, 0x69, 0x63, 0x74, 0x69, 0x6f, 0x6e, 0x3e, 0x0d, 0x0a, 0x09, 0x09,
  0x09, 0x3c, 0x2f, 0x78, 0x73, 0x3a, 0x73, 0x69, 0x6d, 0x70, 0x6c, 0x65, 0x54,
  0x79, 0x70, 0x65, 0x3e, 0x0d, 0x0a, 0x09, 0x09, 0x3c, 0x2f, 0x78, 0x73, 0x3a,
  0x61, 0x74, 0x74, 0x72, 0x69, 0x62, 0x75, 0x74, 0x65, 0x3e, 0x0d, 0x0a, 0x09,
  0x09, 0x3c, 0x78, 0x73, 0x3a, 0x61, 0x74, 0x74, 0x72, 0x69, 0x62, 0x75, 0x74,
  0x65, 0x20, 0x6e, 0x61, 0x6d, 0x65, 0x3d, 0x22, 0xd0, 0xa1, 0xd0, 0xb2, 0xd0,
  0xa3, 0xd0, 0xb4, 0xd0, 0x94, 0xd0, 0xbe, 0xd0, 0xba, 0x22, 0x20, 0x75, 0x73,
  0x65, 0x3d, 0x22, 0x6f, 0x70, 0x74, 0x69, 0x6f, 0x6e, 0x61, 0x6c, 0x22, 0x3e,
  0x0d, 0x0a, 0x09, 0x09, 0x09, 0x3c, 0x78, 0x73, 0x3a, 0x61, 0x6e, 0x6e, 0x6f,
  0x74, 0x61, 0x74, 0x69, 0x6f, 0x6e, 0x3e, 0x0d, 0x0a, 0x09, 0x09, 0x09, 0x09,
  0x3c, 0x78, 0x73, 0x3a, 0x64, 0x6f, 0x63, 0x75, 0x6d, 0x65, 0x6e, 0x74, 0x61,
  0x74, 0x69, 0x6f, 0x6e, 0x3e, 0xd0, 0xa1, 0xd0, 0xb2, 0xd0, 0xb5, 0xd0, 0xb4,
  0xd0, 0xb5, 0xd0, 0xbd, 0xd0, 0xb8, 0xd1, 0x8f, 0x20, 0xd0, 0xbe, 0xd0, 0xb1,
  0x20, 0xd1, 0x83, 0xd0, 0xb4, 0xd0, 0xbe, 0xd1, 0x81, 0xd1, 0x82, 0xd0, 0xbe,
  0xd0, 0xb2, 0xd0, 0xb5, 0xd1, 0x80, 0xd0, 0xb5, 0xd0, 0xbd, 0xd0, 0xb8, 0xd0,
  0xb8, 0x20, 0xd0, 0xb4, 0xd0, 0xbe, 0xd0, 0xba, 0xd1, 0x83, 0xd0, 0xbc, 0xd0,
  0xb5, 0xd0, 0xbd, 0xd1, 0x82, 0xd0, 0xb0, 0x3c, 0x2f, 0x78, 0x73, 0x3a, 0x64,
  0x6f, 0x63, 0x75, 0x6d, 0x65, 0x6e, 0x74, 0x61, 0x74, 0x69, 0x6f, 0x6e, 0x3e,
  0x0d, 0x0a, 0x09, 0x09, 0x09, 0x3c, 0x2f, 0x78, 0x73, 0x3a, 0x61, 0x6e, 0x6e,
  0x6f, 0x74, 0x61, 0x74, 0x69, 0x6f, 0x6e, 0x3e, 0x0d, 0x0a, 0x09, 0x09, 0x09,
  0x3c, 0x78, 0x73, 0x3a, 0x73, 0x69, 0x6d, 0x70, 0x6c, 0x65, 0x54, 0x79, 0x70,
  0x65, 0x3e, 0x0d, 0x0a, 0x09, 0x09, 0x09, 0x09, 0x3c, 0x78, 0x73, 0x3a, 0x72,
  0x65, 0x73, 0x74, 0x72, 0x69, 0x63, 0x74, 0x69, 0x6f, 0x6e, 0x20, 0x62, 0x61,
  0x73, 0x65, 0x3d, 0x22, 0x78, 0x73, 0x3a, 0x73, 0x74, 0x72, 0x69, 0x6e, 0x67,
  0x22, 0x3e, 0x0d, 0x0a, 0x09, 0x09, 0x09, 0x09, 0x09, 0x3c, 0x78, 0x73, 0x3a,
  0x6d, 0x69, 0x6e, 0x4c, 0x65, 0x6e, 0x67, 0x74, 0x68, 0x20, 0x76, 0x61, 0x6c,
  0x75, 0x65, 0x3d, 0x22, 0x31, 0x22, 0x2f, 0x3e, 0x0d, 0x0a, 0x09, 0x09, 0x09,
  0x09, 0x09, 0x3c, 0x78, 0x73, 0x3a, 0x6d, 0x61, 0x78, 0x4c, 0x65, 0x6e, 0x67,
  0x74, 0x68, 0x20, 0x76, 0x61, 0x6c, 0x75, 0x65, 0x3d, 0x22, 0x31, 0x30, 0x30,
  0x30, 0x22, 0x2f, 0x3e, 0x0d, 0x0a, 0x09, 0x09, 0x09, 0x09, 0x3c, 0x2f, 0x78,
  0x73, 0x3a, 0x72, 0x65, 0x73, 0x74, 0x72, 0x69, 0x63, 0x74, 0x69, 0x6f, 0x6e,
  0x3e, 0x0d, 0x0a, 0x09, 0x09, 0x09, 0x3c, 0x2f, 0x78, 0x73, 0x3a, 0x73, 0x69,
  0x6d, 0x70, 0x6c, 0x65, 0x54, 0x79, 0x70, 0x65, 0x3e, 0x0d, 0x0a, 0x09, 0x09,
  0x3c, 0x2f, 0x78, 0x73, 0x3a, 0x61, 0x74, 0x74, 0x72, 0x69, 0x62, 0x75, 0x74,
  0x65, 0x3e, 0x0d, 0x0a, 0x09, 0x3c, 0x2f, 0x78, 0x73, 0x3a, 0x63, 0x6f, 0x6d,
  0x70, 0x6c, 0x65, 0x78, 0x54, 0x79, 0x70, 0x65, 0x3e, 0x0d, 0x0a, 0x09, 0x3c,
  0x78, 0x73, 0x3a, 0x63, 0x6f, 0x6d, 0x70, 0x6c, 0x65, 0x78, 0x54, 0x79, 0x70,
  0x65, 0x20, 0x6e, 0x61, 0x6d, 0x65, 0x3d, 0x22, 0xd0, 0x90, 0xd0, 0xb4, 0xd1,
  0x80, 0xd0, 0xa2, 0xd0, 0xb8, 0xd0, 0xbf, 0x22, 0x3e, 0x0d, 0x0a, 0x09, 0x09,
  0x3c, 0x78, 0x73, 0x3a, 0x61, 0x6e, 0x6e, 0x6f, 0x74, 0x61, 0x74, 0x69, 0x6f,
  0x6e, 0x3e, 0x0d, 0x0a, 0x09, 0x09, 0x09, 0x3c, 0x78, 0x73, 0x3a, 0x64, 0x6f,
  0x63, 0x75, 0x6d, 0x65, 0x6e, 0x74, 0x61, 0x74, 0x69, 0x6f, 0x6e, 0x3e, 0xd0,
  0xa1, 0xd0, 0xb2, 0xd0, 0xb5, 0xd0, 0xb4, 0xd0, 0xb5, 0xd0, 0xbd, 0xd0, 0xb8,
  0xd1, 0x8f, 0x20, 0xd0, 0xbe, 0xd0, 0xb1, 0x20, 0xd0, 0xb0, 0xd0, 0xb4, 0xd1,
  0x80, 0xd0, 0xb5, 0xd1, 0x81, 0xd0, 0xb5, 0x3c, 0x2f, 0x78, 0x73, 0x3a, 0x64,
  0x6f, 0x63, 0x75, 0x6d, 0x65, 0x6e, 0x74, 0x61, 0x74, 0x69, 0x6f, 0x6e, 0x3e,
  0x0d, 0x0a, 0x09, 0x09, 0x3c, 0x2f, 0x78, 0x73, 0x3a, 0x61, 0x6e, 0x6e, 0x6f,
  0x74, 0x61, 0x74, 0x69, 0x6f, 0x6e, 0x3e, 0x0d, 0x0a, 0x09, 0x09, 0x3c, 0x78,
  0x73, 0x3a, 0x63, 0x68, 0x6f, 0x69, 0x63, 0x65, 0x3e, 0x0d, 0x0a, 0x09, 0x09,
  0x09, 0x3c, 0x78, 0x73, 0x3a, 0x65, 0x6c, 0x65, 0x6d, 0x65, 0x6e, 0x74, 0x20,
  0x6e, 0x61, 0x6d, 0x65, 0x3d, 0x22, 0xd0, 0x90, 0xd0, 0xb4, 0xd1, 0x80, 0xd0,
  0xa0, 0xd0, 0xa4, 0x22, 0x20, 0x6d, 0x69, 0x6e, 0x4f, 0x63, 0x63, 0x75, 0x72,
  0x73, 0x3d, 0x22, 0x30, 0x22, 0x3e, 0x0d, 0x0a, 0x09, 0x09, 0x09, 0x09, 0x3c,
  0x78, 0x73, 0x3a, 0x61, 0x6e, 0x6e, 0x6f, 0x74, 0x61, 0x74, 0x69, 0x6f, 0x6e,
  0x3e, 0x0d, 0x0a, 0x09, 0x09, 0x09, 0x09, 0x09, 0x3c, 0x78, 0x73, 0x3a, 0x64,
  0x6f, 0x63, 0x75, 0x6d, 0x65, 0x6e, 0x74, 0x61, 0x74, 0x69, 0x6f, 0x6e, 0x3e,
  0xd0, 0x90, 0xd0, 0xb4, 0xd1, 0x80, 0xd0, 0xb5, 0xd1, 0x81, 0x20, 0xd0, 0xb2,
  0x20, 0xd0, 0xa0, 0xd0, 0xbe, 0xd1, 0x81, 0xd1, 0x81, 0xd0, 0xb8, 0xd0, 0xb9,
  0xd1, 0x81, 0xd0, 0xba, 0xd0, 0xbe, 0xd0, 0xb9, 0x20, 0xd0, 0xa4, 0xd0, 0xb5,
  0xd0, 0xb4, 0xd0, 0xb5, 0xd1, 0x80, 0xd0, 0xb0, 0xd1, 0x86, 0xd0, 0xb8, 0xd0,
  0xb8, 0x3c, 0x2f, 0x78, 0x73, 0x3a, 0x64, 0x6f, 0x63, 0x75, 0x6d, 0x65, 0x6e,
  0x74, 0x61, 0x74, 0x69, 0x6f, 0x6e, 0x3e, 0x0d, 0x0a, 0x09, 0x09, 0x09, 0x09,
  0x3c, 0x2f, 0x78, 0x73, 0x3a, 0x61, 0x6e, 0x6e, 0x6f, 0x74, 0x61, 0x74, 0x69,
  0x6f, 0x6e, 0x3e, 0x0d, 0x0a, 0x09, 0x09, 0x09, 0x09, 0x3c, 0x78, 0x73, 0x3a,
  0x73, 0x69, 0x6d, 0x70, 0x6c, 0x65, 0x54, 0x79, 0x70, 0x65, 0x3e, 0x0d, 0x0a,
  0x09, 0x09, 0x09, 0x09, 0x09, 0x3c, 0x78, 0x73, 0x3a, 0x72, 0x65, 0x73, 0x74,
  0x72, 0x69, 0x63, 0x74, 0x69, 0x6f, 0x6e, 0x20, 0x62, 0x61, 0x73, 0x65, 0x3d,
  0x22, 0x78, 0x73, 0x3a, 0x73, 0x74, 0x72, 0x69, 0x6e, 0x67, 0x22, 0x3e, 0x0d,
  0x0a, 0x09, 0x09, 0x09, 0x09, 0x09, 0x09, 0x3c, 0x78, 0x73, 0x3a, 0x6d, 0x69,
  0x6e, 0x4c, 0x65, 0x6e, 0x67, 0x74, 0x68, 0x20, 0x76, 0x61, 0x6c, 0x75, 0x65,
  0x3d, 0x22, 0x31, 0x22, 0x2f, 0x3e, 0x0d, 0x0a, 0x09, 0x09, 0x09, 0x09, 0x09,
  0x09, 0x3c, 0x78, 0x73, 0x3a, 0x6d, 0x61, 0x78, 0x4c, 0x65, 0x6e, 0x67, 0x74,
  0x68, 0x20, 0x76, 0x61, 0x6c, 0x75, 0x65, 0x3d, 0x22, 0x31, 0x30, 0x30, 0x30,
  0x22, 0x2f, 0x3e, 0x0d, 0x0a, 0x09, 0x09, 0x09, 0x09, 0x09, 0x3c, 0x2f, 0x78,
  0x73, 0x3a, 0x72, 0x65, 0x73, 0x74, 0x72, 0x69, 0x63, 0x74, 0x69, 0x6f, 0x6e,
  0x3e, 0x0d, 0x0a, 0x09, 0x09, 0x09, 0x09, 0x3c, 0x2f, 0x78, 0x73, 0x3a, 0x73,
  0x69, 0x6d, 0x70, 0x6c, 0x65, 0x54, 0x79, 0x70, 0x65, 0x3e, 0x0d, 0x0a, 0x09,
  0x09, 0x09, 0x3c, 0x2f, 0x78, 0x73, 0x3a, 0x65, 0x6c, 0x65, 0x6d, 0x65, 0x6e,
  0x74, 0x3e, 0x0d, 0x0a, 0x09, 0x09, 0x09, 0x3c, 0x78, 0x73, 0x3a, 0x65, 0x6c,
  0x65, 0x6d, 0x65, 0x6e, 0x74, 0x20, 0x6e, 0x61, 0x6d, 0x65, 0x3d, 0x22, 0xd0,
  0xa4, 0xd0, 0x98, 0xd0, 0x90, 0xd0, 0xa1, 0xd0, 0x90, 0xd0, 0xb4, 0xd1, 0x80,
  0xd0, 0xa0, 0xd0, 0xa4, 0x22, 0x20, 0x6d, 0x69, 0x6e, 0x4f, 0x63, 0x63, 0x75,
  0x72, 0x73, 0x3d, 0x22, 0x30, 0x22, 0x3e, 0x0d, 0x0a, 0x09, 0x09, 0x09, 0x09,
  0x3c, 0x78, 0x73, 0x3a, 0x61, 0x6e, 0x6e, 0x6f, 0x74, 0x61, 0x74, 0x69, 0x6f,
  0x6e, 0x3e, 0x0d, 0x0a, 0x09, 0x09, 0x09, 0x09, 0x09, 0x3c, 0x78, 0x73, 0x3a,
  0x64, 0x6f, 0x63, 0x75, 0x6d, 0x65, 0x6e, 0x74, 0x61, 0x74, 0x69, 0x6f, 0x6e,
  0x3e, 0xd0, 0xa4, 0xd0, 0x98, 0xd0, 0x90, 0xd0, 0xa1, 0x20, 0xd0, 0xb0, 0xd0,
  0xb4, 0xd1, 0x80, 0xd0, 0xb5, 0xd1, 0x81, 0x20, 0xd0, 0xb2, 0x20, 0xd0, 0xa0,
  0xd0, 0xbe, 0xd1, 0x81, 0xd1, 0x81, 0xd0, 0xb8, 0xd0, 0xb9, 0xd1, 0x81, 0xd0,
  0xba, 0xd0, 0xbe, 0xd0, 0xb9, 0x20, 0xd0, 0xa4, 0xd0, 0xb5, 0xd0, 0xb4, 0xd0,
  0xb5, 0xd1, 0x80, 0xd0, 0xb0, 0xd1, 0x86, 0xd0, 0xb8, 0xd0, 0xb8, 0x20, 0x3c,
  0x2f, 0x78, 0x73, 0x3a, 0x64, 0x6f, 0x63, 0x75, 0x6d, 0x65, 0x6e, 0x74, 0x61,
  0x74, 0x69, 0x6f, 0x6e, 0x3e, 0x0d, 0x0a, 0x09, 0x09, 0x09, 0x09, 0x3c, 0x2f,
  0x78, 0x73, 0x3a, 0x61, 0x6e, 0x6e, 0x6f, 0x74, 0x61, 0x74, 0x69, 0x6f, 0x6e,
  0x3e, 0x0d, 0x0a, 0x09, 0x09, 0x09, 0x09, 0x3c, 0x78, 0x73, 0x3a, 0x73, 0x69,
  0x6d, 0x70, 0x6c, 0x65, 0x54, 0x79, 0x70, 0x65, 0x3e, 0x0d, 0x0a, 0x09, 0x09,
  0x09, 0x09, 0x09, 0x3c, 0x78, 0x73, 0x3a, 0x72, 0x65, 0x73, 0x74, 0x72, 0x69,
  0x63, 0x74, 0x69, 0x6f, 0x6e, 0x20, 0x62, 0x61, 0x73, 0x65, 0x3d, 0x22, 0x78,
  0x73, 0x3a, 0x73, 0x74, 0x72, 0x69, 0x6e, 0x67, 0x22, 0x3e, 0x0d, 0x0a, 0x09,
  0x09, 0x09, 0x09, 0x09, 0x09, 0x3c, 0x78, 0x73, 0x3a, 0x6d, 0x69, 0x6e, 0x4c,
  0x65, 0x6e, 0x67, 0x74, 0x68, 0x20, 0x76, 0x61, 0x6c, 0x75, 0x65, 0x3d, 0x22,
  0x31, 0x22, 0x2f, 0x3e, 0x0d, 0x0a, 0x09, 0x09, 0x09, 0x09, 0x09, 0x09, 0x3c,
  0x78, 0x73, 0x3a, 0x6d, 0x61, 0x78, 0x4c, 0x65, 0x6e, 0x67, 0x74, 0x68, 0x20,
  0x76, 0x61, 0x6c, 0x75, 0x65, 0x3d, 0x22, 0x31, 0x30, 0x30, 0x30, 0x22, 0x2f,
  0x3e, 0x0d, 0x0a, 0x09, 0x09, 0x09, 0x09, 0x09, 0x3c, 0x2f, 0x78, 0x73, 0x3a,
  0x72, 0x65, 0x73, 0x74, 0x72, 0x69, 0x63, 0x74, 0x69, 0x6f, 0x6e, 0x3e, 0x0d,
  0x0a, 0x09, 0x09, 0x09, 0x09, 0x3c, 0x2f, 0x78, 0x73, 0x3a, 0x73, 0x69, 0x6d,
  0x70, 0x6c, 0x65, 0x54, 0x79, 0x70, 0x65, 0x3e, 0x0d, 0x0a, 0x09, 0x09, 0x09,
  0x3c, 0x2f, 0x78, 0x73, 0x3a, 0x65, 0x6c, 0x65, 0x6d, 0x65, 0x6e, 0x74, 0x3e,
  0x0d, 0x0a, 0x09, 0x09, 0x3c, 0x2f, 0x78, 0x73, 0x3a, 0x63, 0x68, 0x6f, 0x69,
  0x63, 0x65, 0x3e, 0x0d, 0x0a, 0x09, 0x09, 0x3c, 0x78, 0x73, 0x3a, 0x61, 0x74,
  0x74, 0x72, 0x69, 0x62, 0x75, 0x74, 0x65, 0x20, 0x6e, 0x61, 0x6d, 0x65, 0x3d,
  0x22, 0xd0, 0xa0, 0xd0, 0xb5, 0xd0, 0xb3, 0xd0, 0xb8, 0xd0, 0xbe, 0xd0, 0xbd,
  0x22, 0x20, 0x74, 0x79, 0x70, 0x65, 0x3d, 0x22, 0x43, 0x43, 0xd0, 0xa0, 0xd0,
  0xa4, 0xd0, 0xa2, 0xd0, 0xb8, 0xd0, 0xbf, 0x22, 0x20, 0x75, 0x73, 0x65, 0x3d,
  0x22, 0x72, 0x65, 0x71, 0x75, 0x69, 0x72, 0x65, 0x64, 0x22, 0x3e, 0x0d, 0x0a,
  0x09, 0x09, 0x09, 0x3c, 0x78, 0x73, 0x3a, 0x61, 0x6e, 0x6e, 0x6f, 0x74, 0x61,
  0x74, 0x69, 0x6f, 0x6e, 0x3e, 0x0d, 0x0a, 0x09, 0x09, 0x09, 0x09, 0x3c, 0x78,
  0x73, 0x3a, 0x64, 0x6f, 0x63, 0x75, 0x6d, 0x65, 0x6e, 0x74, 0x61, 0x74, 0x69,
  0x6f, 0x6e, 0x3e, 0xd0, 0xa1, 0xd1, 0x83, 0xd0, 0xb1, 0xd1, 0x8a, 0xd0, 0xb5,
  0xd0, 0xba, 0xd1, 0x82, 0x20, 0xd0, 0xa0, 0xd0, 0xbe, 0xd1, 0x81, 0xd1, 0x81,
  0xd0, 0xb8, 0xd0, 0xb9, 0xd1, 0x81, 0xd0, 0xba, 0xd0, 0xbe, 0xd0, 0xb9, 0x20,
  0xd0, 0xa4, 0xd0, 0xb5, 0xd0, 0xb4, 0xd0, 0xb5, 0xd1, 0x80, 0xd0, 0xb0, 0xd1,
  0x86, 0xd0, 0xb8, 0xd0, 0xb8, 0x3c, 0x2f, 0x78, 0x73, 0x3a, 0x64, 0x6f, 0x63,
  0x75, 0x6d, 0x65, 0x6e, 0x74, 0x61, 0x74, 0x69, 0x6f, 0x6e, 0x3e, 0x0d, 0x0a,
  0x09, 0x09, 0x09, 0x3c, 0x2f, 0x78, 0x73, 0x3a, 0x61, 0x6e, 0x6e, 0x6f, 0x74,
  0x61, 0x74, 0x69, 0x6f, 0x6e, 0x3e, 0x0d, 0x0a, 0x09, 0x09, 0x3c, 0x2f, 0x78,
  0x73, 0x3a, 0x61, 0x74, 0x74, 0x72, 0x69, 0x62, 0x75, 0x74, 0x65, 0x3e, 0x0d,
  0x0a, 0x09, 0x09, 0x3c, 0x78, 0x73, 0x3a, 0x61, 0x74, 0x74, 0x72, 0x69, 0x62,
  0x75, 0x74, 0x65, 0x20, 0x6e, 0x61, 0x6d, 0x65, 0x3d, 0x22, 0xd0, 0x98, 0xd0,
  0xb4, 0xd0, 0xa4, 0xd0, 0x98, 0xd0, 0x90, 0xd0, 0xa1, 0x22, 0x20, 0x75, 0x73,
  0x65, 0x3d, 0x22, 0x6f, 0x70, 0x74, 0x69, 0x6f, 0x6e, 0x61, 0x6c, 0x22, 0x3e,
  0x0d, 0x0a, 0x09, 0x09, 0x09, 0x3c, 0x78, 0x73, 0x3a, 0x61, 0x6e, 0x6e, 0x6f,
  0x74, 0x61, 0x74, 0x69, 0x6f, 0x6e, 0x3e, 0x0d, 0x0a, 0x09, 0x09, 0x09, 0x09,
  0x3c, 0x78, 0x73, 0x3a, 0x64, 0x6f, 0x63, 0x75, 0x6d, 0x65, 0x6e, 0x74, 0x61,
  0x74, 0x69, 0x6f, 0x6e, 0x3e, 0xd0, 0x98, 0xd0, 0xb4, 0xd0, 0xb5, 0xd0, 0xbd,
  0xd1, 0x82, 0xd0, 0xb8, 0xd1, 0x84, 0xd0, 0xb8, 0xd0, 0xba, 0xd0, 0xb0, 0xd1,
  0x82, 0xd0, 0xbe, 0xd1, 0x80, 0x20, 0xd0, 0xb0, 0xd0, 0xb4, 0xd1, 0x80, 0xd0,
  0xb5, 0xd1, 0x81, 0xd0, 0xb0, 0x20, 0xd0, 0xbf, 0xd0, 0xbe, 0x20, 0xd0, 0xa4,
  0xd0, 0x98, 0xd0, 0x90, 0xd0, 0xa1, 0x3c, 0x2f, 0x78, 0x73, 0x3a, 0x64, 0x6f,
  0x63, 0x75, 0x6d, 0x65, 0x6e, 0x74, 0x61, 0x74, 0x69, 0x6f, 0x6e, 0x3e, 0x0d,
  0x0a, 0x09, 0x09, 0x09, 0x3c, 0x2f, 0x78, 0x73, 0x3a, 0x61, 0x6e, 0x6e, 0x6f,
  0x74, 0x61, 0x74, 0x69, 0x6f, 0x6e, 0x3e, 0x0d, 0x0a, 0x09, 0x09, 0x09, 0x3c,
  0x78, 0x73, 0x3a, 0x73, 0x69, 0x6d, 0x70, 0x6c, 0x65, 0x54, 0x79, 0x70, 0x65,
  0x3e, 0x0d, 0x0a, 0x09, 0x09, 0x09, 0x09, 0x3c, 0x78, 0x73, 0x3a, 0x72, 0x65,
  0x73, 0x74, 0x72, 0x69, 0x63, 0x74, 0x69, 0x6f, 0x6e, 0x20, 0x62, 0x61, 0x73,
  0x65, 0x3d, 0x22, 0x78, 0x73, 0x3a, 0x73, 0x74, 0x72, 0x69, 0x6e, 0x67, 0x22,
  0x3e, 0x0d, 0x0a, 0x09, 0x09, 0x09, 0x09, 0x09, 0x3c, 0x78, 0x73, 0x3a, 0x6c,
  0x65, 0x6e, 0x67, 0x74, 0x68, 0x20, 0x76, 0x61, 0x6c, 0x75, 0x65, 0x3d, 0x22,
  0x33, 0x36, 0x22, 0x2f, 0x3e, 0x0d, 0x0a, 0x09, 0x09, 0x09, 0x09, 0x09, 0x3c,
  0x78, 0x73, 0x3a, 0x70, 0x61, 0x74, 0x74, 0x65, 0x72, 0x6e, 0x20, 0x76, 0x61,
  0x6c, 0x75, 0x65, 0x3d, 0x22, 0x5b, 0x5c, 0x64, 0x61, 0x2d, 0x66, 0x41, 0x2d,
  0x46, 0x5d, 0x7b, 0x38, 0x7d, 0x2d, 0x5b, 0x5c, 0x64, 0x61, 0x2d, 0x66, 0x41,
  0x2d, 0x46, 0x5d, 0x7b, 0x34, 0x7d, 0x2d, 0x5b, 0x5c, 0x64, 0x61, 0x2d, 0x66,
  0x41, 0x2d, 0x46, 0x5d, 0x7b, 0x34, 0x7d, 0x2d, 0x5b, 0x5c, 0x64, 0x61, 0x2d,
  0x66, 0x41, 0x2d, 0x46, 0x5d, 0x7b, 0x34, 0x7d, 0x2d, 0x5b, 0x5c, 0x64, 0x61,
  0x2d, 0x66, 0x41, 0x2d, 0x46, 0x5d, 0x7b, 0x31, 0x32, 0x7d, 0x22, 0x2f, 0x3e,
  0x0d, 0x0a, 0x09, 0x09, 0x09, 0x09, 0x3c, 0x2f, 0x78, 0x73, 0x3a, 0x72, 0x65,
  0x73, 0x74, 0x72, 0x69, 0x63, 0x74, 0x69, 0x6f, 0x6e, 0x3e, 0x0d, 0x0a, 0x09,
  0x09, 0x09, 0x3c, 0x2f, 0x78, 0x73, 0x3a, 0x73, 0x69, 0x6d, 0x70, 0x6c, 0x65,
  0x54, 0x79, 0x70, 0x65, 0x3e, 0x0d, 0x0a, 0x09, 0x09, 0x3c, 0x2f, 0x78, 0x73,
  0x3a, 0x61, 0x74, 0x74, 0x72, 0x69, 0x62, 0x75, 0x74, 0x65, 0x3e, 0x0d, 0x0a,
  0x09, 0x3c, 0x2f, 0x78, 0x73, 0x3a, 0x63, 0x6f, 0x6d, 0x70, 0x6c, 0x65, 0x78,
  0x54, 0x79, 0x70, 0x65, 0x3e, 0x0d, 0x0a, 0x09, 0x3c, 0x78, 0x73, 0x3a, 0x63,
  0x6f, 0x6d, 0x70, 0x6c, 0x65, 0x78, 0x54, 0x79, 0x70, 0x65, 0x20, 0x6e, 0x61,
  0x6d, 0x65, 0x3d, 0x22, 0xd0, 0xa4, 0xd0, 0x98, 0xd0, 0x9e, 0xd0, 0xa2, 0xd0,
  0xb8, 0xd0, 0xbf, 0x22, 0x3e, 0x0d, 0x0a, 0x09, 0x09, 0x3c, 0x78, 0x73, 0x3a,
  0x61, 0x6e, 0x6e, 0x6f, 0x74, 0x61, 0x74, 0x69, 0x6f, 0x6e, 0x3e, 0x0d, 0x0a,
  0x09, 0x09, 0x09, 0x3c, 0x78, 0x73, 0x3a, 0x64, 0x6f, 0x63, 0x75, 0x6d, 0x65,
  0x6e, 0x74, 0x61, 0x74, 0x69, 0x6f, 0x6e, 0x3e, 0xd0, 0xa4, 0xd0, 0x98, 0xd0,
  0x9e, 0x20, 0xd0, 0xb4, 0xd0, 0xbe, 0xd0, 0xb2, 0xd0, 0xb5, 0xd1, 0x80, 0xd0,
  0xb8, 0xd1, 0x82, 0xd0, 0xb5, 0xd0, 0xbb, 0xd1, 0x8f, 0x20, 0x28, 0xd0, 0xb8,
  0xd0, 0xbb, 0xd0, 0xb8, 0x20, 0xd0, 0xbf, 0xd1, 0x80, 0xd0, 0xb5, 0xd0, 0xb4,
  0xd1, 0x81, 0xd1, 0x82, 0xd0, 0xb0, 0xd0, 0xb2, 0xd0, 0xb8, 0xd1, 0x82, 0xd0,
  0xb5, 0xd0, 0xbb, 0xd1, 0x8f, 0x29, 0x3c, 0x2f, 0x78, 0x73, 0x3a, 0x64, 0x6f,
  0x63, 0x75, 0x6d, 0x65, 0x6e, 0x74, 0x61, 0x74, 0x69, 0x6f, 0x6e, 0x3e, 0x0d,
  0x0a, 0x09, 0x09, 0x3c, 0x2f, 0x78, 0x73, 0x3a, 0x61, 0x6e, 0x6e, 0x6f, 0x74,
  0x61, 0x74, 0x69, 0x6f, 0x6e, 0x3e, 0x0d, 0x0a, 0x09, 0x09, 0x3c, 0x78, 0x73,
  0x3a, 0x61, 0x74, 0x74, 0x72, 0x69, 0x62, 0x75, 0x74, 0x65, 0x20, 0x6e, 0x61,
  0x6d, 0x65, 0x3d, 0x22, 0xd0, 0xa4, 0xd0, 0xb0, 0xd0, 0xbc, 0xd0, 0xb8, 0xd0,
  0xbb, 0xd0, 0xb8, 0xd1, 0x8f, 0x22, 0x20, 0x75, 0x73, 0x65, 0x3d, 0x22, 0x72,
  0x65, 0x71, 0x75, 0x69, 0x72, 0x65, 0x64, 0x22, 0x3e, 0x0d, 0x0a, 0x09, 0x09,
  0x09, 0x3c, 0x78, 0x73, 0x3a, 0x61, 0x6e, 0x6e, 0x6f, 0x74, 0x61, 0x74, 0x69,
  0x6f, 0x6e, 0x3e, 0x0d, 0x0a, 0x09, 0x09, 0x09, 0x09, 0x3c, 0x78, 0x73, 0x3a,
  0x64, 0x6f, 0x63, 0x75, 0x6d, 0x65, 0x6e, 0x74, 0x61, 0x74, 0x69, 0x6f, 0x6e,
  0x3e, 0xd0, 0xa4, 0xd0, 0xb0, 0xd0, 0xbc, 0xd0, 0xb8, 0xd0, 0xbb, 0xd0, 0xb8,
  0xd1, 0x8f, 0x3c, 0x2f, 0x78, 0x73, 0x3a, 0x64, 0x6f, 0x63, 0x75, 0x6d, 0x65,
  0x6e, 0x74, 0x61, 0x74, 0x69, 0x6f, 0x6e, 0x3e, 0x0d, 0x0a, 0x09, 0x09, 0x09,
  0x3c, 0x2f, 0x78, 0x73, 0x3a, 0x61, 0x6e, 0x6e, 0x6f, 0x74, 0x61, 0x74, 0x69,
  0x6f, 0x6e, 0x3e, 0x0d, 0x0a, 0x09, 0x09, 0x09, 0x3c, 0x78, 0x73, 0x3a, 0x73,
  0x69, 0x6d, 0x70, 0x6c, 0x65, 0x54, 0x79, 0x70, 0x65, 0x3e, 0x0d, 0x0a, 0x09,
  0x09, 0x09, 0x09, 0x3c, 0x78, 0x73, 0x3a, 0x72, 0x65, 0x73, 0x74, 0x72, 0x69,
  0x63, 0x74, 0x69, 0x6f, 0x6e, 0x20, 0x62, 0x61, 0x73, 0x65, 0x3d, 0x22, 0x78,
  0x73, 0x3a, 0x73, 0x74, 0x72, 0x69, 0x6e, 0x67, 0x22, 0x3e, 0x0d, 0x0a, 0x09,
  0x09, 0x09, 0x09, 0x09, 0x3c, 0x78, 0x73, 0x3a, 0x6d, 0x69, 0x6e, 0x4c, 0x65,
  0x6e, 0x67, 0x74, 0x68, 0x20, 0x76, 0x61, 0x6c, 0x75, 0x65, 0x3d, 0x22, 0x31,
  0x22, 0x2f, 0x3e, 0x0d, 0x0a, 0x09, 0x09, 0x09, 0x09, 0x09, 0x3c, 0x78, 0x73,
  0x3a, 0x6d, 0x61, 0x78, 0x4c, 0x65, 0x6e, 0x67, 0x74, 0x68, 0x20, 0x76, 0x61,
  0x6c, 0x75, 0x65, 0x3d, 0x22, 0x32, 0x30, 0x30, 0x22, 0x2f, 0x3e, 0x0d, 0x0a,
  0x09, 0x09, 0x09, 0x09, 0x3c, 0x2f, 0x78, 0x73, 0x3a, 0x72, 0x65, 0x73, 0x74,
  0x72, 0x69, 0x63, 0x74, 0x69, 0x6f, 0x6e, 0x3e, 0x0d, 0x0a, 0x09, 0x09, 0x09,
  0x3c, 0x2f, 0x78, 0x73, 0x3a, 0x73, 0x69, 0x6d, 0x70, 0x6c, 0x65, 0x54, 0x79,
  0x70, 0x65, 0x3e, 0x0d, 0x0a, 0x09, 0x09, 0x3c, 0x2f, 0x78, 0x73, 0x3a, 0x61,
  0x74, 0x74, 0x72, 0x69, 0x62, 0x75, 0x74, 0x65, 0x3e, 0x0d, 0x0a, 0x09, 0x09,
  0x3c, 0x78, 0x73, 0x3a, 0x61, 0x74, 0x74, 0x72, 0x69, 0x62, 0x75, 0x74, 0x65,
  0x20, 0x6e, 0x61, 0x6d, 0x65, 0x3d, 0x22, 0xd0, 0x98, 0xd0, 0xbc, 0xd1, 0x8f,
  0x22, 0x20, 0x75, 0x73, 0x65, 0x3d, 0x22, 0x72, 0x65, 0x71, 0x75, 0x69, 0x72,
  0x65, 0x64, 0x22, 0x3e, 0x0d, 0x0a, 0x09, 0x09, 0x09, 0x3c, 0x78, 0x73, 0x3a,
  0x61, 0x6e, 0x6e, 0x6f, 0x74, 0x61, 0x74, 0x69, 0x6f, 0x6e, 0x3e, 0x0d, 0x0a,
  0x09, 0x09, 0x09, 0x09, 0x3c, 0x78, 0x73, 0x3a, 0x64, 0x6f, 0x63, 0x75, 0x6d,
  0x65, 0x6e, 0x74, 0x61, 0x74, 0x69, 0x6f, 0x6e, 0x3e, 0xd0, 0x98, 0xd0, 0xbc,
  0xd1, 0x8f, 0x3c, 0x2f, 0x78, 0x73, 0x3a, 0x64, 0x6f, 0x63, 0x75, 0x6d, 0x65,
  0x6e, 0x74, 0x61, 0x74, 0x69, 0x6f, 0x6e, 0x3e, 0x0d, 0x0a, 0x09, 0x09, 0x09,
  0x3c, 0x2f, 0x78, 0x73, 0x3a, 0x61, 0x6e, 0x6e, 0x6f, 0x74, 0x61, 0x74, 0x69,
  0x6f, 0x6e, 0x3e, 0x0d, 0x0a, 0x09, 0x09, 0x09, 0x3c, 0x78, 0x73, 0x3a, 0x73,
  0x69, 0x6d, 0x70, 0x6c, 0x65, 0x54, 0x79, 0x70, 0x65, 0x3e, 0x0d, 0x0a, 0x09,
  0x09, 0x09, 0x09, 0x3c, 0x78, 0x73, 0x3a, 0x72, 0x65, 0x73, 0x74, 0x72, 0x69,
  0x63, 0x74, 0x69, 0x6f, 0x6e, 0x20, 0x62, 0x61, 0x73, 0x65, 0x3d, 0x22, 0x78,
  0x73, 0x3a, 0x73, 0x74, 0x72, 0x69, 0x6e, 0x67, 0x22, 0x3e, 0x0d, 0x0a, 0x09,
  0x09, 0x09, 0x09, 0x09, 0x3c, 0x78, 0x73, 0x3a, 0x6d, 0x69, 0x6e, 0x4c, 0x65,
  0x6e, 0x67, 0x74, 0x68, 0x20, 0x76, 0x61, 0x6c, 0x75, 0x65, 0x3d, 0x22, 0x31,
  0x22, 0x2f, 0x3e, 0x0d, 0x0a, 0x09, 0x09, 0x09, 0x09, 0x09, 0x3c, 0x78, 0x73,
  0x3a, 0x6d, 0x61, 0x78, 0x4c, 0x65, 0x6e, 0x67, 0x74, 0x68, 0x20, 0x76, 0x61,
  0x6c, 0x75, 0x65, 0x3d, 0x22, 0x32, 0x30, 0x30, 0x22, 0x2f, 0x3e, 0x0d, 0x0a,
  0x09, 0x09, 0x09, 0x09, 0x3c, 0x2f, 0x78, 0x73, 0x3a, 0x72, 0x65, 0x73, 0x74,
  0x72, 0x69, 0x63, 0x74, 0x69, 0x6f, 0x6e, 0x3e, 0x0d, 0x0a, 0x09, 0x09, 0x09,
  0x3c, 0x2f, 0x78, 0x73, 0x3a, 0x73, 0x69, 0x6d, 0x70, 0x6c, 0x65, 0x54, 0x79,
  0x70, 0x65, 0x3e, 0x0d, 0x0a, 0x09, 0x09, 0x3c, 0x2f, 0x78, 0x73, 0x3a, 0x61,
  0x74, 0x74, 0x72, 0x69, 0x62, 0x75, 0x74, 0x65, 0x3e, 0x0d, 0x0a, 0x09, 0x09,
  0x3c, 0x78, 0x73, 0x3a, 0x61, 0x74, 0x74, 0x72, 0x69, 0x62, 0x75, 0x74, 0x65,
  0x20, 0x6e, 0x61, 0x6d, 0x65, 0x3d, 0x22, 0xd0, 0x9e, 0xd1, 0x82, 0xd1, 0x87,
  0xd0, 0xb5, 0xd1, 0x81, 0xd1, 0x82, 0xd0, 0xb2, 0xd0, 0xbe, 0x22, 0x20, 0x75,
  0x73, 0x65, 0x3d, 0x22, 0x6f, 0x70, 0x74, 0x69, 0x6f, 0x6e, 0x61, 0x6c, 0x22,
  0x3e, 0x0d, 0x0a, 0x09, 0x09, 0x09, 0x3c, 0x78, 0x73, 0x3a, 0x61, 0x6e, 0x6e,
  0x6f, 0x74, 0x61, 0x74, 0x69, 0x6f, 0x6e, 0x3e, 0x0d, 0x0a, 0x09, 0x09, 0x09,
  0x09, 0x3c, 0x78, 0x73, 0x3a, 0x64, 0x6f, 0x63, 0x75, 0x6d, 0x65, 0x6e, 0x74,
  0x61, 0x74, 0x69, 0x6f, 0x6e, 0x3e, 0xd0, 0x9e, 0xd1, 0x82, 0xd1, 0x87, 0xd0,
  0xb5, 0xd1, 0x81, 0xd1, 0x82, 0xd0, 0xb2, 0xd0, 0xbe, 0x20, 0x28, 0xd0, 0xbf,
  0xd1, 0x80, 0xd0, 0xb8, 0x20, 0xd0, 0xbd, 0xd0, 0xb0, 0xd0, 0xbb, 0xd0, 0xb8,
  0xd1, 0x87, 0xd0, 0xb8, 0xd0, 0xb8, 0x29, 0x3c, 0x2f, 0x78, 0x73, 0x3a, 0x64,
  0x6f, 0x63, 0x75, 0x6d, 0x65, 0x6e, 0x74, 0x61, 0x74, 0x69, 0x6f, 0x6e, 0x3e,
  0x0d, 0x0a, 0x09, 0x09, 0x09, 0x3c, 0x2f, 0x78, 0x73, 0x3a, 0x61, 0x6e, 0x6e,
  0x6f, 0x74, 0x61, 0x74, 0x69, 0x6f, 0x6e, 0x3e, 0x0d, 0x0a, 0x09, 0x09, 0x09,
  0x3c, 0x78, 0x73, 0x3a, 0x73, 0x69, 0x6d, 0x70, 0x6c, 0x65, 0x54, 0x79, 0x70,
  0x65, 0x3e, 0x0d, 0x0a, 0x09, 0x09, 0x09, 0x09, 0x3c, 0x78, 0x73, 0x3a, 0x72,
  0x65, 0x73, 0x74, 0x72, 0x69, 0x63, 0x74, 0x69, 0x6f, 0x6e, 0x20, 0x62, 0x61,
  0x73, 0x65, 0x3d, 0x22, 0x78, 0x73, 0x3a, 0x73, 0x74, 0x72, 0x69, 0x6e, 0x67,
  0x22, 0x3e, 0x0d, 0x0a, 0x09, 0x09, 0x09, 0x09, 0x09, 0x3c, 0x78, 0x73, 0x3a,
  0x6d, 0x69, 0x6e, 0x4c, 0x65, 0x6e, 0x67, 0x74, 0x68, 0x20, 0x76, 0x61, 0x6c,
  0x75, 0x65, 0x3d, 0x22, 0x31, 0x22, 0x2f, 0x3e, 0x0d, 0x0a, 0x09, 0x09, 0x09,
  0x09, 0x09, 0x3c, 0x78, 0x73, 0x3a, 0x6d, 0x61, 0x78, 0x4c, 0x65, 0x6e, 0x67,
  0x74, 0x68, 0x20, 0x76, 0x61, 0x6c, 0x75, 0x65, 0x3d, 0x22, 0x32, 0x30, 0x30,
  0x22, 0x2f, 0x3e, 0x0d, 0x0a, 0x09, 0x09, 0x09, 0x09, 0x3c, 0x2f, 0x78, 0x73,
  0x3a, 0x72, 0x65, 0x73, 0x74, 0x72, 0x69, 0x63, 0x74, 0x69, 0x6f, 0x6e, 0x3e,
  0x0d, 0x0a, 0x09, 0x09, 0x09, 0x3c, 0x2f, 0x78, 0x73, 0x3a, 0x73, 0x69, 0x6d,
  0x70, 0x6c, 0x65, 0x54, 0x79, 0x70, 0x65, 0x3e, 0x0d, 0x0a, 0x09, 0x09, 0x3c,
  0x2f, 0x78, 0x73, 0x3a, 0x61, 0x74, 0x74, 0x72, 0x69, 0x62, 0x75, 0x74, 0x65,
  0x3e, 0x0d, 0x0a, 0x09, 0x3c, 0x2f, 0x78, 0x73, 0x3a, 0x63, 0x6f, 0x6d, 0x70,
  0x6c, 0x65, 0x78, 0x54, 0x79, 0x70, 0x65, 0x3e, 0x0d, 0x0a, 0x09, 0x3c, 0x78,
  0x73, 0x3a, 0x73, 0x69, 0x6d, 0x70, 0x6c, 0x65, 0x54, 0x79, 0x70, 0x65, 0x20,
  0x6e, 0x61, 0x6d, 0x65, 0x3d, 0x22, 0xd0, 0x98, 0xd0, 0x9d, 0xd0, 0x9d, 0xd0,
  0xa4, 0xd0, 0x9b, 0xd0, 0xa2, 0xd0, 0xb8, 0xd0, 0xbf, 0x22, 0x3e, 0x0d, 0x0a,
  0x09, 0x09, 0x3c, 0x78, 0x73, 0x3a, 0x61, 0x6e, 0x6e, 0x6f, 0x74, 0x61, 0x74,
  0x69, 0x6f, 0x6e, 0x3e, 0x0d, 0x0a, 0x09, 0x09, 0x09, 0x3c, 0x78, 0x73, 0x3a,
  0x64, 0x6f, 0x63, 0x75, 0x6d, 0x65, 0x6e, 0x74, 0x61, 0x74, 0x69, 0x6f, 0x6e,
  0x3e, 0xd0, 0x98, 0xd0, 0xb4, 0xd0, 0xb5, 0xd0, 0xbd, 0xd1, 0x82, 0xd0, 0xb8,
  0xd1, 0x84, 0xd0, 0xb8, 0xd0, 0xba, 0xd0, 0xb0, 0xd1, 0x86, 0xd0, 0xb8, 0xd0,
  0xbe, 0xd0, 0xbd, 0xd0, 0xbd, 0xd1, 0x8b, 0xd0, 0xb9, 0x20, 0xd0, 0xbd, 0xd0,
  0xbe, 0xd0, 0xbc, 0xd0, 0xb5, 0xd1, 0x80, 0x20, 0xd0, 0xbd, 0xd0, 0xb0, 0xd0,
  0xbb, 0xd0, 0xbe, 0xd0, 0xb3, 0xd0, 0xbe, 0xd0, 0xbf, 0xd0, 0xbb, 0xd0, 0xb0,
  0xd1, 0x82, 0xd0, 0xb5, 0xd0, 0xbb, 0xd1, 0x8c, 0xd1, 0x89, 0xd0, 0xb8, 0xd0,
  0xba, 0xd0, 0xb0, 0x20, 0x2d, 0x20, 0xd1, 0x84, 0xd0, 0xb8, 0xd0, 0xb7, 0xd0,
  0xb8, 0xd1, 0x87, 0xd0, 0xb5, 0xd1, 0x81, 0xd0, 0xba, 0xd0, 0xbe, 0xd0, 0xb3,
  0xd0, 0xbe, 0x20, 0xd0, 0xbb, 0xd0, 0xb8, 0xd1, 0x86, 0xd0, 0xb0, 0x3c, 0x2f,
  0x78, 0x73, 0x3a, 0x64, 0x6f, 0x63, 0x75, 0x6d, 0x65, 0x6e, 0x74, 0x61, 0x74,
  0x69, 0x6f, 0x6e, 0x3e, 0x0d, 0x0a, 0x09, 0x09, 0x3c, 0x2f, 0x78, 0x73, 0x3a,
  0x61, 0x6e, 0x6e, 0x6f, 0x74, 0x61, 0x74, 0x69, 0x6f, 0x6e, 0x3e, 0x0d, 0x0a,
  0x09, 0x09, 0x3c, 0x78, 0x73, 0x3a, 0x72, 0x65, 0x73, 0x74, 0x72, 0x69, 0x63,
  0x74, 0x69, 0x6f, 0x6e, 0x20, 0x62, 0x61, 0x73, 0x65, 0x3d, 0x22, 0x78, 0x73,
  0x3a, 0x73, 0x74, 0x72, 0x69, 0x6e, 0x67, 0x22, 0x3e, 0x0d, 0x0a, 0x09, 0x09,
  0x09, 0x3c, 0x78, 0x73, 0x3a, 0x6c, 0x65, 0x6e, 0x67, 0x74, 0x68, 0x20, 0x76,
  0x61, 0x6c, 0x75, 0x65, 0x3d, 0x22, 0x31, 0x32, 0x22, 0x2f, 0x3e, 0x0d, 0x0a,
  0x09, 0x09, 0x09, 0x3c, 0x78, 0x73, 0x3a, 0x70, 0x61, 0x74, 0x74, 0x65, 0x72,
  0x6e, 0x20, 0x76, 0x61, 0x6c, 0x75, 0x65, 0x3d, 0x22, 0x28, 0x5b, 0x30, 0x2d,
  0x39, 0x5d, 0x7b, 0x31, 0x7d, 0x5b, 0x31, 0x2d, 0x39, 0x5d, 0x7b, 0x31, 0x7d,
  0x7c, 0x5b, 0x31, 0x2d, 0x39, 0x5d, 0x7b, 0x31, 0x7d, 0x5b, 0x30, 0x2d, 0x39,
  0x5d, 0x7b, 0x31, 0x7d, 0x29, 0x5b, 0x30, 0x2d, 0x39, 0x5d, 0x7b, 0x31, 0x30,
  0x7d, 0x22, 0x2f, 0x3e, 0x0d, 0x0a, 0x09, 0x09, 0x3c, 0x2f, 0x78, 0x73, 0x3a,
  0x72, 0x65, 0x73, 0x74, 0x72, 0x69, 0x63, 0x74, 0x69, 0x6f, 0x6e, 0x3e, 0x0d,
  0x0a, 0x09, 0x3c, 0x2f, 0x78, 0x73, 0x3a, 0x73, 0x69, 0x6d, 0x70, 0x6c, 0x65,
  0x54, 0x79, 0x70, 0x65, 0x3e, 0x0d, 0x0a, 0x09, 0x3c, 0x78, 0x73, 0x3a, 0x73,
  0x69, 0x6d, 0x70, 0x6c, 0x65, 0x54, 0x79, 0x70, 0x65, 0x20, 0x6e, 0x61, 0x6d,
  0x65, 0x3d, 0x22, 0xd0, 0x98, 0xd0, 0x9d, 0xd0, 0x9d, 0xd0, 0xae, 0xd0, 0x9b,
  0xd0, 0xa2, 0xd0, 0xb8, 0xd0, 0xbf, 0x22, 0x3e, 0x0d, 0x0a, 0x09, 0x09, 0x3c,
  0x78, 0x73, 0x3a, 0x61, 0x6e, 0x6e, 0x6f, 0x74, 0x61, 0x74, 0x69, 0x6f, 0x6e,
  0x3e, 0x0d, 0x0a, 0x09, 0x09, 0x09, 0x3c, 0x78, 0x73, 0x3a, 0x64, 0x6f, 0x63,
  0x75, 0x6d, 0x65, 0x6e, 0x74, 0x61, 0x74, 0x69, 0x6f, 0x6e, 0x3e, 0xd0, 0x98,
  0xd0, 0xb4, 0xd0, 0xb5, 0xd0, 0xbd, 0xd1, 0x82, 0xd0, 0xb8, 0xd1, 0x84, 0xd0,
  0xb8, 0xd0, 0xba, 0xd0, 0xb0, 0xd1, 0x86, 0xd0, 0xb8, 0xd0, 0xbe, 0xd0, 0xbd,
  0xd0, 0xbd, 0xd1, 0x8b, 0xd0, 0xb9, 0x20, 0xd0, 0xbd, 0xd0, 0xbe, 0xd0, 0xbc,
  0xd0, 0xb5, 0xd1, 0x80, 0x20, 0xd0, 0xbd, 0xd0, 0xb0, 0xd0, 0xbb, 0xd0, 0xbe,
  0xd0, 0xb3, 0xd0, 0xbe, 0xd0, 0xbf, 0xd0, 0xbb, 0xd0, 0xb0, 0xd1, 0x82, 0xd0,
  0xb5, 0xd0, 0xbb, 0xd1, 0x8c, 0xd1, 0x89, 0xd0, 0xb8, 0xd0, 0xba, 0xd0, 0xb0,
  0x20, 0x2d, 0x20, 0xd0, 0xbe, 0xd1, 0x80, 0xd0, 0xb3, 0xd0, 0xb0, 0xd0, 0xbd,
  0xd0, 0xb8, 0xd0, 0xb7, 0xd0, 0xb0, 0xd1, 0x86, 0xd0, 0xb8, 0xd0, 0xb8, 0x3c,
  0x2f, 0x78, 0x73, 0x3a, 0x64, 0x6f, 0x63, 0x75, 0x6d, 0x65, 0x6e, 0x74, 0x61,
  0x74, 0x69, 0x6f, 0x6e, 0x3e, 0x0d, 0x0a, 0x09, 0x09, 0x3c, 0x2f, 0x78, 0x73,
  0x3a, 0x61, 0x6e, 0x6e, 0x6f, 0x74, 0x61, 0x74, 0x69, 0x6f, 0x6e, 0x3e, 0x0d,
  0x0a, 0x09, 0x09, 0x3c, 0x78, 0x73, 0x3a, 0x72, 0x65, 0x73, 0x74, 0x72, 0x69,
  0x63, 0x74, 0x69, 0x6f, 0x6e, 0x20, 0x62, 0x61, 0x73, 0x65, 0x3d, 0x22, 0x78,
  0x73, 0x3a, 0x73, 0x74, 0x72, 0x69, 0x6e, 0x67, 0x22, 0x3e, 0x0d, 0x0a, 0x09,
  0x09, 0x09, 0x3c, 0x78, 0x73, 0x3a, 0x6c, 0x65, 0x6e, 0x67, 0x74, 0x68, 0x20,
  0x76, 0x61, 0x6c, 0x75, 0x65, 0x3d, 0x22, 0x31, 0x30, 0x22, 0x2f, 0x3e, 0x0d,
  0x0a, 0x09, 0x09, 0x09, 0x3c, 0x78, 0x73, 0x3a, 0x70, 0x61, 0x74, 0x74, 0x65,
  0x72, 0x6e, 0x20, 0x76, 0x61, 0x6c, 0x75, 0x65, 0x3d, 0x22, 0x28, 0x5b, 0x30,
  0x2d, 0x39, 0x5d, 0x7b, 0x31, 0x7d, 0x5b, 0x31, 0x2d, 0x39, 0x5d, 0x7b, 0x31,
  0x7d, 0x7c, 0x5b, 0x31, 0x2d, 0x39, 0x5d, 0x7b, 0x31, 0x7d, 0x5b, 0x30, 0x2d,
  0x39, 0x5d, 0x7b, 0x31, 0x7d, 0x29, 0x5b, 0x30, 0x2d, 0x39, 0x5d, 0x7b, 0x38,
  0x7d, 0x22, 0x2f, 0x3e, 0x0d, 0x0a, 0x09, 0x09, 0x3c, 0x2f, 0x78, 0x73, 0x3a,
  0x72, 0x65, 0x73, 0x74, 0x72, 0x69, 0x63, 0x74, 0x69, 0x6f, 0x6e, 0x3e, 0x0d,
  0x0a, 0x09, 0x3c, 0x2f, 0x78, 0x73, 0x3a, 0x73, 0x69, 0x6d, 0x70, 0x6c, 0x65,
  0x54, 0x79, 0x70, 0x65, 0x3e, 0x0d, 0x0a, 0x09, 0x3c, 0x78, 0x73, 0x3a, 0x73,
  0x69, 0x6d, 0x70, 0x6c, 0x65, 0x54, 0x79, 0x70, 0x65, 0x20, 0x6e, 0x61, 0x6d,
  0x65, 0x3d, 0x22, 0xd0, 0x9a, 0xd0, 0x9f, 0xd0, 0x9f, 0xd0, 0xa2, 0xd0, 0xb8,
  0xd0, 0xbf, 0x22, 0x3e, 0x0d, 0x0a, 0x09, 0x09, 0x3c, 0x78, 0x73, 0x3a, 0x61,
  0x6e, 0x6e, 0x6f, 0x74, 0x61, 0x74, 0x69, 0x6f, 0x6e, 0x3e, 0x0d, 0x0a, 0x09,
  0x09, 0x09, 0x3c, 0x78, 0x73, 0x3a, 0x64, 0x6f, 0x63, 0x75, 0x6d, 0x65, 0x6e,
  0x74, 0x61, 0x74, 0x69, 0x6f, 0x6e, 0x3e, 0xd0, 0x9a, 0xd0, 0xbe, 0xd0, 0xb4,
  0x20, 0xd0, 0xbf, 0xd1, 0x80, 0xd0, 0xb8, 0xd1, 0x87, 0xd0, 0xb8, 0xd0, 0xbd,
  0xd1, 0x8b, 0x20, 0xd0, 0xbf, 0xd0, 0xbe, 0xd1, 0x81, 0xd1, 0x82, 0xd0, 0xb0,
  0xd0, 0xbd, 0xd0, 0xbe, 0xd0, 0xb2, 0xd0, 0xba, 0xd0, 0xb8, 0x20, 0xd0, 0xbd,
  0xd0, 0xb0, 0x20, 0xd1, 0x83, 0xd1, 0x87, 0xd0, 0xb5, 0xd1, 0x82, 0x20, 0x28,
  0xd0, 0x9a, 0xd0, 0x9f, 0xd0, 0x9f, 0x29, 0x20, 0x2d, 0x20, 0x35, 0x20, 0xd0,
  0xb8, 0x20, 0x36, 0x20, 0xd0, 0xb7, 0xd0, 0xbd, 0xd0, 0xb0, 0xd0, 0xba, 0xd0,
  0xb8, 0x20, 0xd0, 0xbe, 0xd1, 0x82, 0x20, 0x30, 0x2d, 0x39, 0x20, 0xd0, 0xb8,
  0x20, 0x41, 0x2d, 0x5a, 0x3c, 0x2f, 0x78, 0x73, 0x3a, 0x64, 0x6f, 0x63, 0x75,
  0x6d, 0x65, 0x6e, 0x74, 0x61, 0x74, 0x69, 0x6f, 0x6e, 0x3e, 0x0d, 0x0a, 0x09,
  0x09, 0x3c, 0x2f, 0x78, 0x73, 0x3a, 0x61, 0x6e, 0x6e, 0x6f, 0x74, 0x61, 0x74,
  0x69, 0x6f, 0x6e, 0x3e, 0x0d, 0x0a, 0x09, 0x09, 0x3c, 0x78, 0x73, 0x3a, 0x72,
  0x65, 0x73, 0x74, 0x72, 0x69, 0x63, 0x74, 0x69, 0x6f, 0x6e, 0x20, 0x62, 0x61,
  0x73, 0x65, 0x3d, 0x22, 0x78, 0x73, 0x3a, 0x73, 0x74, 0x72, 0x69, 0x6e, 0x67,
  0x22, 0x3e, 0x0d, 0x0a, 0x09, 0x09, 0x09, 0x3c, 0x78, 0x73, 0x3a, 0x6c, 0x65,
  0x6e, 0x67, 0x74, 0x68, 0x20, 0x76, 0x61, 0x6c, 0x75, 0x65, 0x3d, 0x22, 0x39,
  0x22, 0x2f, 0x3e, 0x0d, 0x0a, 0x09, 0x09, 0x09, 0x3c, 0x78, 0x73, 0x3a, 0x70,
  0x61, 0x74, 0x74, 0x65, 0x72, 0x6e, 0x20, 0x76, 0x61, 0x6c, 0x75, 0x65, 0x3d,
  0x22, 0x28, 0x5b, 0x30, 0x2d, 0x39, 0x5d, 0x7b, 0x31, 0x7d, 0x5b, 0x31, 0x2d,
  0x39, 0x5d, 0x7b, 0x31, 0x7d, 0x7c, 0x5b, 0x31, 0x2d, 0x39, 0x5d, 0x7b, 0x31,
  0x7d, 0x5b, 0x30, 0x2d, 0x39, 0x5d, 0x7b, 0x31, 0x7d, 0x29, 0x28, 0x5b, 0x30,
  0x2d, 0x39, 0x5d, 0x7b, 0x32, 0x7d, 0x29, 0x28, 0x5b, 0x30, 0x2d, 0x39, 0x41,
  0x2d, 0x5a, 0x5d, 0x7b, 0x32, 0x7d, 0x29, 0x28, 0x5b, 0x30, 0x2d, 0x39, 0x5d,
  0x7b, 0x33, 0x7d, 0x29, 0x22, 0x2f, 0x3e, 0x0d, 0x0a, 0x09, 0x09, 0x3c, 0x2f,
  0x78, 0x73, 0x3a, 0x72, 0x65, 0x73, 0x74, 0x72, 0x69, 0x63, 0x74, 0x69, 0x6f,
  0x6e, 0x3e, 0x0d, 0x0a, 0x09, 0x3c, 0x2f, 0x78, 0x73, 0x3a, 0x73, 0x69, 0x6d,
  0x70, 0x6c, 0x65, 0x54, 0x79, 0x70, 0x65, 0x3e, 0x0d, 0x0a, 0x09, 0x3c, 0x78,
  0x73, 0x3a, 0x73, 0x69, 0x6d, 0x70, 0x6c, 0x65, 0x54, 0x79, 0x70, 0x65, 0x20,
  0x6e, 0x61, 0x6d, 0x65, 0x3d, 0x22, 0xd0, 0x9a, 0xd0, 0x9d, 0xd0, 0x94, 0xd0,
  0xa2, 0xd0, 0xb8, 0xd0, 0xbf, 0x22, 0x3e, 0x0d, 0x0a, 0x09, 0x09, 0x3c, 0x78,
  0x73, 0x3a, 0x61, 0x6e, 0x6e, 0x6f, 0x74, 0x61, 0x74, 0x69, 0x6f, 0x6e, 0x3e,
  0x0d, 0x0a, 0x09, 0x09, 0x09, 0x3c, 0x78, 0x73, 0x3a, 0x64, 0x6f, 0x63, 0x75,
  0x6d, 0x65, 0x6e, 0x74, 0x61, 0x74, 0x69, 0x6f, 0x6e, 0x3e, 0xd0, 0x9a, 0xd0,
  0xbe, 0xd0, 0xb4, 0x20, 0xd0, 0xb8, 0xd0, 0xb7, 0x20, 0xd0, 0x9a, 0xd0, 0xbb,
  0xd0, 0xb0, 0xd1, 0x81, 0xd1, 0x81, 0xd0, 0xb8, 0xd1, 0x84, 0xd0, 0xb8, 0xd0,
  0xba, 0xd0, 0xb0, 0xd1, 0x82, 0xd0, 0xbe, 0xd1, 0x80, 0xd0, 0xb0, 0x20, 0xd0,
  0xbd, 0xd0, 0xb0, 0xd0, 0xbb, 0xd0, 0xbe, 0xd0, 0xb3, 0xd0, 0xbe, 0xd0, 0xb2,
  0xd0, 0xbe, 0xd0, 0xb9, 0x20, 0xd0, 0xb4, 0xd0, 0xbe, 0xd0, 0xba, 0xd1, 0x83,
  0xd0, 0xbc, 0xd0, 0xb5, 0xd0, 0xbd, 0xd1, 0x82, 0xd0, 0xb0, 0xd1, 0x86, 0xd0,
  0xb8, 0xd0, 0xb8, 0x3c, 0x2f, 0x78, 0x73, 0x3a, 0x64, 0x6f, 0x63, 0x75, 0x6d,
  0x65, 0x6e, 0x74, 0x61, 0x74, 0x69, 0x6f, 0x6e, 0x3e, 0x0d, 0x0a, 0x09, 0x09,
  0x3c, 0x2f, 0x78, 0x73, 0x3a, 0x61, 0x6e, 0x6e, 0x6f, 0x74, 0x61, 0x74, 0x69,
  0x6f, 0x6e, 0x3e, 0x0d, 0x0a, 0x09, 0x09, 0x3c, 0x78, 0x73, 0x3a, 0x72, 0x65,
  0x73, 0x74, 0x72, 0x69, 0x63, 0x74, 0x69, 0x6f, 0x6e, 0x20, 0x62, 0x61, 0x73,
  0x65, 0x3d, 0x22, 0x78, 0x73, 0x3a, 0x73, 0x74, 0x72, 0x69, 0x6e, 0x67, 0x22,
  0x3e, 0x0d, 0x0a, 0x09, 0x09, 0x09, 0x3c, 0x78, 0x73, 0x3a, 0x6c, 0x65, 0x6e,
  0x67, 0x74, 0x68, 0x20, 0x76, 0x61, 0x6c, 0x75, 0x65, 0x3d, 0x22, 0x37, 0x22,
  0x2f, 0x3e, 0x0d, 0x0a, 0x09, 0x09, 0x09, 0x3c, 0x78, 0x73, 0x3a, 0x70, 0x61,
  0x74, 0x74, 0x65, 0x72, 0x6e, 0x20, 0x76, 0x61, 0x6c, 0x75, 0x65, 0x3d, 0x22,
  0x5b, 0x30, 0x2d, 0x39, 0x5d, 0x7b, 0x37, 0x7d, 0x22, 0x2f, 0x3e, 0x0d, 0x0a,
  0x09, 0x09, 0x3c, 0x2f, 0x78, 0x73, 0x3a, 0x72, 0x65, 0x73, 0x74, 0x72, 0x69,
  0x63, 0x74, 0x69, 0x6f, 0x6e, 0x3e, 0x0d, 0x0a, 0x09, 0x3c, 0x2f, 0x78, 0x73,
  0x3a, 0x73, 0x69, 0x6d, 0x70, 0x6c, 0x65, 0x54, 0x79, 0x70, 0x65, 0x3e, 0x0d,
  0x0a, 0x09, 0x3c, 0x78, 0x73, 0x3a, 0x73, 0x69, 0x6d, 0x70, 0x6c, 0x65, 0x54,
  0x79, 0x70, 0x65, 0x20, 0x6e, 0x61, 0x6d, 0x65, 0x3d, 0x22, 0xd0, 0xa1, 0xd0,
  0x9e, 0xd0, 0x9d, 0xd0, 0x9e, 0xd0, 0xa2, 0xd0, 0xb8, 0xd0, 0xbf, 0x22, 0x3e,
  0x0d, 0x0a, 0x09, 0x09, 0x3c, 0x78, 0x73, 0x3a, 0x61, 0x6e, 0x6e, 0x6f, 0x74,
  0x61, 0x74, 0x69, 0x6f, 0x6e, 0x3e, 0x0d, 0x0a, 0x09, 0x09, 0x09, 0x3c, 0x78,
  0x73, 0x3a, 0x64, 0x6f, 0x63, 0x75, 0x6d, 0x65, 0x6e, 0x74, 0x61, 0x74, 0x69,
  0x6f, 0x6e, 0x3e, 0xd0, 0x9a, 0xd0, 0xbe, 0xd0, 0xb4, 0xd1, 0x8b, 0x20, 0xd0,
  0xb8, 0xd0, 0xb7, 0x20, 0xd0, 0x9a, 0xd0, 0xbb, 0xd0, 0xb0, 0xd1, 0x81, 0xd1,
  0x81, 0xd0, 0xb8, 0xd1, 0x84, 0xd0, 0xb8, 0xd0, 0xba, 0xd0, 0xb0, 0xd1, 0x82,
  0xd0, 0xbe, 0xd1, 0x80, 0xd0, 0xb0, 0x20, 0xd1, 0x81, 0xd0, 0xb8, 0xd1, 0x81,
  0xd1, 0x82, 0xd0, 0xb5, 0xd0, 0xbc, 0xd1, 0x8b, 0x20, 0xd0, 0xbe, 0xd0, 0xb1,
  0xd0, 0xbe, 0xd0, 0xb7, 0xd0, 0xbd, 0xd0, 0xb0, 0xd1, 0x87, 0xd0, 0xb5, 0xd0,
  0xbd, 0xd0, 0xb8, 0xd0, 0xb9, 0x20, 0xd0, 0xbd, 0xd0, 0xb0, 0xd0, 0xbb, 0xd0,
  0xbe, 0xd0, 0xb3, 0xd0, 0xbe, 0xd0, 0xb2, 0xd1, 0x8b, 0xd1, 0x85, 0x20, 0xd0,
  0xbe, 0xd1, 0x80, 0xd0, 0xb3, 0xd0, 0xb0, 0xd0, 0xbd, 0xd0, 0xbe, 0xd0, 0xb2,
  0x3c, 0x2f, 0x78, 0x73, 0x3a, 0x64, 0x6f, 0x63, 0x75, 0x6d, 0x65, 0x6e, 0x74,
  0x61, 0x74, 0x69, 0x6f, 0x6e, 0x3e, 0x0d, 0x0a, 0x09, 0x09, 0x3c, 0x2f, 0x78,
  0x73, 0x3a, 0x61, 0x6e, 0x6e, 0x6f, 0x74, 0x61, 0x74, 0x69, 0x6f, 0x6e, 0x3e,
  0x0d, 0x0a, 0x09, 0x09, 0x3c, 0x78, 0x73, 0x3a, 0x72, 0x65, 0x73, 0x74, 0x72,
  0x69, 0x63, 0x74, 0x69, 0x6f, 0x6e, 0x20, 0x62, 0x61, 0x73, 0x65, 0x3d, 0x22,
  0x78, 0x73, 0x3a, 0x73, 0x74, 0x72, 0x69, 0x6e, 0x67, 0x22, 0x3e, 0x0d, 0x0a,
  0x09, 0x09, 0x09, 0x3c, 0x78, 0x73, 0x3a, 0x6c, 0x65, 0x6e, 0x67, 0x74, 0x68,
  0x20, 0x76, 0x61, 0x6c, 0x75, 0x65, 0x3d, 0x22, 0x34, 0x22, 0x2f, 0x3e, 0x0d,
  0x0a, 0x09, 0x09, 0x09, 0x3c, 0x78, 0x73, 0x3a, 0x70, 0x61, 0x74, 0x74, 0x65,
  0x72, 0x6e, 0x20, 0x76, 0x61, 0x6c, 0x75, 0x65, 0x3d, 0x22, 0x5b, 0x30, 0x2d,
  0x39, 0x5d, 0x7b, 0x34, 0x7d, 0x22, 0x2f, 0x3e, 0x0d, 0x0a, 0x09, 0x09, 0x3c,
  0x2f, 0x78, 0x73, 0x3a, 0x72, 0x65, 0x73, 0x74, 0x72, 0x69, 0x63, 0x74, 0x69,
  0x6f, 0x6e, 0x3e, 0x0d, 0x0a, 0x09, 0x3c, 0x2f, 0x78, 0x73, 0x3a, 0x73, 0x69,
  0x6d, 0x70, 0x6c, 0x65, 0x54, 0x79, 0x70, 0x65, 0x3e, 0x0d, 0x0a, 0x09, 0x3c,
  0x78, 0x73, 0x3a, 0x73, 0x69, 0x6d, 0x70, 0x6c, 0x65, 0x54, 0x79, 0x70, 0x65,
  0x20, 0x6e, 0x61, 0x6d, 0x65, 0x3d, 0x22, 0xd0, 0x95, 0xd0, 0xa0, 0xd0, 0x9d,
  0xd0, 0xa2, 0xd0, 0xb8, 0xd0, 0xbf, 0x22, 0x3e, 0x0d, 0x0a, 0x09, 0x09, 0x3c,
  0x78, 0x73, 0x3a, 0x61, 0x6e, 0x6e, 0x6f, 0x74, 0x61, 0x74, 0x69, 0x6f, 0x6e,
  0x3e, 0x0d, 0x0a, 0x09, 0x09, 0x09, 0x3c, 0x78, 0x73, 0x3a, 0x64, 0x6f, 0x63,
  0x75, 0x6d, 0x65, 0x6e, 0x74, 0x61, 0x74, 0x69, 0x6f, 0x6e, 0x3e, 0xd0, 0x9d,
  0xd0, 0xbe, 0xd0, 0xbc, 0xd0, 0xb5, 0xd1, 0x80, 0x20, 0xd0, 0xb7, 0xd0, 0xb0,
  0xd0, 0xbf, 0xd0, 0xb8, 0xd1, 0x81, 0xd0, 0xb8, 0x20, 0xd1, 0x84, 0xd0, 0xb5,
  0xd0, 0xb4, 0xd0, 0xb5, 0xd1, 0x80, 0xd0, 0xb0, 0xd0, 0xbb, 0xd1, 0x8c, 0xd0,
  0xbd, 0xd0, 0xbe, 0xd0, 0xb3, 0xd0, 0xbe, 0x20, 0xd1, 0x80, 0xd0, 0xb5, 0xd0,
  0xb3, 0xd0, 0xb8, 0xd1, 0x81, 0xd1, 0x82, 0xd1, 0x80, 0xd0, 0xb0, 0x20, 0xd1,
  0x81, 0xd0, 0xb2, 0xd0, 0xb5, 0xd0, 0xb4, 0xd0, 0xb5, 0xd0, 0xbd, 0xd0, 0xb8,
  0xd0, 0xb9, 0x20, 0xd0, 0xbe, 0x20, 0xd0, 0xbd, 0xd0, 0xb0, 0xd1, 0x81, 0xd0,
  0xb5, 0xd0, 0xbb, 0xd0, 0xb5, 0xd0, 0xbd, 0xd0, 0xb8, 0xd0, 0xb8, 0x3c, 0x2f,
  0x78, 0x73, 0x3a, 0x64, 0x6f, 0x63, 0x75, 0x6d, 0x65, 0x6e, 0x74, 0x61, 0x74,
  0x69, 0x6f, 0x6e, 0x3e, 0x0d, 0x0a, 0x09, 0x09, 0x3c, 0x2f, 0x78, 0x73, 0x3a,
  0x61, 0x6e, 0x6e, 0x6f, 0x74, 0x61, 0x74, 0x69, 0x6f, 0x6e, 0x3e, 0x0d, 0x0a,
  0x09, 0x09, 0x3c, 0x78, 0x73, 0x3a, 0x72, 0x65, 0x73, 0x74, 0x72, 0x69, 0x63,
  0x74, 0x69, 0x6f, 0x6e, 0x20, 0x62, 0x61, 0x73, 0x65, 0x3d, 0x22, 0x78, 0x73,
  0x3a, 0x73, 0x74, 0x72, 0x69, 0x6e, 0x67, 0x22, 0x3e, 0x0d, 0x0a, 0x09, 0x09,
  0x09, 0x3c, 0x78, 0x73, 0x3a, 0x6c, 0x65, 0x6e, 0x67, 0x74, 0x68, 0x20, 0x76,
  0x61, 0x6c, 0x75, 0x65, 0x3d, 0x22, 0x31, 0x32, 0x22, 0x2f, 0x3e, 0x0d, 0x0a,
  0x09, 0x09, 0x09, 0x3c, 0x78, 0x73, 0x3a, 0x70, 0x61, 0x74, 0x74, 0x65, 0x72,
  0x6e, 0x20, 0x76, 0x61, 0x6c, 0x75, 0x65, 0x3d, 0x22, 0x5b, 0x30, 0x2d, 0x39,
  0x5d, 0x7b, 0x31, 0x32, 0x7d, 0x22, 0x2f, 0x3e, 0x0d, 0x0a, 0x09, 0x09, 0x3c,
  0x2f, 0x78, 0x73, 0x3a, 0x72, 0x65, 0x73, 0x74, 0x72, 0x69, 0x63, 0x74, 0x69,
  0x6f, 0x6e, 0x3e, 0x0d, 0x0a, 0x09, 0x3c, 0x2f, 0x78, 0x73, 0x3a, 0x73, 0x69,
  0x6d, 0x70, 0x6c, 0x65, 0x54, 0x79, 0x70, 0x65, 0x3e, 0x0d, 0x0a, 0x09, 0x3c,
  0x78, 0x73, 0x3a, 0x73, 0x69, 0x6d, 0x70, 0x6c, 0x65, 0x54, 0x79, 0x70, 0x65,
  0x20, 0x6e, 0x61, 0x6d, 0x65, 0x3d, 0x22, 0xd0, 0x9e, 0xd0, 0x93, 0xd0, 0xa0,
  0xd0, 0x9d, 0xd0, 0xa2, 0xd0, 0xb8, 0xd0, 0xbf, 0x22, 0x3e, 0x0d, 0x0a, 0x09,
  0x09, 0x3c, 0x78, 0x73, 0x3a, 0x61, 0x6e, 0x6e, 0x6f, 0x74, 0x61, 0x74, 0x69,
  0x6f, 0x6e, 0x3e, 0x0d, 0x0a, 0x09, 0x09, 0x09, 0x3c, 0x78, 0x73, 0x3a, 0x64,
  0x6f, 0x63, 0x75, 0x6d, 0x65, 0x6e, 0x74, 0x61, 0x74, 0x69, 0x6f, 0x6e, 0x3e,
  0xd0, 0x9e, 0xd1, 0x81, 0xd0, 0xbd, 0xd0, 0xbe, 0xd0, 0xb2, 0xd0, 0xbd, 0xd0,
  0xbe, 0xd0, 0xb9, 0x20, 0xd0, 0xb3, 0xd0, 0xbe, 0xd1, 0x81, 0xd1, 0x83, 0xd0,
  0xb4, 0xd0, 0xb0, 0xd1, 0x80, 0xd1, 0x81, 0xd1, 0x82, 0xd0, 0xb2, 0xd0, 0xb5,
  0xd0, 0xbd, 0xd0, 0xbd, 0xd1, 0x8b, 0xd0, 0xb9, 0x20, 0xd1, 0x80, 0xd0, 0xb5,
  0xd0, 0xb3, 0xd0, 0xb8, 0xd1, 0x81, 0xd1, 0x82, 0xd1, 0x80, 0xd0, 0xb0, 0xd1,
  0x86, 0xd0, 0xb8, 0xd0, 0xbe, 0xd0, 0xbd, 0xd0, 0xbd, 0xd1, 0x8b, 0xd0, 0xb9,
  0x20, 0xd0, 0xbd, 0xd0, 0xbe, 0xd0, 0xbc, 0xd0, 0xb5, 0xd1, 0x80, 0x20, 0xd1,
  0x8e, 0xd1, 0x80, 0xd0, 0xb8, 0xd0, 0xb4, 0xd0, 0xb8, 0xd1, 0x87, 0xd0, 0xb5,
  0xd1, 0x81, 0xd0, 0xba, 0xd0, 0xbe, 0xd0, 0xb3, 0xd0, 0xbe, 0x20, 0xd0, 0xbb,
  0xd0, 0xb8, 0xd1, 0x86, 0xd0, 0xb0, 0x20, 0x20, 0x3c, 0x2f, 0x78, 0x73, 0x3a,
  0x64, 0x6f, 0x63, 0x75, 0x6d, 0x65, 0x6e, 0x74, 0x61, 0x74, 0x69, 0x6f, 0x6e,
  0x3e, 0x0d, 0x0a, 0x09, 0x09, 0x3c, 0x2f, 0x78, 0x73, 0x3a, 0x61, 0x6e, 0x6e,
  0x6f, 0x74, 0x61, 0x74, 0x69, 0x6f, 0x6e, 0x3e, 0x0d, 0x0a, 0x09, 0x09, 0x3c,
  0x78, 0x73, 0x3a, 0x72, 0x65, 0x73, 0x74, 0x72, 0x69, 0x63, 0x74, 0x69, 0x6f,
  0x6e, 0x20, 0x62, 0x61, 0x73, 0x65, 0x3d, 0x22, 0x78, 0x73, 0x3a, 0x73, 0x74,
  0x72, 0x69, 0x6e, 0x67, 0x22, 0x3e, 0x0d, 0x0a, 0x09, 0x09, 0x09, 0x3c, 0x78,
  0x73, 0x3a, 0x6c, 0x65, 0x6e, 0x67, 0x74, 0x68, 0x20, 0x76, 0x61, 0x6c, 0x75,
  0x65, 0x3d, 0x22, 0x31, 0x33, 0x22, 0x2f, 0x3e, 0x0d, 0x0a, 0x09, 0x09, 0x09,
  0x3c, 0x78, 0x73, 0x3a, 0x70, 0x61, 0x74, 0x74, 0x65, 0x72, 0x6e, 0x20, 0x76,
  0x61, 0x6c, 0x75, 0x65, 0x3d, 0x22, 0x5b, 0x30, 0x2d, 0x39, 0x5d, 0x7b, 0x31,
  0x33, 0x7d, 0x22, 0x2f, 0x3e, 0x0d, 0x0a, 0x09, 0x09, 0x3c, 0x2f, 0x78, 0x73,
  0x3a, 0x72, 0x65, 0x73, 0x74, 0x72, 0x69, 0x63, 0x74, 0x69, 0x6f, 0x6e, 0x3e,
  0x0d, 0x0a, 0x09, 0x3c, 0x2f, 0x78, 0x73, 0x3a, 0x73, 0x69, 0x6d, 0x70, 0x6c,
  0x65, 0x54, 0x79, 0x70, 0x65, 0x3e, 0x0d, 0x0a, 0x09, 0x3c, 0x78, 0x73, 0x3a,
  0x73, 0x69, 0x6d, 0x70, 0x6c, 0x65, 0x54, 0x79, 0x70, 0x65, 0x20, 0x6e, 0x61,
  0x6d, 0x65, 0x3d, 0x22, 0xd0, 0x9e, 0xd0, 0x93, 0xd0, 0xa0, 0xd0, 0x9d, 0xd0,
  0x98, 0xd0, 0x9f, 0xd0, 0xa2, 0xd0, 0xb8, 0xd0, 0xbf, 0x22, 0x3e, 0x0d, 0x0a,
  0x09, 0x09, 0x3c, 0x78, 0x73, 0x3a, 0x61, 0x6e, 0x6e, 0x6f, 0x74, 0x61, 0x74,
  0x69, 0x6f, 0x6e, 0x3e, 0x0d, 0x0a, 0x09, 0x09, 0x09, 0x3c, 0x78, 0x73, 0x3a,
  0x64, 0x6f, 0x63, 0x75, 0x6d, 0x65, 0x6e, 0x74, 0x61, 0x74, 0x69, 0x6f, 0x6e,
  0x3e, 0xd0, 0x9e, 0xd1, 0x81, 0xd0, 0xbd, 0xd0, 0xbe, 0xd0, 0xb2, 0xd0, 0xbd,
  0xd0, 0xbe, 0xd0, 0xb9, 0x20, 0xd0, 0xb3, 0xd0, 0xbe, 0xd1, 0x81, 0xd1, 0x83,
  0xd0, 0xb4, 0xd0, 0xb0, 0xd1, 0x80, 0xd1, 0x81, 0xd1, 0x82, 0xd0, 0xb2, 0xd0,
  0xb5, 0xd0, 0xbd, 0xd0, 0xbd, 0xd1, 0x8b, 0xd0, 0xb9, 0x20, 0xd1, 0x80, 0xd0,
  0xb5, 0xd0, 0xb3, 0xd0, 0xb8, 0xd1, 0x81, 0xd1, 0x82, 0xd1, 0x80, 0xd0, 0xb0,
  0xd1, 0x86, 0xd0, 0xb8, 0xd0, 0xbe, 0xd0, 0xbd, 0xd0, 0xbd, 0xd1, 0x8b, 0xd0,
  0xb9, 0x20, 0xd0, 0xbd, 0xd0, 0xbe, 0xd0, 0xbc, 0xd0, 0xb5, 0xd1, 0x80, 0x20,
  0xd0, 0xb8, 0xd0, 0xbd, 0xd0, 0xb4, 0xd0, 0xb8, 0xd0, 0xb2, 0xd0, 0xb8, 0xd0,
  0xb4, 0xd1, 0x83, 0xd0, 0xb0, 0xd0, 0xbb, 0xd1, 0x8c, 0xd0, 0xbd, 0xd0, 0xbe,
  0xd0, 0xb3, 0xd0, 0xbe, 0x20, 0xd0, 0xbf, 0xd1, 0x80, 0xd0, 0xb5, 0xd0, 0xb4,
  0xd0, 0xbf, 0xd1, 0x80, 0xd0, 0xb8, 0xd0, 0xbd, 0xd0, 0xb8, 0xd0, 0xbc, 0xd0,
  0xb0, 0xd1, 0x82, 0xd0, 0xb5, 0xd0, 0xbb, 0xd1, 0x8f, 0x3c, 0x2f, 0x78, 0x73,
  0x3a, 0x64, 0x6f, 0x63, 0x75, 0x6d, 0x65, 0x6e, 0x74, 0x61, 0x74, 0x69, 0x6f,
  0x6e, 0x3e, 0x0d, 0x0a, 0x09, 0x09, 0x3c, 0x2f, 0x78, 0x73, 0x3a, 0x61, 0x6e,
  0x6e, 0x6f, 0x74, 0x61, 0x74, 0x69, 0x6f, 0x6e, 0x3e, 0x0d, 0x0a, 0x09, 0x09,
  0x3c, 0x78, 0x73, 0x3a, 0x72, 0x65, 0x73, 0x74, 0x72, 0x69, 0x63, 0x74, 0x69,
  0x6f, 0x6e, 0x20, 0x62, 0x61, 0x73, 0x65, 0x3d, 0x22, 0x78, 0x73, 0x3a, 0x73,
  0x74, 0x72, 0x69, 0x6e, 0x67, 0x22, 0x3e, 0x0d, 0x0a, 0x09, 0x09, 0x09, 0x3c,
  0x78, 0x73, 0x3a, 0x6c, 0x65, 0x6e, 0x67, 0x74, 0x68, 0x20, 0x76, 0x61, 0x6c,
  0x75, 0x65, 0x3d, 0x22, 0x31, 0x35, 0x22, 0x2f, 0x3e, 0x0d, 0x0a, 0x09, 0x09,
  0x09, 0x3c, 0x78, 0x73, 0x3a, 0x70, 0x61, 0x74, 0x74, 0x65, 0x72, 0x6e, 0x20,
  0x76, 0x61, 0x6c, 0x75, 0x65, 0x3d, 0x22, 0x5b, 0x30, 0x2d, 0x39, 0x5d, 0x7b,
  0x31, 0x35, 0x7d, 0x22, 0x2f, 0x3e, 0x0d, 0x0a, 0x09, 0x09, 0x3c, 0x2f, 0x78,
  0x73, 0x3a, 0x72, 0x65, 0x73, 0x74, 0x72, 0x69, 0x63, 0x74, 0x69, 0x6f, 0x6e,
  0x3e, 0x0d, 0x0a, 0x09, 0x3c, 0x2f, 0x78, 0x73, 0x3a, 0x73, 0x69, 0x6d, 0x70,
  0x6c, 0x65, 0x54, 0x79, 0x70, 0x65, 0x3e, 0x0d, 0x0a, 0x09, 0x3c, 0x78, 0x73,
  0x3a, 0x73, 0x69, 0x6d, 0x70, 0x6c, 0x65, 0x54, 0x79, 0x70, 0x65, 0x20, 0x6e,
  0x61, 0x6d, 0x65, 0x3d, 0x22, 0xd0, 0x9e, 0xd0, 0x9a, 0xd0, 0xa1, 0xd0, 0x9c,
  0xd0, 0xa2, 0xd0, 0xb8, 0xd0, 0xbf, 0x22, 0x3e, 0x0d, 0x0a, 0x09, 0x09, 0x3c,
  0x78, 0x73, 0x3a, 0x61, 0x6e, 0x6e, 0x6f, 0x74, 0x61, 0x74, 0x69, 0x6f, 0x6e,
  0x3e, 0x0d, 0x0a, 0x09, 0x09, 0x09, 0x3c, 0x78, 0x73, 0x3a, 0x64, 0x6f, 0x63,
  0x75, 0x6d, 0x65, 0x6e, 0x74, 0x61, 0x74, 0x69, 0x6f, 0x6e, 0x3e, 0xd0, 0x9a,
  0xd0, 0xbe, 0xd0, 0xb4, 0x20, 0xd0, 0xb8, 0xd0, 0xb7, 0x20, 0xd0, 0x9e, 0xd0,
  0xb1, 0xd1, 0x89, 0xd0, 0xb5, 0xd1, 0x80, 0xd0, 0xbe, 0xd1, 0x81, 0xd1, 0x81,
  0xd0, 0xb8, 0xd0, 0xb9, 0xd1, 0x81, 0xd0, 0xba, 0xd0, 0xbe, 0xd0, 0xb3, 0xd0,
  0xbe, 0x20, 0xd0, 0xba, 0xd0, 0xbb, 0xd0, 0xb0, 0xd1, 0x81, 0xd1, 0x81, 0xd0,
  0xb8, 0xd1, 0x84, 0xd0, 0xb8, 0xd0, 0xba, 0xd0, 0xb0, 0xd1, 0x82, 0xd0, 0xbe,
  0xd1, 0x80, 0xd0, 0xb0, 0x20, 0xd1, 0x81, 0xd1, 0x82, 0xd1, 0x80, 0xd0, 0xb0,
  0xd0, 0xbd, 0x20, 0xd0, 0xbc, 0xd0, 0xb8, 0xd1, 0x80, 0xd0, 0xb0, 0x3c, 0x2f,
  0x78, 0x73, 0x3a, 0x64, 0x6f, 0x63, 0x75, 0x6d, 0x65, 0x6e, 0x74, 0x61, 0x74,
  0x69, 0x6f, 0x6e, 0x3e, 0x0d, 0x0a, 0x09, 0x09, 0x3c, 0x2f, 0x78, 0x73, 0x3a,
  0x61, 0x6e, 0x6e, 0x6f, 0x74, 0x61, 0x74, 0x69, 0x6f, 0x6e, 0x3e, 0x0d, 0x0a,
  0x09, 0x09, 0x3c, 0x78, 0x73, 0x3a, 0x72, 0x65, 0x73, 0x74, 0x72, 0x69, 0x63,
  0x74, 0x69, 0x6f, 0x6e, 0x20, 0x62, 0x61, 0x73, 0x65, 0x3d, 0x22, 0x78, 0x73,
  0x3a, 0x73, 0x74, 0x72, 0x69, 0x6e, 0x67, 0x22, 0x3e, 0x0d, 0x0a, 0x09, 0x09,
  0x09, 0x3c, 0x78, 0x73, 0x3a, 0x6c, 0x65, 0x6e, 0x67, 0x74, 0x68, 0x20, 0x76,
  0x61, 0x6c, 0x75, 0x65, 0x3d, 0x22, 0x33, 0x22, 0x2f, 0x3e, 0x0d, 0x0a, 0x09,
  0x09, 0x09, 0x3c, 0x78, 0x73, 0x3a, 0x70, 0x61, 0x74, 0x74, 0x65, 0x72, 0x6e,
  0x20, 0x76, 0x61, 0x6c, 0x75, 0x65, 0x3d, 0x22, 0x5b, 0x30, 0x2d, 0x39, 0x5d,
  0x7b, 0x33, 0x7d, 0x22, 0x2f, 0x3e, 0x0d, 0x0a, 0x09, 0x09, 0x3c, 0x2f, 0x78,
  0x73, 0x3a, 0x72, 0x65, 0x73, 0x74, 0x72, 0x69, 0x63, 0x74, 0x69, 0x6f, 0x6e,
  0x3e, 0x0d, 0x0a, 0x09, 0x3c, 0x2f, 0x78, 0x73, 0x3a, 0x73, 0x69, 0x6d, 0x70,
  0x6c, 0x65, 0x54, 0x79, 0x70, 0x65, 0x3e, 0x0d, 0x0a, 0x09, 0x3c, 0x78, 0x73,
  0x3a, 0x73, 0x69, 0x6d, 0x70, 0x6c, 0x65, 0x54, 0x79, 0x70, 0x65, 0x20, 0x6e,
  0x61, 0x6d, 0x65, 0x3d, 0x22, 0xd0, 0x9e, 0xd0, 0x9a, 0xd0, 0x92, 0xd0, 0xa2,
  0xd0, 0xb8, 0xd0, 0xbf, 0x22, 0x3e, 0x0d, 0x0a, 0x09, 0x09, 0x3c, 0x78, 0x73,
  0x3a, 0x61, 0x6e, 0x6e, 0x6f, 0x74, 0x61, 0x74, 0x69, 0x6f, 0x6e, 0x3e, 0x0d,
  0x0a, 0x09, 0x09, 0x09, 0x3c, 0x78, 0x73, 0x3a, 0x64, 0x6f, 0x63, 0x75, 0x6d,
  0x65, 0x6e, 0x74, 0x61, 0x74, 0x69, 0x6f, 0x6e, 0x3e, 0xd0, 0x9a, 0xd0, 0xbe,
  0xd0, 0xb4, 0x20, 0xd0, 0xb8, 0xd0, 0xb7, 0x20, 0xd0, 0x9e, 0xd0, 0xb1, 0xd1,
  0x89, 0xd0, 0xb5, 0xd1, 0x80, 0xd0, 0xbe, 0xd1, 0x81, 0xd1, 0x81, 0xd0, 0xb8,
  0xd0, 0xb9, 0xd1, 0x81, 0xd0, 0xba, 0xd0, 0xbe, 0xd0, 0xb3, 0xd0, 0xbe, 0x20,
  0xd0, 0xba, 0xd0, 0xbb, 0xd0, 0xb0, 0xd1, 0x81, 0xd1, 0x81, 0xd0, 0xb8, 0xd1,
  0x84, 0xd0, 0xb8, 0xd0, 0xba, 0xd0, 0xb0, 0xd1, 0x82, 0xd0, 0xbe, 0xd1, 0x80,
  0xd0, 0xb0, 0x20, 0xd0, 0xb2, 0xd0, 0xb0, 0xd0, 0xbb, 0xd1, 0x8e, 0xd1, 0x82,
  0x3c, 0x2f, 0x78, 0x73, 0x3a, 0x64, 0x6f, 0x63, 0x75, 0x6d, 0x65, 0x6e, 0x74,
  0x61, 0x74, 0x69, 0x6f, 0x6e, 0x3e, 0x0d, 0x0a, 0x09, 0x09, 0x3c, 0x2f, 0x78,
  0x73, 0x3a, 0x61, 0x6e, 0x6e, 0x6f, 0x74, 0x61, 0x74, 0x69, 0x6f, 0x6e, 0x3e,
  0x0d, 0x0a, 0x09, 0x09, 0x3c, 0x78, 0x73, 0x3a, 0x72, 0x65, 0x73, 0x74, 0x72,
  0x69, 0x63, 0x74, 0x69, 0x6f, 0x6e, 0x20, 0x62, 0x61, 0x73, 0x65, 0x3d, 0x22,
  0x78, 0x73, 0x3a, 0x73, 0x74, 0x72, 0x69, 0x6e, 0x67, 0x22, 0x3e, 0x0d, 0x0a,
  0x09, 0x09, 0x09, 0x3c, 0x78, 0x73, 0x3a, 0x6c, 0x65, 0x6e, 0x67, 0x74, 0x68,
  0x20, 0x76, 0x61, 0x6c, 0x75, 0x65, 0x3d, 0x22, 0x33, 0x22, 0x2f, 0x3e, 0x0d,
  0x0a, 0x09, 0x09, 0x09, 0x3c, 0x78, 0x73, 0x3a, 0x70, 0x61, 0x74, 0x74, 0x65,
  0x72, 0x6e, 0x20, 0x76, 0x61, 0x6c, 0x75, 0x65, 0x3d, 0x22, 0x5b, 0x30, 0x2d,
  0x39, 0x5d, 0x7b, 0x33, 0x7d, 0x22, 0x2f, 0x3e, 0x0d, 0x0a, 0x09, 0x09, 0x3c,
  0x2f, 0x78, 0x73, 0x3a, 0x72, 0x65, 0x73, 0x74, 0x72, 0x69, 0x63, 0x74, 0x69,
  0x6f, 0x6e, 0x3e, 0x0d, 0x0a, 0x09, 0x3c, 0x2f, 0x78, 0x73, 0x3a, 0x73, 0x69,
  0x6d, 0x70, 0x6c, 0x65, 0x54, 0x79, 0x70, 0x65, 0x3e, 0x0d, 0x0a, 0x09, 0x3c,
  0x78, 0x73, 0x3a, 0x73, 0x69, 0x6d, 0x70, 0x6c, 0x65, 0x54, 0x79, 0x70, 0x65,
  0x20, 0x6e, 0x61, 0x6d, 0x65, 0x3d, 0x22, 0xd0, 0xa1, 0xd0, 0x9d, 0xd0, 0x98,
  0xd0, 0x9b, 0xd0, 0xa1, 0xd0, 0xa2, 0xd0, 0xb8, 0xd0, 0xbf, 0x22, 0x3e, 0x0d,
  0x0a, 0x09, 0x09, 0x3c, 0x78, 0x73, 0x3a, 0x61, 0x6e, 0x6e, 0x6f, 0x74, 0x61,
  0x74, 0x69, 0x6f, 0x6e, 0x3e, 0x0d, 0x0a, 0x09, 0x09, 0x09, 0x3c, 0x78, 0x73,
  0x3a, 0x64, 0x6f, 0x63, 0x75, 0x6d, 0x65, 0x6e, 0x74, 0x61, 0x74, 0x69, 0x6f,
  0x6e, 0x3e, 0xd0, 0xa1, 0xd1, 0x82, 0xd1, 0x80, 0xd0, 0xb0, 0xd1, 0x85, 0xd0,
  0xbe, 0xd0, 0xb2, 0xd0, 0xbe, 0xd0, 0xb9, 0x20, 0xd0, 0xbd, 0xd0, 0xbe, 0xd0,
  0xbc, 0xd0, 0xb5, 0xd1, 0x80, 0x20, 0xd0, 0xb8, 0xd0, 0xbd, 0xd0, 0xb4, 0xd0,
  0xb8, 0xd0, 0xb2, 0xd0, 0xb8, 0xd0, 0xb4, 0xd1, 0x83, 0xd0, 0xb0, 0xd0, 0xbb,
  0xd1, 0x8c, 0xd0, 0xbd, 0xd0, 0xbe, 0xd0, 0xb3, 0xd0, 0xbe, 0x20, 0xd0, 0xbb,
  0xd0, 0xb8, 0xd1, 0x86, 0xd0, 0xb5, 0xd0, 0xb2, 0xd0, 0xbe, 0xd0, 0xb3, 0xd0,
  0xbe, 0x20, 0xd1, 0x81, 0xd1, 0x87, 0xd0, 0xb5, 0xd1, 0x82, 0xd0, 0xb0, 0x3c,
  0x2f, 0x78, 0x73, 0x3a, 0x64, 0x6f, 0x63, 0x75, 0x6d, 0x65, 0x6e, 0x74, 0x61,
  0x74, 0x69, 0x6f, 0x6e, 0x3e, 0x0d, 0x0a, 0x09, 0x09, 0x3c, 0x2f, 0x78, 0x73,
  0x3a, 0x61, 0x6e, 0x6e, 0x6f, 0x74, 0x61, 0x74, 0x69, 0x6f, 0x6e, 0x3e, 0x0d,
  0x0a, 0x09, 0x09, 0x3c, 0x78, 0x73, 0x3a, 0x72, 0x65, 0x73, 0x74, 0x72, 0x69,
  0x63, 0x74, 0x69, 0x6f, 0x6e, 0x20, 0x62, 0x61, 0x73, 0x65, 0x3d, 0x22, 0x78,
  0x73, 0x3a, 0x73, 0x74, 0x72, 0x69, 0x6e, 0x67, 0x22, 0x3e, 0x0d, 0x0a, 0x09,
  0x09, 0x09, 0x3c, 0x78, 0x73, 0x3a, 0x6c, 0x65, 0x6e, 0x67, 0x74, 0x68, 0x20,
  0x76, 0x61, 0x6c, 0x75, 0x65, 0x3d, 0x22, 0x31, 0x34, 0x22, 0x2f, 0x3e, 0x0d,
  0x0a, 0x09, 0x09, 0x09, 0x3c, 0x78, 0x73, 0x3a, 0x70, 0x61, 0x74, 0x74, 0x65,
  0x72, 0x6e, 0x20, 0x76, 0x61, 0x6c, 0x75, 0x65, 0x3d, 0x22, 0x5b, 0x30, 0x2d,
  0x39, 0x5d, 0x7b, 0x33, 0x7d, 0x5c, 0x2d, 0x5b, 0x30, 0x2d, 0x39, 0x5d, 0x7b,
  0x33, 0x7d, 0x5c, 0x2d, 0x5b, 0x30, 0x2d, 0x39, 0x5d, 0x7b, 0x33, 0x7d, 0x5c,
  0x2d, 0x5b, 0x30, 0x2d, 0x39, 0x5d, 0x7b, 0x32, 0x7d, 0x22, 0x2f, 0x3e, 0x0d,
  0x0a, 0x09, 0x09, 0x09, 0x3c, 0x78, 0x73, 0x3a, 0x70, 0x61, 0x74, 0x74, 0x65,
  0x72, 0x6e, 0x20, 0x76, 0x61, 0x6c, 0x75, 0x65, 0x3d, 0x22, 0x5b, 0x30, 0x2d,
  0x39, 0x5d, 0x7b, 0x33, 0x7d, 0x5c, 0x2d, 0x5b, 0x30, 0x2d, 0x39, 0x5d, 0x7b,
  0x33, 0x7d, 0x5c, 0x2d, 0x5b, 0x30, 0x2d, 0x39, 0x5d, 0x7b, 0x33, 0x7d, 0x20,
  0x5b, 0x30, 0x2d, 0x39, 0x5d, 0x7b, 0x32, 0x7d, 0x22, 0x2f, 0x3e, 0x0d, 0x0a,
  0x09, 0x09, 0x3c, 0x2f, 0x78, 0x73, 0x3a, 0x72, 0x65, 0x73, 0x74, 0x72, 0x69,
  0x63, 0x74, 0x69, 0x6f, 0x6e, 0x3e, 0x0d, 0x0a, 0x09, 0x3c, 0x2f, 0x78, 0x73,
  0x3a, 0x73, 0x69, 0x6d, 0x70, 0x6c, 0x65, 0x54, 0x79, 0x70, 0x65, 0x3e, 0x0d,
  0x0a, 0x09, 0x3c, 0x78, 0x73, 0x3a, 0x73, 0x69, 0x6d, 0x70, 0x6c, 0x65, 0x54,
  0x79, 0x70, 0x65, 0x20, 0x6e, 0x61, 0x6d, 0x65, 0x3d, 0x22, 0x43, 0x43, 0xd0,
  0xa0, 0xd0, 0xa4, 0xd0, 0xa2, 0xd0, 0xb8, 0xd0, 0xbf, 0x22, 0x3e, 0x0d, 0x0a,
  0x09, 0x09, 0x3c, 0x78, 0x73, 0x3a, 0x61, 0x6e, 0x6e, 0x6f, 0x74, 0x61, 0x74,
  0x69, 0x6f, 0x6e, 0x3e, 0x0d, 0x0a, 0x09, 0x09, 0x09, 0x3c, 0x78, 0x73, 0x3a,
  0x64, 0x6f, 0x63, 0x75, 0x6d, 0x65, 0x6e, 0x74, 0x61, 0x74, 0x69, 0x6f, 0x6e,
  0x3e, 0xd0, 0x9a, 0xd0, 0xbe, 0xd0, 0xb4, 0x20, 0xd0, 0xb8, 0xd0, 0xb7, 0x20,
  0xd0, 0xa1, 0xd0, 0xbf, 0xd1, 0x80, 0xd0, 0xb0, 0xd0, 0xb2, 0xd0, 0xbe, 0xd1,
  0x87, 0xd0, 0xbd, 0xd0, 0xb8, 0xd0, 0xba, 0xd0, 0xb0, 0x20, 0xd1, 0x81, 0xd1,
  0x83, 0xd0, 0xb1, 0xd1, 0x8a, 0xd0, 0xb5, 0xd0, 0xba, 0xd1, 0x82, 0xd0, 0xb0,
  0x20, 0xd0, 0xa0, 0xd0, 0xbe, 0xd1, 0x81, 0xd1, 0x81, 0xd0, 0xb8, 0xd0, 0xb9,
  0xd1, 0x81, 0xd0, 0xba, 0xd0, 0xbe, 0xd0, 0xb9, 0x20, 0xd0, 0xa4, 0xd0, 0xb5,
  0xd0, 0xb4, 0xd0, 0xb5, 0xd1, 0x80, 0xd0, 0xb0, 0xd1, 0x86, 0xd0, 0xb8, 0xd0,
  0xb8, 0x20, 0x3c, 0x2f, 0x78, 0x73, 0x3a, 0x64, 0x6f, 0x63, 0x75, 0x6d, 0x65,
  0x6e, 0x74, 0x61, 0x74, 0x69, 0x6f, 0x6e, 0x3e, 0x0d, 0x0a, 0x09, 0x09, 0x3c,
  0x2f, 0x78, 0x73, 0x3a, 0x61, 0x6e, 0x6e, 0x6f, 0x74, 0x61, 0x74, 0x69, 0x6f,
  0x6e, 0x3e, 0x0d, 0x0a, 0x09, 0x09, 0x3c, 0x78, 0x73, 0x3a, 0x72, 0x65, 0x73,
  0x74, 0x72, 0x69, 0x63, 0x74, 0x69, 0x6f, 0x6e, 0x20, 0x62, 0x61, 0x73, 0x65,
  0x3d, 0x22, 0x78, 0x73, 0x3a, 0x73, 0x74, 0x72, 0x69, 0x6e, 0x67, 0x22, 0x3e,
  0x0d, 0x0a, 0x09, 0x09, 0x09, 0x3c, 0x78, 0x73, 0x3a, 0x6c, 0x65, 0x6e, 0x67,
  0x74, 0x68, 0x20, 0x76, 0x61, 0x6c, 0x75, 0x65, 0x3d, 0x22, 0x32, 0x22, 0x2f,
  0x3e, 0x0d, 0x0a, 0x09, 0x09, 0x09, 0x3c, 0x78, 0x73, 0x3a, 0x70, 0x61, 0x74,
  0x74, 0x65, 0x72, 0x6e, 0x20, 0x76, 0x61, 0x6c, 0x75, 0x65, 0x3d, 0x22, 0x5b,
  0x30, 0x2d, 0x39, 0x5d, 0x7b, 0x32, 0x7d, 0x22, 0x2f, 0x3e, 0x0d, 0x0a, 0x09,
  0x09, 0x3c, 0x2f, 0x78, 0x73, 0x3a, 0x72, 0x65, 0x73, 0x74, 0x72, 0x69, 0x63,
  0x74, 0x69, 0x6f, 0x6e, 0x3e, 0x0d, 0x0a, 0x09, 0x3c, 0x2f, 0x78, 0x73, 0x3a,
  0x73, 0x69, 0x6d, 0x70, 0x6c, 0x65, 0x54, 0x79, 0x70, 0x65, 0x3e, 0x0d, 0x0a,
  0x09, 0x3c, 0x78, 0x73, 0x3a, 0x73, 0x69, 0x6d, 0x70, 0x6c, 0x65, 0x54, 0x79,
  0x70, 0x65, 0x20, 0x6e, 0x61, 0x6d, 0x65, 0x3d, 0x22, 0xd0, 0xa1, 0xd0, 0x9f,
  0xd0, 0x94, 0xd0, 0xa3, 0xd0, 0x9b, 0xd0, 0xa2, 0xd0, 0xb8, 0xd0, 0xbf, 0x22,
  0x3e, 0x0d, 0x0a, 0x09, 0x09, 0x3c, 0x78, 0x73, 0x3a, 0x61, 0x6e, 0x6e, 0x6f,
  0x74, 0x61, 0x74, 0x69, 0x6f, 0x6e, 0x3e, 0x0d, 0x0a, 0x09, 0x09, 0x09, 0x3c,
  0x78, 0x73, 0x3a, 0x64, 0x6f, 0x63, 0x75, 0x6d, 0x65, 0x6e, 0x74, 0x61, 0x74,
  0x69, 0x6f, 0x6e, 0x3e, 0xd0, 0x9a, 0xd0, 0xbe, 0xd0, 0xb4, 0xd1, 0x8b, 0x20,
  0xd0, 0xa1, 0xd0, 0xbf, 0xd1, 0x80, 0xd0, 0xb0, 0xd0, 0xb2, 0xd0, 0xbe, 0xd1,
  0x87, 0xd0, 0xbd, 0xd0, 0xb8, 0xd0, 0xba, 0xd0, 0xb0, 0x20, 0xd0, 0xb2, 0xd0,
  0xb8, 0xd0, 0xb4, 0xd0, 0xbe, 0xd0, 0xb2, 0x20, 0xd0, 0xb4, 0xd0, 0xbe, 0xd0,
  0xba, 0xd1, 0x83, 0xd0, 0xbc, 0xd0, 0xb5, 0xd0, 0xbd, 0xd1, 0x82, 0xd0, 0xbe,
  0xd0, 0xb2, 0x2c, 0x20, 0xd1, 0x83, 0xd0, 0xb4, 0xd0, 0xbe, 0xd1, 0x81, 0xd1,
  0x82, 0xd0, 0xbe, 0xd0, 0xb2, 0xd0, 0xb5, 0xd1, 0x80, 0xd1, 0x8f, 0xd1, 0x8e,
  0xd1, 0x89, 0xd0, 0xb8, 0xd1, 0x85, 0x20, 0xd0, 0xbb, 0xd0, 0xb8, 0xd1, 0x87,
  0xd0, 0xbd, 0xd0, 0xbe, 0xd1, 0x81, 0xd1, 0x82, 0xd1, 0x8c, 0x20, 0xd0, 0xbd,
  0xd0, 0xb0, 0xd0, 0xbb, 0xd0, 0xbe, 0xd0, 0xb3, 0xd0, 0xbe, 0xd0, 0xbf, 0xd0,
  0xbb, 0xd0, 0xb0, 0xd1, 0x82, 0xd0, 0xb5, 0xd0, 0xbb, 0xd1, 0x8c, 0xd1, 0x89,
  0xd0, 0xb8, 0xd0, 0xba, 0xd0, 0xb0, 0x3c, 0x2f, 0x78, 0x73, 0x3a, 0x64, 0x6f,
  0x63, 0x75, 0x6d, 0x65, 0x6e, 0x74, 0x61, 0x74, 0x69, 0x6f, 0x6e, 0x3e, 0x0d,
  0x0a, 0x09, 0x09, 0x3c, 0x2f, 0x78, 0x73, 0x3a, 0x61, 0x6e, 0x6e, 0x6f, 0x74,
  0x61, 0x74, 0x69, 0x6f, 0x6e, 0x3e, 0x0d, 0x0a, 0x09, 0x09, 0x3c, 0x78, 0x73,
  0x3a, 0x72, 0x65, 0x73, 0x74, 0x72, 0x69, 0x63, 0x74, 0x69, 0x6f, 0x6e, 0x20,
  0x62, 0x61, 0x73, 0x65, 0x3d, 0x22, 0x78, 0x73, 0x3a, 0x73, 0x74, 0x72, 0x69,
  0x6e, 0x67, 0x22, 0x3e, 0x0d, 0x0a, 0x09, 0x09, 0x09, 0x3c, 0x78, 0x73, 0x3a,
  0x6c, 0x65, 0x6e, 0x67, 0x74, 0x68, 0x20, 0x76, 0x61, 0x6c, 0x75, 0x65, 0x3d,
  0x22, 0x32, 0x22, 0x2f, 0x3e, 0x0d, 0x0a, 0x09, 0x09, 0x09, 0x3c, 0x78, 0x73,
  0x3a, 0x70, 0x61, 0x74, 0x74, 0x65, 0x72, 0x6e, 0x20, 0x76, 0x61, 0x6c, 0x75,
  0x65, 0x3d, 0x22, 0x5b, 0x30, 0x2d, 0x39, 0x5d, 0x7b, 0x32, 0x7d, 0x22, 0x2f,
  0x3e, 0x0d, 0x0a, 0x09, 0x09, 0x3c, 0x2f, 0x78, 0x73, 0x3a, 0x72, 0x65, 0x73,
  0x74, 0x72, 0x69, 0x63, 0x74, 0x69, 0x6f, 0x6e, 0x3e, 0x0d, 0x0a, 0x09, 0x3c,
  0x2f, 0x78, 0x73, 0x3a, 0x73, 0x69, 0x6d, 0x70, 0x6c, 0x65, 0x54, 0x79, 0x70,
  0x65, 0x3e, 0x0d, 0x0a, 0x09, 0x3c, 0x78, 0x73, 0x3a, 0x73, 0x69, 0x6d, 0x70,
  0x6c, 0x65, 0x54, 0x79, 0x70, 0x65, 0x20, 0x6e, 0x61, 0x6d, 0x65, 0x3d, 0x22,
  0xd0, 0xa1, 0xd0, 0x9f, 0xd0, 0x94, 0xd0, 0xa3, 0xd0, 0x9b, 0xd0, 0xa8, 0xd0,
  0xa2, 0xd0, 0xb8, 0xd0, 0xbf, 0x22, 0x3e, 0x0d, 0x0a, 0x09, 0x09, 0x3c, 0x78,
  0x73, 0x3a, 0x61, 0x6e, 0x6e, 0x6f, 0x74, 0x61, 0x74, 0x69, 0x6f, 0x6e, 0x3e,
  0x0d, 0x0a, 0x09, 0x09, 0x09, 0x3c, 0x78, 0x73, 0x3a, 0x64, 0x6f, 0x63, 0x75,
  0x6d, 0x65, 0x6e, 0x74, 0x61, 0x74, 0x69, 0x6f, 0x6e, 0x3e, 0xd0, 0xa8, 0xd0,
  0xb0, 0xd0, 0xb1, 0xd0, 0xbb, 0xd0, 0xbe, 0xd0, 0xbd, 0x20, 0xd1, 0x81, 0xd0,
  0xb5, 0xd1, 0x80, 0xd0, 0xb8, 0xd0, 0xb8, 0x2c, 0x20, 0xd0, 0xbd, 0xd0, 0xbe,
  0xd0, 0xbc, 0xd0, 0xb5, 0xd1, 0x80, 0xd0, 0xb0, 0x20, 0xd0, 0xb8, 0xd0, 0xb7,
  0x20, 0xd0, 0xa1, 0xd0, 0xbf, 0xd1, 0x80, 0xd0, 0xb0, 0xd0, 0xb2, 0xd0, 0xbe,
  0xd1, 0x87, 0xd0, 0xbd, 0xd0, 0xb8, 0xd0, 0xba, 0xd0, 0xb0, 0x20, 0xd0, 0xb2,
  0xd0, 0xb8, 0xd0, 0xb4, 0xd0, 0xbe, 0xd0, 0xb2, 0x20, 0xd0, 0xb4, 0xd0, 0xbe,
  0xd0, 0xba, 0xd1, 0x83, 0xd0, 0xbc, 0xd0, 0xb5, 0xd0, 0xbd, 0xd1, 0x82, 0xd0,
  0xbe, 0xd0, 0xb2, 0x2c, 0x20, 0xd1, 0x83, 0xd0, 0xb4, 0xd0, 0xbe, 0xd1, 0x81,
  0xd1, 0x82, 0xd0, 0xbe, 0xd0, 0xb2, 0xd0, 0xb5, 0xd1, 0x80, 0xd1, 0x8f, 0xd1,
  0x8e, 0xd1, 0x89, 0xd0, 0xb8, 0xd1, 0x85, 0x20, 0xd0, 0xbb, 0xd0, 0xb8, 0xd1,
  0x87, 0xd0, 0xbd, 0xd0, 0xbe, 0xd1, 0x81, 0xd1, 0x82, 0xd1, 0x8c, 0x20, 0xd0,
  0xbd, 0xd0, 0xb0, 0xd0, 0xbb, 0xd0, 0xbe, 0xd0, 0xb3, 0xd0, 0xbe, 0xd0, 0xbf,
  0xd0, 0xbb, 0xd0, 0xb0, 0xd1, 0x82, 0xd0, 0xb5, 0xd0, 0xbb, 0xd1, 0x8c, 0xd1,
  0x89, 0xd0, 0xb8, 0xd0, 0xba, 0xd0, 0xb0, 0x3c, 0x2f, 0x78, 0x73, 0x3a, 0x64,
  0x6f, 0x63, 0x75, 0x6d, 0x65, 0x6e, 0x74, 0x61, 0x74, 0x69, 0x6f, 0x6e, 0x3e,
  0x0d, 0x0a, 0x09, 0x09, 0x3c, 0x2f, 0x78, 0x73, 0x3a, 0x61, 0x6e, 0x6e, 0x6f,
  0x74, 0x61, 0x74, 0x69, 0x6f, 0x6e, 0x3e, 0x0d, 0x0a, 0x09, 0x09, 0x3c, 0x78,
  0x73, 0x3a, 0x72, 0x65, 0x73, 0x74, 0x72, 0x69, 0x63, 0x74, 0x69, 0x6f, 0x6e,
  0x20, 0x62, 0x61, 0x73, 0x65, 0x3d, 0x22, 0x78, 0x73, 0x3a, 0x73, 0x74, 0x72,
  0x69, 0x6e, 0x67, 0x22, 0x3e, 0x0d, 0x0a, 0x09, 0x09, 0x09, 0x3c, 0x78, 0x73,
  0x3a, 0x6d, 0x69, 0x6e, 0x4c, 0x65, 0x6e, 0x67, 0x74, 0x68, 0x20, 0x76, 0x61,
  0x6c, 0x75, 0x65, 0x3d, 0x22, 0x31, 0x22, 0x2f, 0x3e, 0x0d, 0x0a, 0x09, 0x09,
  0x09, 0x3c, 0x78, 0x73, 0x3a, 0x6d, 0x61, 0x78, 0x4c, 0x65, 0x6e, 0x67, 0x74,
  0x68, 0x20, 0x76, 0x61, 0x6c, 0x75, 0x65, 0x3d, 0x22, 0x32, 0x35, 0x22, 0x2f,
  0x3e, 0x0d, 0x0a, 0x09, 0x09, 0x3c, 0x2f, 0x78, 0x73, 0x3a, 0x72, 0x65, 0x73,
  0x74, 0x72, 0x69, 0x63, 0x74, 0x69, 0x6f, 0x6e, 0x3e, 0x0d, 0x0a, 0x09, 0x3c,
  0x2f, 0x78, 0x73, 0x3a, 0x73, 0x69, 0x6d, 0x70, 0x6c, 0x65, 0x54, 0x79, 0x70,
  0x65, 0x3e, 0x0d, 0x0a, 0x3c, 0x2f, 0x78, 0x73, 0x3a, 0x73, 0x63, 0x68, 0x65,
  0x6d, 0x61, 0x3e, 0x0d, 0x0a};

}  // namespace mrpa